Voltage,Current,Vibration,Temperature,Humidity,Mic1,Mic2,label
2.2275,-0.0405405405405396,1.0,28.0,69.0,0.0009368066093884,0.0112066566944122,normal
2.12975,-0.1148648648648636,1.0,28.0,70.0,,0.0119914216920733,normal
2.30925,-0.1297297297297298,1.0,28.0,70.0,0.0118690337985754,0.0153017416596412,normal
1.865125,-0.1439189189189195,1.0,29.0,71.0,0.0148357022553682,0.0091635910794138,normal
0.9945,-0.1195945945945943,1.0,29.0,71.0,0.0090623712167143,0.0129226576536893,normal
2.02725,-0.08581081081081,1.0,29.0,71.0,0.0128147257491946,0.0104633010923862,normal
0.913875,-0.0831081081081088,1.0,29.0,71.0,0.0102757737040519,0.0158033091574907,normal
1.0205,-0.1101351351351353,1.0,29.0,71.0,0.0154939126223325,0.0095070349052548,normal
1.636125,0.0074324324324319,1.0,29.0,71.0,0.0092273810878396,0.0140639320015907,normal
0.912875,-0.1209459459459449,1.0,29.0,71.0,0.0138483578339219,0.0121743204072117,normal
1.4825,-0.1141891891891895,1.0,29.0,71.0,0.0121731022372841,0.0129839768633246,normal
2.1055,-0.124324324324325,1.0,29.0,71.0,0.0127318501472473,0.0111149242147803,normal
2.154375,-0.1290540540540533,1.0,29.0,71.0,0.0112030925229191,0.0149935279041528,normal
2.2065,-0.1756756756756743,1.0,29.0,71.0,0.0146654397249221,0.0105664590373635,normal
0.94775,-0.1486486486486478,1.0,29.0,71.0,0.0103364214301109,0.0130198160186409,normal
1.811875,-0.1054054054054046,1.0,29.0,71.0,0.0125727988779544,0.0102847283706069,normal
1.14925,-0.1081081081081082,1.0,29.0,71.0,0.0102644590660929,0.0160815045237541,normal
2.239375,-0.1263513513513521,1.0,29.0,71.0,0.0158839225769042,0.0096022486686706,normal
2.22775,-0.143243243243243,1.0,29.0,71.0,0.0098198093473911,0.0141427731141448,normal
0.940125,-0.1358108108108111,1.0,29.0,71.0,0.0138664888218045,0.0120281474664807,normal
1.949375,-0.1466216216216208,1.0,29.0,71.0,0.0119944112375378,0.014059254899621,normal
1.52575,-0.1155405405405401,1.0,29.0,71.0,0.0136802829802036,0.0107975136488676,normal
1.238125,-0.1439189189189195,1.0,29.0,71.0,0.0108085237443447,0.0128833800554275,normal
2.2975,-0.0918918918918913,1.0,29.0,71.0,0.0126205822452902,0.0119703086093068,normal
1.693625,-0.1304054054054039,1.0,29.0,71.0,0.0116309272125363,0.0114610530436038,normal
2.292125,-0.1209459459459449,1.0,29.0,71.0,0.0112766325473785,0.0105410274118185,normal
0.9415,-0.113513513513513,1.0,29.0,71.0,0.0108184469863772,0.0115771442651748,normal
2.230625,-0.1371621621621617,1.0,29.0,71.0,0.0116448085755109,0.0122211277484893,normal
2.075875,-0.1412162162162159,1.0,29.0,71.0,0.0122250095009803,0.0111303627490997,normal
1.10275,-0.150675675675675,1.0,29.0,71.0,0.0108683891594409,0.011101983487606,normal
0.910625,-0.1209459459459449,1.0,29.0,71.0,0.0112006571143865,0.0100040845572948,normal
2.1405,-0.1864864864864863,1.0,29.0,71.0,0.0099502531811594,0.0158110056072473,normal
1.302,-0.1344594594594581,1.0,29.0,70.0,0.0161928068846464,0.0138226775452494,normal
1.65975,-0.133783783783784,1.0,29.0,71.0,0.0134325232356786,0.0130075607448816,normal
0.9265,-0.1344594594594581,1.0,29.0,71.0,0.0133563950657844,0.0112429875880479,normal
1.150625,-0.0972972972972961,1.0,29.0,71.0,0.0111991139128804,0.0100795412436127,normal
1.706,-0.1168918918918907,1.0,29.0,71.0,0.0105637945234775,0.0099685909226536,normal
2.234,-0.1162162162162166,1.0,29.0,71.0,0.0099602043628692,0.0144712906330823,normal
1.67025,-0.1249999999999991,1.0,29.0,71.0,0.0139930080622434,0.0101078366860747,normal
1.651625,0.0439189189189197,1.0,29.0,71.0,0.0099088503047823,0.0119726341217756,normal
2.229875,-0.1405405405405394,1.0,29.0,71.0,0.0120970364660024,0.0108452271670103,normal
1.7055,-0.1479729729729738,1.0,29.0,71.0,0.0107192611321806,0.016338724642992,normal
0.94775,-0.1155405405405401,1.0,29.0,71.0,0.0158310867846012,0.0105835311114788,normal
1.64975,-0.1283783783783792,1.0,29.0,71.0,0.0110149914398789,0.0108650187030434,normal
1.8485,-0.1479729729729738,1.0,29.0,71.0,0.0110224783420562,0.0103026442229747,normal
1.228375,-0.1101351351351353,1.0,29.0,71.0,0.010941824875772,0.0114316912367939,normal
2.245875,0.057432432432433,1.0,29.0,71.0,0.0114272208884358,0.0115616777911782,normal
1.329375,-0.1398648648648653,1.0,29.0,71.0,0.011405567638576,0.0108371376991271,normal
1.11075,-0.1364864864864852,1.0,29.0,71.0,0.0103622060269117,0.0130315870046615,normal
1.964875,-0.122972972972972,1.0,29.0,71.0,0.0127425557002425,0.0105972532182931,normal
0.967375,-0.0777027027027016,1.0,29.0,71.0,0.0105380378663539,0.0123713761568069,normal
2.180125,-0.1216216216216214,1.0,29.0,70.0,0.0122581981122493,0.0146654676645994,normal
0.922625,-0.1277027027027027,1.0,29.0,70.0,0.0141276037320494,0.0115728536620736,normal
1.4805,-0.1297297297297298,1.0,29.0,70.0,0.0114573510363698,0.0110537642613053,normal
0.950375,-0.1141891891891895,1.0,29.0,71.0,0.0108493585139513,0.0104660969227552,normal
1.268,-0.0824324324324323,1.0,29.0,71.0,0.0111875087022781,0.0118316300213336,normal
0.917625,-0.1108108108108094,1.0,29.0,71.0,0.0119648072868585,0.0119372587651014,normal
1.968625,-0.0804054054054052,1.0,29.0,71.0,0.0119473757222294,0.0102734621614217,normal
1.28,-0.1121621621621624,1.0,29.0,71.0,0.0100272456184029,0.0132975541055202,normal
2.224875,-0.1412162162162159,1.0,29.0,70.0,0.0131979249417781,0.0116292526945471,normal
1.2265,-0.1249999999999991,1.0,29.0,70.0,0.0113289626315236,0.0099685080349445,normal
1.09275,-0.1425675675675665,1.0,29.0,70.0,0.0099040754139423,0.0160546135157346,normal
1.962375,-0.1222972972972979,1.0,29.0,70.0,0.0152188604697585,0.0114268949255347,normal
2.3075,-0.1155405405405401,1.0,29.0,70.0,0.0117143830284476,0.0114734740927815,normal
1.158875,-0.0020270270270271,1.0,28.0,68.0,0.000794100575149,0.0099181095138192,normal
2.308875,-0.1067567567567576,1.0,28.0,69.0,,0.0083877248689532,normal
1.13625,-0.0432432432432432,1.0,28.0,69.0,0.0083664385601878,0.0084536531940102,normal
1.30475,-0.1439189189189195,1.0,28.0,70.0,0.008494765497744,0.0077230231836438,normal
2.304125,-0.1317567567567569,1.0,28.0,70.0,0.0079267369583249,0.0083595532923936,normal
1.265,-0.0925675675675678,1.0,28.0,70.0,0.0086308000609278,0.0077777612023055,normal
2.308875,-0.1236486486486485,1.0,28.0,70.0,0.0076159904710948,0.0084976367652416,normal
1.1575,-0.1141891891891895,1.0,28.0,70.0,0.0087710982188582,0.0100703304633498,normal
2.161125,-0.1486486486486478,1.0,28.0,70.0,0.0100499298423528,0.0078012687154114,normal
1.867875,-0.0905405405405407,1.0,28.0,70.0,0.0080916285514831,0.0106700873002409,normal
1.621625,-0.1249999999999991,1.0,29.0,70.0,0.0108012845739722,0.0078810853883624,normal
2.2925,-0.0722972972972968,1.0,29.0,70.0,0.0079219061881303,0.0110572455450892,normal
1.08625,-0.1033783783783775,1.0,29.0,70.0,0.010925549082458,0.0086735459044575,normal
2.267375,-0.0878378378378371,1.0,29.0,70.0,0.0088578825816512,0.01073526032269,normal
1.22875,-0.1202702702702708,1.0,29.0,70.0,0.0105257406830787,0.0103777134791016,normal
1.500125,-0.1391891891891888,1.0,29.0,70.0,0.0101905670017004,0.0087018208578228,normal
2.09575,-0.1452702702702701,1.0,29.0,70.0,0.0088521186262369,0.0108702993020415,normal
1.159375,-0.1439189189189195,1.0,29.0,70.0,0.0107439663261175,0.0076049114577472,normal
2.24175,-0.1121621621621624,1.0,29.0,70.0,0.0077014118432998,0.0092953499406576,normal
1.654625,-0.1439189189189195,1.0,29.0,70.0,0.0095143150538206,0.0076898345723748,normal
0.93025,-0.1263513513513521,1.0,29.0,70.0,0.007918425835669,0.0085603883489966,normal
2.13925,-0.1263513513513521,1.0,29.0,70.0,0.0088139055296778,0.008035154081881,normal
1.403125,-0.1918918918918911,1.0,29.0,70.0,0.0080398106947541,0.0084988893941044,normal
1.319875,-0.1216216216216214,1.0,29.0,70.0,0.0084541784599423,0.0090343309566378,normal
1.03375,-0.1297297297297298,1.0,29.0,70.0,0.009111282415688,0.0082485759630799,normal
2.3035,-0.1175675675675672,1.0,29.0,69.0,0.0083823762834072,0.0078370943665504,normal
2.265125,-0.1391891891891888,1.0,29.0,69.0,0.0077811242081224,0.0077519700862467,normal
1.463375,-0.1959459459459453,1.0,29.0,69.0,0.0077475067228078,0.007769969291985,normal
1.954875,-0.1236486486486485,1.0,29.0,70.0,0.0078088114969432,0.0101997079327702,normal
0.936625,-0.1425675675675665,1.0,29.0,69.0,0.0100620537996292,0.0073165926150977,normal
2.045625,-0.0898648648648642,1.0,29.0,69.0,0.0074305390007793,0.010454824194312,normal
1.73325,-0.1310810810810804,1.0,29.0,69.0,0.0102934204041957,0.0076585970818996,normal
0.932125,-0.0932432432432419,1.0,29.0,69.0,0.0076804645359516,0.0098449988290667,normal
1.035625,-0.0824324324324323,1.0,29.0,69.0,0.0098885605111718,0.0079577667638659,normal
2.272625,0.057432432432433,1.0,29.0,69.0,0.0082850866019725,0.0099244061857461,normal
1.709625,-0.1351351351351346,1.0,29.0,69.0,0.0095877787098288,0.0096037639304995,normal
1.847,-0.1222972972972979,1.0,29.0,69.0,0.0093022491782903,0.0090538458898663,normal
1.95575,-0.1297297297297298,1.0,29.0,69.0,0.0092391176149249,0.0107165072113275,normal
1.432,-0.1074324324324317,1.0,29.0,69.0,0.0103963697329163,0.0084579708054661,normal
1.517625,-0.1189189189189178,1.0,29.0,69.0,0.00830905046314,0.0094321873039007,normal
2.17325,-0.1364864864864852,1.0,29.0,69.0,0.0093554090708494,0.0090941209346055,normal
1.0035,-0.0702702702702697,1.0,29.0,69.0,0.0089526809751987,0.009196980856359,normal
2.043125,-0.1486486486486478,1.0,29.0,69.0,0.0089531308040022,0.0078517505899071,normal
1.054625,-0.1195945945945943,1.0,29.0,69.0,0.0076840491965413,0.0081055797636508,normal
2.267625,-0.1081081081081082,1.0,29.0,69.0,0.0081469612196087,0.0075745321810245,normal
1.5685,-0.1209459459459449,1.0,29.0,69.0,0.0077851866371929,0.009813311509788,normal
2.10675,-0.1817567567567556,1.0,29.0,69.0,0.0095390817150473,0.0088686505332589,normal
2.191375,-0.1310810810810804,1.0,29.0,69.0,0.0090538803488016,0.0090198824182152,normal
0.9915,-0.1459459459459466,1.0,29.0,69.0,0.0087187271565198,0.0078717702999711,normal
2.09575,-0.1290540540540533,1.0,29.0,69.0,0.0079844919964671,0.0086277555674314,normal
2.288875,-0.1540540540540527,1.0,29.0,69.0,0.0086264470592141,0.00785936973989,normal
1.450875,-0.1493243243243243,1.0,29.0,69.0,0.007673233281821,0.0092916404828429,normal
2.307,-0.1351351351351346,1.0,29.0,69.0,0.0092798490077257,0.00768907321617,normal
1.0435,-0.1101351351351353,1.0,29.0,69.0,0.0078748082742095,0.0103156473487615,normal
2.17125,-0.1121621621621624,1.0,29.0,69.0,0.0101267704740166,0.0083780921995639,normal
1.59625,-0.1236486486486485,1.0,29.0,69.0,0.0082154842093586,0.0089950039982795,normal
1.458875,-0.1182432432432437,1.0,29.0,69.0,0.0090468842536211,0.0090758167207241,normal
1.243,-0.1486486486486478,1.0,29.0,69.0,0.0090187191963195,0.0083373608067631,normal
1.9075,-0.1155405405405401,1.0,29.0,69.0,0.0083871372044086,0.0102534908801317,normal
2.27025,-0.1277027027027027,1.0,29.0,69.0,0.0102174514904618,0.0082773426547646,normal
1.988375,-0.1621621621621611,1.0,29.0,69.0,0.0082535445690155,0.011751121841371,normal
1.875125,-0.1425675675675665,1.0,29.0,69.0,0.0116693200543522,0.0095902495086193,normal
1.089375,-0.150675675675675,1.0,29.0,69.0,0.0097590992227196,0.010344635695219,normal
2.268125,-0.1310810810810804,1.0,29.0,69.0,0.0104792593047022,0.0085539184510707,normal
1.462625,-0.1317567567567569,1.0,29.0,69.0,0.0087391342967748,0.008422982878983,normal
1.458,-0.0918918918918913,1.0,29.0,69.0,0.0086327167227864,0.0084866685792803,normal
0.911375,-0.1054054054054046,1.0,29.0,69.0,0.0082100657746195,0.0081811053678393,normal
1.577375,-0.0344594594594583,1.0,28.0,71.0,0.0006208770209923,0.0060997926630079,normal
0.997375,-0.1236486486486485,1.0,28.0,71.0,,0.005068174097687,normal
0.990625,-0.122972972972972,1.0,28.0,72.0,0.0051659410819411,0.0056403125636279,normal
1.758875,-0.0331081081081077,1.0,28.0,72.0,0.0058129276148974,0.0064965556375682,normal
0.927125,-0.1412162162162159,1.0,28.0,72.0,0.006586177740246,0.0049737910740077,normal
1.081875,-0.1297297297297298,1.0,28.0,71.0,0.0051000616513192,0.0058378051035106,normal
1.844125,-0.1344594594594581,1.0,28.0,72.0,0.0060695656575262,0.0059031168930232,normal
2.282375,-0.1256756756756756,1.0,28.0,72.0,0.0059953131712973,0.0049810362979769,normal
0.913375,-0.1655405405405412,1.0,28.0,72.0,0.0051717674359679,0.0067550279200077,normal
2.312125,-0.1783783783783779,1.0,28.0,72.0,0.006729319691658,0.005082934629172,normal
1.32475,-0.122972972972972,1.0,28.0,72.0,0.0051482394337654,0.0055135022848844,normal
2.105625,-0.1351351351351346,1.0,28.0,72.0,0.0055356393568217,0.0041443011723458,normal
2.304625,-0.124324324324325,1.0,28.0,72.0,0.0045296875759959,0.0046487473882734,normal
0.94975,-0.0972972972972961,1.0,28.0,72.0,0.0048981336876749,0.0051785078831017,normal
2.178375,-0.0790540540540546,1.0,28.0,71.0,0.0052770776674151,0.0064505510963499,normal
2.134375,-0.1479729729729738,1.0,28.0,72.0,0.0064439075067639,0.005459283478558,normal
1.266,-0.1155405405405401,1.0,28.0,72.0,0.0055474727414548,0.0067346687428653,normal
1.44625,-0.0891891891891877,1.0,28.0,72.0,0.0067099849693477,0.0045058061368763,normal
0.929625,-0.0831081081081088,1.0,28.0,72.0,0.0047591780312359,0.0052599711343646,normal
2.20125,-0.0729729729729733,1.0,28.0,71.0,0.0053932862356305,0.0065542832016944,normal
0.929375,-0.1479729729729738,1.0,28.0,72.0,0.0065110879950225,0.0049465396441519,normal
2.306625,-0.1364864864864852,1.0,28.0,72.0,0.0051827495917677,0.0061495201662182,normal
0.965,-0.1128378378378365,1.0,28.0,72.0,0.0064982995390892,0.0055783297866582,normal
1.74075,-0.0256756756756758,1.0,28.0,71.0,0.0055029629729688,0.0052704410627484,normal
2.307,0.0020270270270271,1.0,28.0,71.0,0.0053346455097198,0.0064495615661144,normal
1.797125,-0.1445945945945936,1.0,28.0,71.0,0.0065430724062025,0.0047767967917025,normal
0.93675,-0.1270270270270262,1.0,28.0,71.0,0.0048536648973822,0.0068933255970478,normal
2.043375,-0.1702702702702695,1.0,28.0,71.0,0.0068949172273278,0.0043675983324646,normal
1.805625,0.0358108108108113,1.0,28.0,71.0,0.00448675500229,0.0047895298339426,normal
1.459625,-0.1087837837837823,1.0,28.0,70.0,0.0046978732571005,0.0053591080941259,normal
1.234375,-0.0810810810810817,1.0,28.0,71.0,0.005478486418724,0.0053283413872122,normal
1.016125,-0.0466216216216209,1.0,28.0,71.0,0.0055336812511086,0.0049099600873887,normal
1.261875,-0.1162162162162166,1.0,28.0,71.0,0.0049806553870439,0.0040258634835481,normal
1.2655,-0.1439189189189195,1.0,28.0,71.0,0.0041663623414933,0.0054736630991101,normal
1.7005,-0.0824324324324323,1.0,28.0,71.0,0.00546968402341,0.0051452154293656,normal
1.733375,-0.1249999999999991,1.0,28.0,71.0,0.0051290984265506,0.004883483517915,normal
1.8345,0.0121621621621626,1.0,28.0,71.0,0.0084308236837387,0.0087733333930373,normal
2.066625,-0.1290540540540533,1.0,28.0,71.0,0.0094833755865693,0.0056854248978197,normal
0.963,-0.1297297297297298,1.0,28.0,72.0,0.0054685422219336,0.0050795711576938,normal
1.9385,-0.1249999999999991,1.0,28.0,72.0,0.0049983295612037,0.0053085428662598,normal
1.04725,-0.1236486486486485,1.0,28.0,72.0,0.0054130158387124,0.0047004474326968,normal
1.18575,-0.0270270270270264,1.0,28.0,69.0,0.000865266774781,0.0137890456244349,normal
1.2915,-0.1412162162162159,1.0,28.0,70.0,,0.010802405886352,normal
1.57325,-0.1364864864864852,1.0,28.0,70.0,0.0106904944404959,0.0159443132579326,normal
2.125125,-0.0810810810810817,1.0,28.0,71.0,0.0156702082604169,0.0104263750836253,normal
1.849625,-0.096621621621622,1.0,28.0,71.0,0.0107152685523033,0.0145575078204274,normal
0.9555,-0.0716216216216203,1.0,28.0,71.0,0.014048839919269,0.0121987964957952,normal
2.0425,-0.0912162162162148,1.0,28.0,71.0,0.0123500349000096,0.0132446568459272,normal
1.744125,-0.0702702702702697,1.0,29.0,71.0,0.0128716295585036,0.0103126233443617,normal
1.15025,-0.1371621621621617,1.0,29.0,71.0,0.0106262415647506,0.0142444567754864,normal
0.929625,-0.124324324324325,1.0,29.0,71.0,0.01376330293715,0.0128087606281042,normal
2.20275,-0.1445945945945936,1.0,29.0,71.0,0.0124108558520674,0.0118516916409134,normal
1.17375,-0.0959459459459455,1.0,29.0,71.0,0.0117595717310905,0.0103186164051294,normal
1.1685,-0.1249999999999991,1.0,29.0,71.0,0.0106684053316712,0.011601067148149,normal
2.289875,-0.1060810810810811,1.0,29.0,71.0,0.0113772228360176,0.0131235131993889,normal
1.04575,-0.0932432432432419,1.0,29.0,71.0,0.0130897918716073,0.0136648584157228,normal
1.146125,-0.1270270270270262,1.0,29.0,71.0,0.0133342929184436,0.0113082295283675,normal
1.811875,-0.1162162162162166,1.0,29.0,71.0,0.0111115612089633,0.0127967055886983,normal
2.125125,-0.0925675675675678,1.0,29.0,71.0,0.0128390360623598,0.0096560940146446,normal
1.922625,-0.0891891891891877,1.0,29.0,71.0,0.0097010256722569,0.0148932356387376,normal
1.151875,-0.096621621621622,1.0,29.0,71.0,0.0150734484195709,0.011413705535233,normal
2.29,-0.0851351351351359,1.0,29.0,71.0,0.0111644994467496,0.0130878891795873,normal
1.33925,-0.1466216216216208,1.0,29.0,71.0,0.0127477459609508,0.0096445856615901,normal
1.062625,-0.1087837837837823,1.0,29.0,71.0,0.0099273407831788,0.0146105363965034,normal
2.3105,-0.1364864864864852,1.0,29.0,71.0,0.0144363716244697,0.0125366561114788,normal
1.051125,-0.1013513513513503,1.0,29.0,71.0,0.0123374890536069,0.0124797169119119,normal
0.941125,-0.0986486486486491,1.0,29.0,70.0,0.0122871659696102,0.0112219983711838,normal
1.002375,-0.1195945945945943,1.0,29.0,71.0,0.0112058194354176,0.0124400304630398,normal
1.241375,-0.1067567567567576,1.0,29.0,71.0,0.012495931237936,0.0139285130426287,normal
2.205625,-0.1074324324324317,1.0,29.0,71.0,0.0136576332151889,0.0099429311230778,normal
1.9645,-0.1290540540540533,1.0,29.0,71.0,0.0101053453981876,0.0130238709971308,normal
2.304125,-0.1148648648648636,1.0,29.0,71.0,0.012675167992711,0.0107879219576716,normal
0.93575,0.0412162162162161,1.0,29.0,71.0,0.0104518691077828,0.010829041711986,normal
1.133375,-0.1081081081081082,1.0,29.0,71.0,0.0108352694660425,0.0137820085510611,normal
2.224125,-0.0878378378378371,1.0,29.0,71.0,0.0132788764312863,0.0128121236339211,normal
1.868625,-0.1054054054054046,1.0,29.0,70.0,0.012832960113883,0.0122674508020281,normal
1.717125,-0.0074324324324319,1.0,29.0,71.0,0.0120484717190265,0.0127053745090961,normal
1.849375,-0.1270270270270262,1.0,29.0,71.0,0.012495806440711,0.0118925478309392,normal
2.2595,-0.1331081081081075,1.0,29.0,71.0,0.0118606258183717,0.0102887284010648,normal
1.19775,-0.1101351351351353,1.0,29.0,71.0,0.0102076940238475,0.0128282541409134,normal
2.283,-0.1351351351351346,1.0,29.0,70.0,0.0129601368680596,0.0124258995056152,normal
2.19275,-0.1027027027027033,1.0,29.0,71.0,0.0121882921084761,0.0110635152086615,normal
1.029375,-0.1304054054054039,1.0,29.0,71.0,0.0108544314280152,0.0166510194540023,normal
2.264625,-0.1155405405405401,1.0,29.0,71.0,0.016382023692131,0.0094558680430054,normal
1.79,-0.124324324324325,1.0,29.0,71.0,0.0094762202352285,0.0129841426387429,normal
0.921875,-0.1209459459459449,1.0,29.0,71.0,0.0127105293795466,0.0102902855724096,normal
1.852625,-0.0797297297297287,1.0,29.0,71.0,0.0104976315051317,0.015804873779416,normal
2.031625,-0.095270270270269,1.0,29.0,71.0,0.0151164084672927,0.0099692828953266,normal
0.939375,-0.1378378378378382,1.0,29.0,71.0,0.0101113179698586,0.0139728020876646,normal
2.07075,-0.1060810810810811,1.0,29.0,71.0,0.0137631371617317,0.0115542942658066,normal
1.30375,-0.1222972972972979,1.0,29.0,71.0,0.0115631306543946,0.0134066492319107,normal
1.689,-0.0878378378378371,1.0,29.0,70.0,0.0131290769204497,0.0105750327929854,normal
2.194375,-0.1256756756756756,1.0,29.0,71.0,0.0105919111520051,0.0125749791041016,normal
0.93775,-0.1317567567567569,1.0,29.0,71.0,0.0122068719938397,0.0111107509583234,normal
1.071625,-0.1648648648648647,1.0,29.0,71.0,0.0106179239228367,0.0122228162363171,normal
1.4605,-0.1175675675675672,1.0,29.0,71.0,0.0122455619275569,0.0097773959860205,normal
2.1975,-0.1182432432432437,1.0,29.0,70.0,0.0098325833678245,0.0095472689718008,normal
2.305875,-0.1391891891891888,1.0,29.0,71.0,0.0096660377457737,0.0148589741438627,normal
1.112625,-0.1108108108108094,1.0,29.0,71.0,0.0139063410460948,0.0117314141243696,normal
1.162875,-0.0777027027027016,1.0,28.0,72.0,0.0004231217317283,0.0058761076070368,normal
1.506625,-0.143243243243243,1.0,28.0,72.0,,0.0063367364928126,normal
1.858625,-0.1222972972972979,1.0,28.0,72.0,0.0064860093407332,0.005438107997179,normal
1.1445,-0.113513513513513,1.0,28.0,72.0,0.0054455124773085,0.0059301052242517,normal
1.717125,-0.1263513513513521,1.0,28.0,72.0,0.005611898843199,0.0053073321469128,normal
1.099875,-0.0999999999999997,1.0,28.0,73.0,0.0051372917369008,0.0076552825048565,normal
2.240625,-0.0986486486486491,1.0,28.0,73.0,0.0073616215959191,0.0060939034447073,normal
1.89275,-0.1378378378378382,1.0,28.0,73.0,0.0060721193440258,0.0085529424250125,normal
2.279625,-0.1162162162162166,1.0,28.0,73.0,0.0083763832226395,0.0061328085139393,normal
1.891375,-0.1385135135135123,1.0,28.0,72.0,0.0059947040863335,0.0061362409032881,normal
2.27375,-0.1317567567567569,1.0,28.0,72.0,0.00609229831025,0.0112090930342674,normal
2.052625,-0.0912162162162148,1.0,28.0,72.0,0.0110458061099052,0.0063135400414466,normal
1.600875,-0.199324324324323,1.0,28.0,73.0,0.0060460371896624,0.0058874012902379,normal
2.25725,-0.1331081081081075,1.0,28.0,73.0,0.0057958764955401,0.0056669758632779,normal
1.140375,-0.1256756756756756,1.0,28.0,72.0,0.0056662699207663,0.0050973906181752,normal
0.929375,-0.1128378378378365,1.0,28.0,72.0,0.0049732234328985,0.0043433709070086,normal
0.92375,-0.0033783783783777,1.0,28.0,70.0,0.0008927464368753,0.0112704187631607,normal
1.22,-0.1567567567567563,1.0,28.0,70.0,,0.0114069720730185,normal
2.13875,-0.1114864864864859,1.0,28.0,70.0,,0.011146611534059,normal
1.328125,-0.1486486486486478,1.0,28.0,71.0,0.0109391957521438,0.0107761789113283,normal
1.3995,-0.1121621621621624,1.0,28.0,71.0,0.0109223173931241,0.0133143002167344,normal
1.631125,-0.1222972972972979,1.0,28.0,71.0,0.013263963162899,0.0108029600232839,normal
0.93525,-0.0493243243243245,1.0,28.0,71.0,0.0110025005415081,0.0138127608224749,normal
1.3735,-0.1391891891891888,1.0,28.0,71.0,0.0136472675949335,0.0120137948542833,normal
2.002,-0.1074324324324317,1.0,28.0,71.0,0.0122588835656642,0.014712780714035,normal
1.4215,-0.1141891891891895,1.0,29.0,71.0,0.014442253857851,0.0106598250567913,normal
1.15175,-0.0993243243243232,1.0,29.0,71.0,0.0105715524405241,0.0113882329314947,normal
1.972125,-0.1540540540540527,1.0,29.0,71.0,0.011568964459002,0.0109137222170829,normal
0.995875,-0.1270270270270262,1.0,29.0,71.0,0.0109133766964077,0.0135164987295866,normal
0.974625,-0.0648648648648649,1.0,29.0,71.0,0.0135926334187388,0.0132941007614135,normal
2.308,-0.1290540540540533,1.0,29.0,71.0,0.0132089629769325,0.0117940958589315,normal
1.9645,-0.1121621621621624,1.0,29.0,71.0,0.0116647873073816,0.0116452863439917,normal
1.04525,-0.1790540540540544,1.0,29.0,71.0,0.0114386044442653,0.0096773318946361,normal
1.85625,-0.1033783783783775,1.0,29.0,71.0,0.0098378919064998,0.0149453226476907,normal
0.93475,-0.1263513513513521,1.0,29.0,71.0,0.0146093945950269,0.0120859639719128,normal
1.81575,-0.1222972972972979,1.0,29.0,71.0,0.0119256256148219,0.0126812579110264,normal
1.2585,-0.1175675675675672,1.0,29.0,71.0,0.0129602821543812,0.0101332757622003,normal
0.915375,-0.0959459459459455,1.0,29.0,71.0,0.0099451038986444,0.0171237792819738,normal
1.679375,-0.1182432432432437,1.0,29.0,71.0,0.0166799109429121,0.0099070370197296,normal
1.59275,-0.1331081081081075,1.0,29.0,71.0,0.0096828397363424,0.0132972700521349,normal
2.179375,-0.1527027027027021,1.0,29.0,71.0,0.0129343187436461,0.0104486513882875,normal
1.36575,-0.0162162162162168,1.0,29.0,71.0,0.010344123467803,0.0170779135078191,normal
1.42125,-0.1351351351351346,1.0,29.0,71.0,0.0167514383792877,0.0106126368045806,normal
1.20575,-0.1520270270270255,1.0,29.0,71.0,0.0106752701103687,0.0146229714155197,normal
2.139875,-0.1155405405405401,1.0,29.0,71.0,0.0144083108752965,0.0104757361114025,normal
2.243625,-0.1162162162162166,1.0,29.0,70.0,0.0104167219251394,0.0115467784926295,normal
2.193875,-0.1425675675675665,1.0,29.0,71.0,0.0114716822281479,0.013833631761372,normal
0.90975,-0.0999999999999997,1.0,29.0,71.0,0.0136100929230451,0.0131073202937841,normal
2.25725,-0.1168918918918907,1.0,29.0,71.0,0.0128055149689316,0.0110991327092051,normal
1.910375,-0.0777027027027016,1.0,29.0,71.0,0.010727890767157,0.0110398130491375,normal
1.080625,-0.0891891891891877,1.0,29.0,71.0,0.0115781063213944,0.0118338381871581,normal
1.94625,-0.0804054054054052,1.0,29.0,71.0,0.0119001325219869,0.0129280900582671,normal
1.103625,-0.0945945945945949,1.0,29.0,70.0,0.0130704017356038,0.0125030586495995,normal
1.0015,-0.1520270270270255,1.0,29.0,71.0,0.0122521221637725,0.0111389439553022,normal
1.517875,-0.122972972972972,1.0,29.0,71.0,0.0109721831977367,0.0112718921154737,normal
1.048875,-0.1249999999999991,1.0,29.0,71.0,0.011461129412055,0.0105933155864477,normal
2.099,-0.0614864864864872,1.0,29.0,71.0,0.0103411274030804,0.0143194841220974,normal
1.609375,-0.0993243243243232,1.0,29.0,71.0,0.0141310300678014,0.0110614113509655,normal
1.409125,-0.1094594594594588,1.0,29.0,71.0,0.0111024193465709,0.0118291741237044,normal
2.1445,-0.1148648648648636,1.0,29.0,71.0,0.011731925420463,0.01077601313591,normal
2.070125,-0.132432432432431,1.0,29.0,71.0,0.0105519890785217,0.0162176433950662,normal
1.326125,-0.1513513513513515,1.0,29.0,71.0,0.0159199554473161,0.009975248016417,normal
2.28875,-0.113513513513513,1.0,29.0,71.0,0.0098040178418159,0.013288052752614,normal
1.47825,-0.1270270270270262,1.0,29.0,71.0,0.0132657764479517,0.0103201316669583,normal
2.14675,-0.1317567567567569,1.0,29.0,71.0,0.0103610157966613,0.0168635286390781,normal
1.3695,-0.1290540540540533,1.0,29.0,71.0,0.0163486190140247,0.009894193150103,normal
0.931125,-0.1162162162162166,1.0,29.0,71.0,0.0096168704330921,0.0135141108185052,normal
2.270875,-0.1364864864864852,1.0,29.0,71.0,0.0134121775627136,0.0102533660829067,normal
1.873125,-0.1222972972972979,1.0,29.0,71.0,0.0103088589385151,0.0164615418761968,normal
1.124625,-0.0750000000000004,1.0,29.0,71.0,0.0156438909471035,0.0102956900373101,normal
2.238125,-0.1452702702702701,1.0,29.0,71.0,0.0102513944730162,0.0142266862094402,normal
1.114625,-0.1344594594594581,1.0,29.0,71.0,0.013874695636332,0.0118248974904418,normal
1.1495,-0.0594594594594601,1.0,29.0,71.0,0.0122718727216124,0.0132732223719358,normal
1.732875,-0.1108108108108094,1.0,29.0,71.0,0.0129793751984834,0.0105116376653313,normal
2.290375,-0.1141891891891895,1.0,29.0,71.0,0.0104630105197429,0.0128674218431115,normal
2.305375,-0.1263513513513521,1.0,29.0,71.0,0.0124254431575536,0.0136921303346753,normal
0.927125,-0.1364864864864852,1.0,29.0,71.0,0.0136712798848748,0.0118366610258817,normal
2.258125,-0.1162162162162166,1.0,29.0,71.0,0.0118797253817319,0.0114518841728568,normal
1.02675,-0.1391891891891888,1.0,29.0,71.0,0.0117316832765936,0.012023800984025,normal
2.118,0.009459459459459,1.0,29.0,71.0,0.0116808349266648,0.0138310994952917,normal
1.015875,-0.0236486486486487,1.0,28.0,69.0,0.0010627383599057,0.0192461982369422,normal
2.23575,-0.0689189189189191,1.0,28.0,69.0,,0.0108207166194915,normal
1.478375,-0.0331081081081077,1.0,28.0,70.0,0.0109409112483263,0.0149438213557004,normal
0.915625,-0.1263513513513521,1.0,28.0,70.0,0.0143685890361666,0.0115394918248057,normal
1.83675,-0.1412162162162159,1.0,28.0,70.0,0.0113564077764749,0.0142531208693981,normal
2.203625,-0.1148648648648636,1.0,28.0,70.0,0.0138830691576004,0.0107346372678875,normal
2.246125,-0.1371621621621617,1.0,28.0,70.0,0.0110019538551568,0.0145482625812292,normal
0.93825,-0.1074324324324317,1.0,28.0,70.0,0.013962241820991,0.0115809645503759,normal
2.308375,-0.0945945945945949,1.0,28.0,70.0,0.0114945601671934,0.0126600889489054,normal
1.69825,-0.1114864864864859,1.0,28.0,70.0,0.0123005909845232,0.0105611300095915,normal
1.245,-0.1290540540540533,1.0,28.0,70.0,0.0108607495203614,0.0140997990965843,normal
1.623375,-0.1047297297297305,1.0,28.0,70.0,0.0140707762911915,0.0124208414927124,normal
2.270625,-0.0662162162162155,1.0,28.0,70.0,0.0124484933912754,0.0115435821935534,normal
1.02475,-0.1067567567567576,1.0,28.0,70.0,0.0113255502656102,0.0108936754986643,normal
1.806625,-0.1418918918918924,1.0,28.0,70.0,0.0113312602043151,0.0133917219936847,normal
1.241,0.0716216216216227,1.0,28.0,70.0,0.0134863341227173,0.013084284029901,normal
2.2895,-0.1148648648648636,1.0,28.0,70.0,0.0129622966051101,0.0132013922557234,normal
0.98425,-0.1270270270270262,1.0,28.0,70.0,0.0130620906129479,0.01140315271914,normal
1.54425,-0.1351351351351346,1.0,28.0,70.0,0.0118606807664036,0.0169893633574247,normal
0.93875,-0.0804054054054052,1.0,29.0,70.0,0.0163853522390127,0.0108213396742939,normal
1.97125,-0.1182432432432437,1.0,29.0,70.0,0.0112517550587654,0.0123688578605651,normal
0.929,-0.0675675675675661,1.0,29.0,70.0,0.0124856960028409,0.011612132191658,normal
2.0085,-0.1067567567567576,1.0,29.0,70.0,0.0117382574826478,0.0104066943749785,normal
0.917,-0.1175675675675672,1.0,29.0,70.0,0.0104862414300441,0.0124116372317075,normal
2.0835,-0.0682432432432426,1.0,29.0,70.0,0.0123289702460169,0.0146667277440428,normal
1.582375,-0.087162162162163,1.0,29.0,70.0,0.0146681247279047,0.0125128021463751,normal
0.914625,-0.0885135135135136,1.0,29.0,70.0,0.0121888937428593,0.0111382585018873,normal
1.87925,-0.1425675675675665,1.0,29.0,70.0,0.0112526202574372,0.013440896756947,normal
1.318375,-0.1087837837837823,1.0,29.0,70.0,0.0129864541813731,0.0130163626745343,normal
0.933625,-0.1331081081081075,1.0,29.0,70.0,0.0129783162847161,0.0133977774530649,normal
1.356,-0.1067567567567576,1.0,29.0,70.0,0.0128473602235317,0.0119030037894845,normal
2.3000000000000003,-0.1249999999999991,1.0,29.0,70.0,0.0126408925279974,0.0146590527147054,normal
1.206625,-0.087162162162163,1.0,29.0,70.0,0.0144754219800233,0.012161960825324,normal
2.295875,-0.0709459459459462,1.0,29.0,70.0,0.0119838239625096,0.0118801053613424,normal
0.95625,-0.1297297297297298,1.0,29.0,70.0,0.011678765527904,0.0121659748256206,normal
2.30575,-0.1114864864864859,1.0,29.0,70.0,0.012522442266345,0.0151455421000719,normal
1.088,-0.1060810810810811,1.0,29.0,70.0,0.014363613910973,0.0121943671256303,normal
0.921,-0.0999999999999997,1.0,29.0,70.0,0.0122612845152616,0.0120182512328028,normal
1.62975,-0.0939189189189184,1.0,29.0,70.0,0.0118229938670992,0.0128485299646854,normal
0.968625,-0.1209459459459449,1.0,29.0,70.0,0.0130100380629301,0.0155670307576656,normal
1.469125,-0.0621621621621613,1.0,29.0,70.0,0.015086998231709,0.0161608438938856,normal
0.935625,-0.1378378378378382,1.0,29.0,70.0,0.0167168099433183,0.01614735648036,normal
1.5245,-0.095270270270269,1.0,29.0,69.0,0.0151867996901273,0.0140451239421963,normal
1.995125,-0.1209459459459449,1.0,29.0,70.0,0.0136505747213959,0.0122204357758164,normal
2.288125,-0.113513513513513,1.0,29.0,70.0,0.0124938273802399,0.012226739898324,normal
1.34925,-0.113513513513513,1.0,29.0,70.0,0.0117494547739624,0.0138392783701419,normal
1.360125,-0.1736486486486472,1.0,29.0,70.0,0.0132812289521098,0.0122408010065555,normal
2.1565,-0.1398648648648653,1.0,29.0,70.0,0.0121955163776874,0.0117279607802629,normal
0.954125,-0.1141891891891895,1.0,29.0,70.0,0.0118837663903832,0.0123101472854614,normal
1.07725,-0.0993243243243232,1.0,29.0,70.0,0.0115974405780434,0.0126949800178408,normal
2.2695,-0.1162162162162166,1.0,29.0,70.0,0.0126521522179245,0.0113781783729791,normal
1.703875,-0.104054054054054,1.0,29.0,70.0,0.0113198067992925,0.0139529202133417,normal
1.08225,-0.124324324324325,1.0,29.0,70.0,0.0139103410765528,0.0126600544899702,normal
2.116625,-0.1594594594594599,1.0,29.0,70.0,0.0126395570114254,0.0152999153360724,normal
0.941125,-0.1101351351351353,1.0,29.0,70.0,0.0152415577322244,0.0217064954340457,normal
2.294,-0.1331081081081075,1.0,29.0,70.0,0.0210259053856134,0.014176377095282,normal
0.98525,-0.1344594594594581,1.0,29.0,70.0,0.0140968514606356,0.0124437669292092,normal
0.95425,-0.1101351351351353,1.0,29.0,70.0,0.0129347816109657,0.0139843095093965,normal
1.35925,-0.1425675675675665,1.0,29.0,70.0,0.0142370732501149,0.0113838594406843,normal
0.994625,-0.1101351351351353,1.0,29.0,70.0,0.0111264185979962,0.0150026008486747,normal
1.498125,0.0148648648648662,1.0,29.0,70.0,0.014801537618041,0.0122730629518628,normal
2.008625,-0.1236486486486485,1.0,29.0,70.0,0.0118628535419702,0.0120529765263199,normal
1.115625,-0.1290540540540533,1.0,29.0,70.0,0.0118522318080067,0.0104033593088388,normal
0.92075,-0.1344594594594581,1.0,29.0,70.0,0.0100946612656116,0.0147754903882741,normal
1.336,-0.1101351351351353,1.0,29.0,70.0,0.0146872801706194,0.0112810265272855,normal
2.25625,-0.0945945945945949,1.0,29.0,70.0,0.0112276934087276,0.0129266371950507,normal
1.7475,-0.0891891891891877,1.0,29.0,70.0,0.0126931741833686,0.0119296330958604,normal
1.14875,-0.1412162162162159,1.0,29.0,69.0,0.0010513893794268,0.0118986377492547,normal
1.668875,-0.0817567567567558,1.0,29.0,70.0,,0.0097118001431226,normal
2.258625,-0.0777027027027016,1.0,29.0,70.0,0.0100369965657591,0.0113371554762125,normal
1.24675,-0.0851351351351359,1.0,29.0,70.0,0.0111678140237927,0.0125543363392353,normal
1.006375,-0.2013513513513501,1.0,29.0,70.0,0.0124320238828659,0.0107959220185875,normal
1.803,-0.1385135135135123,1.0,29.0,71.0,0.0109248710796237,0.0100499503314495,normal
1.284,-0.1364864864864852,1.0,29.0,71.0,0.0102924024686217,0.011023080907762,normal
1.09625,-0.0959459459459455,1.0,29.0,71.0,0.0109325032681226,0.0143391443416476,normal
2.0455,-0.0797297297297287,1.0,29.0,71.0,0.0141171822324395,0.010209223255515,normal
2.2411250000000003,-0.1155405405405401,1.0,29.0,71.0,0.010001502931118,0.0127090280875563,normal
0.947125,-0.1222972972972979,1.0,29.0,71.0,0.0127593511715531,0.0115530351176857,normal
1.59125,-0.1290540540540533,1.0,29.0,71.0,0.0112253548577427,0.0155185693874955,normal
1.809,-0.1364864864864852,1.0,29.0,70.0,0.0156205436214804,0.0125248776748776,normal
0.908875,-0.08581081081081,1.0,29.0,70.0,0.0121331457048654,0.0095875645056366,normal
0.9785,-0.1189189189189178,1.0,29.0,70.0,0.009374619461596,0.0144532360136508,normal
2.140125,-0.0885135135135136,1.0,29.0,70.0,0.0144103933125734,0.0111198304221034,normal
2.022,-0.1297297297297298,1.0,29.0,70.0,0.0109299914911389,0.0138810826465487,normal
0.908,-0.1141891891891895,1.0,29.0,71.0,0.0131640378385782,0.0094209425151348,normal
1.2455,-0.1256756756756756,1.0,29.0,71.0,0.0091814175248146,0.014196528121829,normal
2.138875,-0.0918918918918913,1.0,29.0,71.0,0.0138358743861317,0.012181282043457,normal
0.941,-0.1310810810810804,1.0,29.0,71.0,0.011868542060256,0.0128577686846256,normal
1.266625,-0.1547297297297292,1.0,29.0,71.0,0.0121755860745906,0.0115410629659891,normal
2.1315,-0.1249999999999991,1.0,29.0,71.0,0.0116380201652646,0.0120492530986666,normal
1.909,-0.1249999999999991,1.0,29.0,71.0,0.0117589626461267,0.0133130755275487,normal
1.232625,-0.1364864864864852,1.0,29.0,70.0,0.0132914436981081,0.0110927727073431,normal
2.2763750000000003,-0.1391891891891888,1.0,29.0,70.0,0.010956322774291,0.0106295840814709,normal
1.565875,-0.1047297297297305,1.0,29.0,70.0,0.0103564066812396,0.011519880965352,normal
1.291125,-0.1054054054054046,1.0,29.0,70.0,0.0113018844276666,0.014506478793919,normal
2.3005,-0.1364864864864852,1.0,29.0,70.0,0.0145076625049114,0.0107753900811076,normal
1.668,-0.1317567567567569,1.0,29.0,70.0,0.0105636976659297,0.0127419680356979,normal
1.34775,-0.122972972972972,1.0,29.0,70.0,0.0126449484378099,0.0104846842586994,normal
1.631,-0.1141891891891895,1.0,29.0,70.0,0.0105954194441437,0.0165055189281702,normal
0.9155,-0.132432432432431,1.0,29.0,70.0,0.0162944011390209,0.0103021394461393,normal
1.077125,-0.1425675675675665,1.0,29.0,70.0,0.0102407373487949,0.0130583820864558,normal
2.242125,-0.1364864864864852,1.0,29.0,70.0,0.0130303828045725,0.0111568393185734,normal
0.914625,-0.122972972972972,1.0,29.0,70.0,0.0113835409283638,0.0145850013941526,normal
1.638625,-0.1101351351351353,1.0,29.0,70.0,0.0144404545426368,0.0105343842878937,normal
1.337875,-0.1222972972972979,1.0,29.0,70.0,0.0107469419017434,0.0113517018035054,normal
1.984,-0.087162162162163,1.0,29.0,70.0,0.0110826278105378,0.0121083576232194,normal
1.482125,-0.1277027027027027,1.0,29.0,70.0,0.0122236739844083,0.0126369278877973,normal
1.202,-0.0567567567567565,1.0,29.0,70.0,0.0125338602811098,0.01002440135926,normal
2.146125,-0.096621621621622,1.0,29.0,70.0,0.0100022638216614,0.0096020065248012,normal
2.128,0.0243243243243252,1.0,29.0,70.0,0.0092289168387651,0.0126682622358202,normal
1.46175,-0.1249999999999991,1.0,29.0,70.0,0.0128003526479005,0.0112261641770601,normal
0.991,-0.1108108108108094,1.0,29.0,70.0,0.0108234640210866,0.0119117507711052,normal
2.143875,-0.1317567567567569,1.0,29.0,70.0,0.0120221339166164,0.0098949540406465,normal
1.7815,-0.1418918918918924,1.0,29.0,70.0,0.009950959123671,0.0132003054022789,normal
0.93425,-0.1263513513513521,1.0,29.0,70.0,0.0131286000832915,0.0122450087219476,normal
2.278,-0.124324324324325,1.0,29.0,70.0,0.0122965145856142,0.0112042073160409,normal
1.81125,-0.1851351351351357,1.0,29.0,70.0,0.0107159400358796,0.010602000169456,normal
1.201625,-0.1108108108108094,1.0,29.0,70.0,0.0106059312820434,0.0115737812593579,normal
2.307875,-0.132432432432431,1.0,29.0,70.0,0.0113618467003107,0.0123856803402304,normal
1.1015,-0.1297297297297298,1.0,29.0,70.0,0.0124189592897892,0.0100450376048684,normal
2.30925,-0.1385135135135123,1.0,29.0,70.0,0.0096005881205201,0.0122729586437344,normal
2.019375,-0.1500000000000008,1.0,29.0,70.0,0.0121576152741909,0.0117429215461015,normal
2.294125,-0.1263513513513521,1.0,29.0,70.0,0.0115228909999132,0.0097053367644548,normal
1.22625,-0.143243243243243,1.0,29.0,70.0,0.0104420082643628,0.0122461710125207,normal
0.92275,-0.0939189189189184,1.0,29.0,70.0,0.0123121887445449,0.0125643983483314,normal
1.664375,-0.1094594594594588,1.0,29.0,70.0,0.0122772632166743,0.0102946311235427,normal
1.264125,-0.1189189189189178,1.0,29.0,70.0,0.0103063881397247,0.0103831253945827,normal
1.433,-0.1108108108108094,1.0,29.0,70.0,0.0103590013459324,0.011250696144998,normal
1.96875,0.0128378378378391,1.0,29.0,69.0,0.0109662944450974,0.0100570991635322,normal
1.98725,-0.1249999999999991,1.0,29.0,70.0,0.009976009838283,0.0135958231985569,normal
1.274125,0.0101351351351355,1.0,28.0,69.0,0.0009088079677894,0.0114430952817201,normal
2.243125,-0.122972972972972,1.0,28.0,69.0,,0.0102236373350024,normal
1.156125,-0.124324324324325,1.0,28.0,70.0,0.0102729015052318,0.0160582661628723,normal
1.19075,-0.133783783783784,1.0,28.0,70.0,0.0160353686660528,0.0116995675489306,normal
0.9435,-0.1459459459459466,1.0,28.0,70.0,0.0116592440754175,0.0137468539178371,normal
1.551,-0.1216216216216214,1.0,28.0,70.0,0.0137486951425671,0.0112126702442765,normal
2.110125,-0.132432432432431,1.0,28.0,70.0,0.0111306468024849,0.0161791462451219,normal
1.3975,-0.1094594594594588,1.0,28.0,70.0,0.0152518339455127,0.011894229799509,normal
0.9175,-0.1310810810810804,1.0,28.0,71.0,0.0119652086868882,0.0135548077523708,normal
2.045125,-0.1290540540540533,1.0,28.0,71.0,0.0132741294801235,0.0112300813198089,normal
0.96525,-0.0972972972972961,1.0,28.0,71.0,0.0114598907530307,0.0157024003565311,normal
2.1982500000000003,-0.1425675675675665,1.0,28.0,71.0,0.0158376060426235,0.0110851814970374,normal
1.714,-0.1168918918918907,1.0,28.0,71.0,0.0112731931731104,0.012592258863151,normal
1.518875,-0.1202702702702708,1.0,28.0,71.0,0.0123801371082663,0.0116133848205208,normal
1.37,-0.1013513513513503,1.0,28.0,71.0,0.012146508321166,0.015293825417757,normal
0.91,-0.0695945945945932,1.0,28.0,70.0,0.0150102749466896,0.0134064685553312,normal
1.1595,-0.1540540540540527,1.0,28.0,70.0,0.0127863669767975,0.0138220889493823,normal
1.804375,-0.1283783783783792,1.0,28.0,71.0,0.0137179624289274,0.0121066207066178,normal
1.483875,-0.161486486486487,1.0,29.0,71.0,0.0115113761276006,0.0117889270186424,normal
0.993125,-0.1222972972972979,1.0,29.0,71.0,0.0120069235563278,0.0124814817681908,normal
2.29125,-0.124324324324325,1.0,29.0,71.0,0.0123098017647862,0.0125947706401348,normal
1.828375,-0.1398648648648653,1.0,29.0,71.0,0.0124842710793018,0.012590292841196,normal
0.926875,-0.0804054054054052,1.0,29.0,71.0,0.0122160892933607,0.0111766308546066,normal
1.322375,-0.1513513513513515,1.0,29.0,71.0,0.0112771587446331,0.0155292050912976,normal
1.90475,-0.0979729729729726,1.0,29.0,71.0,0.0146296499297022,0.0115861753001809,normal
2.29125,-0.1398648648648653,1.0,29.0,71.0,0.0114970440044999,0.0122868539765477,normal
0.9125,-0.0743243243243239,1.0,29.0,71.0,0.0120769962668418,0.0125353960320353,normal
2.2455,-0.0986486486486491,1.0,29.0,71.0,0.0127067025750875,0.0142504908144474,normal
2.2725,-0.1081081081081082,1.0,29.0,71.0,0.013405043631792,0.01141491625458,normal
0.9295,-0.1331081081081075,1.0,29.0,71.0,0.0113163404166698,0.0133020170032978,normal
1.4115,-0.1777027027027014,1.0,29.0,71.0,0.0124818412587046,0.0128583358600735,normal
2.207125,-0.1317567567567569,1.0,29.0,71.0,0.0126795349642634,0.0128880850970745,normal
1.374375,-0.096621621621622,1.0,29.0,71.0,0.0125111900269985,0.010696611367166,normal
1.618875,-0.1317567567567569,1.0,29.0,71.0,0.0111124953255057,0.0120616955682635,normal
0.944125,-0.1222972972972979,1.0,29.0,71.0,0.0118724517524242,0.0126363392919301,normal
2.23425,-0.0898648648648642,1.0,29.0,71.0,0.0127532472833991,0.013814995996654,normal
1.4545,-0.1087837837837823,1.0,29.0,71.0,0.0136534264311194,0.0118687776848673,normal
0.917875,-0.1662162162162153,1.0,29.0,71.0,0.0116908550262451,0.0120275169610977,normal
2.174125,-0.1175675675675672,1.0,29.0,71.0,0.0121436780318617,0.0135530019178986,normal
0.92525,-0.1358108108108111,1.0,29.0,71.0,0.0134436162188649,0.011440341360867,normal
2.122,-0.1236486486486485,1.0,29.0,71.0,0.0111668035387992,0.011295891366899,normal
0.935625,-0.0972972972972961,1.0,29.0,71.0,0.011764463968575,0.0121014518663287,normal
1.79925,-0.1155405405405401,1.0,29.0,70.0,0.0123287206515669,0.0113496324047446,normal
0.94,-0.1155405405405401,1.0,29.0,70.0,0.0112622044980525,0.0165368728339672,normal
1.771875,-0.1054054054054046,1.0,29.0,70.0,0.0163590628653764,0.0141991721466183,normal
2.1685,-0.1141891891891895,1.0,29.0,70.0,0.0140185570344328,0.0140798902139067,normal
1.168,-0.1533783783783786,1.0,29.0,70.0,0.0137624451890587,0.0117379389703273,normal
2.212,-0.1189189189189178,1.0,29.0,71.0,0.0113010741770267,0.0138106923550367,normal
0.91375,-0.1033783783783775,1.0,29.0,71.0,0.0138403587043285,0.0134758772328495,normal
0.91925,-0.1655405405405412,1.0,29.0,71.0,0.0131472358480095,0.0112836984917521,normal
2.174125,-0.122972972972972,1.0,29.0,71.0,0.01146952342242,0.0112108225002884,normal
1.618875,-0.113513513513513,1.0,29.0,71.0,0.0110766002908349,0.0146854948252439,normal
2.25225,-0.1128378378378365,1.0,29.0,71.0,0.0144210439175367,0.0109869372099637,normal
0.92025,-0.1297297297297298,1.0,29.0,71.0,0.011130784638226,0.0136505477130413,normal
1.949875,-0.133783783783784,1.0,29.0,71.0,0.0140503272414207,0.0138262342661619,normal
0.944875,-0.1290540540540533,1.0,29.0,71.0,0.0136987389996647,0.0175221897661685,normal
2.06775,-0.1621621621621611,1.0,29.0,71.0,0.0172182880342006,0.0113987307995557,normal
2.231875,-0.1256756756756756,1.0,29.0,71.0,0.0116444556042552,0.0122978435829281,normal
1.16125,-0.1344594594594581,1.0,29.0,71.0,0.0126517778262496,0.0109473196789622,normal
1.38975,-0.0891891891891877,1.0,29.0,71.0,0.0107302712276577,0.0146250333636999,normal
2.033625,-0.0905405405405407,1.0,29.0,71.0,0.0147149330005049,0.0104733426123857,normal
0.91275,-0.1162162162162166,1.0,29.0,71.0,0.010109975002706,0.0117505751550197,normal
1.854625,-0.1175675675675672,1.0,29.0,71.0,0.0119821149855852,0.011792691424489,normal
2.308375,-0.1256756756756756,1.0,29.0,70.0,0.0117103904485702,0.0101622911170125,normal
1.80475,-0.066891891891892,1.0,29.0,70.0,0.010425254702568,0.0149500221014022,normal
1.562375,-0.0385135135135125,1.0,28.0,69.0,0.0010210240725427,0.0083203930407762,normal
2.056625,-0.1459459459459466,1.0,28.0,69.0,,0.010393657721579,normal
1.492,-0.1168918918918907,1.0,28.0,70.0,,0.0097452523186802,normal
1.061375,-0.1121621621621624,1.0,28.0,70.0,0.0096698785200715,0.0100787244737148,normal
2.30875,-0.1358108108108111,1.0,28.0,70.0,0.0099487854167819,0.0096947150304913,normal
1.58925,-0.1540540540540527,1.0,28.0,70.0,0.0098531572148203,0.0073954542167484,normal
1.12925,-0.113513513513513,1.0,28.0,70.0,0.0073361280374228,0.0094204926863312,normal
2.303375,-0.0364864864864854,1.0,28.0,70.0,0.0093571180477738,0.0082040457054972,normal
1.179125,-0.0844594594594594,1.0,28.0,70.0,0.0081135099753737,0.0083061791956424,normal
2.300875,-0.1195945945945943,1.0,28.0,70.0,0.008615119382739,0.0127760972827672,normal
2.307375,-0.1412162162162159,1.0,28.0,70.0,0.0125976633280515,0.0089270006865262,normal
1.169875,-0.1452702702702701,1.0,28.0,70.0,0.0088341403752565,0.0093736508861184,normal
2.253625,-0.0986486486486491,1.0,28.0,70.0,0.0093907220289111,0.0078033516183495,normal
0.918,-0.1006756756756762,1.0,28.0,70.0,0.0078979423269629,0.0074968817643821,normal
1.533875,-0.0750000000000004,1.0,28.0,70.0,0.0076018180698156,0.0086669158190488,normal
2.306125,-0.1108108108108094,1.0,28.0,70.0,0.0088344998657703,0.0071702813729643,normal
1.074125,0.0412162162162161,1.0,28.0,70.0,0.0073622236959636,0.0106278611347079,normal
2.081125,-0.1398648648648653,1.0,28.0,70.0,0.0106112454086542,0.0079613998532295,normal
2.06025,-0.1155405405405401,1.0,28.0,70.0,0.0079162251204252,0.0078385891392827,normal
0.934125,-0.1364864864864852,1.0,28.0,70.0,0.0078974235802888,0.0079640010371804,normal
1.460875,-0.1155405405405401,1.0,28.0,70.0,0.0079890731722116,0.0077374307438731,normal
2.259625,-0.0925675675675678,1.0,28.0,70.0,0.0076606594957411,0.0090704746544361,normal
1.032375,-0.1141891891891895,1.0,28.0,70.0,0.0091175315901637,0.0077744326554238,normal
2.236,-0.1256756756756756,1.0,28.0,70.0,0.0078215580433607,0.0082742078229784,normal
1.10375,-0.1074324324324317,1.0,28.0,70.0,0.0084188934415578,0.00980612821877,normal
1.024125,-0.1189189189189178,1.0,28.0,70.0,0.0094485878944396,0.0077669797465205,normal
2.28625,-0.0925675675675678,1.0,28.0,70.0,0.0080689238384366,0.0102683901786804,normal
0.91325,-0.1344594594594581,1.0,28.0,70.0,0.0103595340624451,0.0079330960288643,normal
2.082,-0.1344594594594581,1.0,28.0,70.0,0.0082289855927228,0.0106958365067839,normal
2.296125,-0.1797297297297285,1.0,28.0,70.0,0.0105445915833115,0.0093425521627068,normal
1.053375,-0.1466216216216208,1.0,28.0,70.0,0.0095153460279107,0.0104838879778981,normal
1.919625,-0.1344594594594581,1.0,28.0,70.0,0.010303315706551,0.0102986311540007,normal
1.04375,-0.1222972972972979,1.0,28.0,70.0,0.0101956389844417,0.0106751807034015,normal
2.310625,-0.1317567567567569,1.0,28.0,70.0,0.010547462850809,0.0092203356325626,normal
2.204875,-0.1500000000000008,1.0,28.0,70.0,0.0092195952311158,0.0090574650093913,normal
1.023625,0.0358108108108113,1.0,28.0,70.0,0.0093580046668648,0.0096198813989758,normal
1.539875,-0.1074324324324317,1.0,28.0,70.0,0.0095378849655389,0.0075571350753307,normal
1.137125,-0.1209459459459449,1.0,28.0,70.0,0.0077897328883409,0.0086706597357988,normal
1.953,-0.1047297297297305,1.0,28.0,70.0,0.0086348485201597,0.007507040631026,normal
2.194,-0.1108108108108094,1.0,28.0,70.0,0.0076949899084866,0.0088653145357966,normal
1.264625,-0.0878378378378371,1.0,28.0,70.0,0.0090591600164771,0.007736787199974,normal
2.2375000000000003,-0.0837837837837829,1.0,28.0,70.0,0.0078593762591481,0.008838347159326,normal
1.217375,-0.1459459459459466,1.0,29.0,70.0,0.0089148208498954,0.0092958891764283,normal
1.480125,-0.1277027027027027,1.0,29.0,70.0,0.0092756832018494,0.0086944717913866,normal
1.396,-0.1283783783783792,1.0,29.0,70.0,0.0087404213845729,0.0091630034148693,normal
2.096125,-0.1121621621621624,1.0,29.0,70.0,0.0089651718735694,0.0072154556401073,normal
0.934,-0.0918918918918913,1.0,29.0,70.0,0.0074501987546682,0.0098926154896616,normal
1.445,-0.1101351351351353,1.0,29.0,70.0,0.009886366315186,0.0078552179038524,normal
0.9305,-0.0013513513513506,1.0,29.0,70.0,0.0078926412388682,0.0112125109881162,normal
2.2845,-0.1385135135135123,1.0,29.0,70.0,0.0111303348094224,0.0088234692811965,normal
2.146875,-0.1445945945945936,1.0,29.0,70.0,0.0090308021754026,0.0118716219440102,normal
1.59425,-0.1310810810810804,1.0,29.0,70.0,0.0117762694135308,0.0083740651607513,normal
1.304,-0.1168918918918907,1.0,29.0,70.0,0.0084920041263103,0.0085242167115211,normal
1.748,-0.1466216216216208,1.0,29.0,70.0,0.0087253767997026,0.0077364137396216,normal
1.065875,-0.1283783783783792,1.0,29.0,70.0,0.0076551511883735,0.0072420355863869,normal
2.28275,-0.1621621621621611,1.0,29.0,70.0,0.0074433689005672,0.0093905981630086,normal
0.9515,-0.1270270270270262,1.0,29.0,70.0,0.0092052090913057,0.0068599777296185,normal
1.765625,-0.0743243243243239,1.0,29.0,70.0,0.0068495771847665,0.0103503242135047,normal
2.291125,-0.1067567567567576,1.0,29.0,70.0,0.0100242560729384,0.0076998826116323,normal
1.809375,-0.0891891891891877,1.0,29.0,70.0,0.007764786016196,0.0107241468504071,normal
0.9155,-0.1027027027027033,1.0,29.0,70.0,0.0101384995505213,0.0076898485422134,normal
2.084125,-0.1560810810810798,1.0,29.0,70.0,0.0077142901718616,0.0091672586277127,normal
0.971375,-0.1810810810810815,1.0,29.0,70.0,0.0091504845768213,0.0090764602646231,normal
2.28125,-0.143243243243243,1.0,29.0,70.0,0.0090013705193996,0.0081932293251156,normal
1.203875,-0.124324324324325,1.0,29.0,70.0,0.0086774826049804,0.0097415708005428,normal
1.64625,-0.1567567567567563,1.0,29.0,70.0,0.0096448278054595,0.0084420135244727,normal
1.047375,-0.1385135135135123,1.0,29.0,70.0,0.0087807858362793,0.0106337154284119,normal
1.613875,-0.1081081081081082,1.0,28.0,71.0,0.0004081535735167,0.0046179392375051,normal
1.762125,-0.1391891891891888,1.0,28.0,71.0,,0.0049373842775821,normal
0.97375,0.0304054054054065,1.0,28.0,72.0,0.0047321137972176,0.0049902605824172,normal
2.309375,-0.0999999999999997,1.0,28.0,72.0,0.0050926432013511,0.003888223087415,normal
1.0725,-0.0831081081081088,1.0,28.0,72.0,0.0039253425784409,0.0045405449345707,normal
1.00975,-0.0817567567567558,1.0,28.0,72.0,0.0044890874996781,0.0042037791572511,normal
2.086875,-0.1344594594594581,1.0,28.0,72.0,0.0043678334914147,0.0047973077744245,normal
2.143875,-0.1290540540540533,1.0,28.0,72.0,0.0048333201557397,0.0044399756006896,normal
1.29325,-0.0979729729729726,1.0,28.0,72.0,0.0045023462735116,0.006470370106399,normal
2.303,-0.237837837837838,1.0,28.0,72.0,0.0064790546894073,0.0041508059948682,normal
1.603625,-0.143243243243243,1.0,28.0,72.0,0.0043208668939769,0.0066564511507749,normal
1.138375,-0.1351351351351346,1.0,28.0,72.0,0.0065759154967963,0.0052667041309177,normal
2.02225,-0.1249999999999991,1.0,28.0,72.0,0.0053633153438568,0.0048378664068877,normal
1.178375,-0.05608108108108,1.0,28.0,72.0,0.0046268939040601,0.0050541954115033,normal
1.078875,-0.1824324324324321,1.0,28.0,72.0,0.0050298990681767,0.0064437761902809,normal
1.5765,-0.1398648648648653,1.0,28.0,72.0,0.0065378686413168,0.0053596063517034,normal
2.1145,-0.1445945945945936,1.0,28.0,72.0,0.0054293400608003,0.0054718018509447,normal
1.132625,-0.0885135135135136,1.0,28.0,72.0,0.0054771369323134,0.0043113036081194,normal
2.254125,-0.1033783783783775,1.0,28.0,72.0,0.0043748714961111,0.0042209476232528,normal
1.608375,0.0135135135135132,1.0,28.0,72.0,0.0043528722599148,0.0066020525991916,normal
0.9345,-0.1472972972972973,1.0,28.0,72.0,0.0065903919748961,0.0047525279223918,normal
2.019125,-0.124324324324325,1.0,28.0,71.0,0.0047792810946702,0.0046464847400784,normal
1.942375,-0.1087837837837823,1.0,28.0,72.0,0.0046539651229977,0.0055961762554943,normal
1.292875,-0.0790540540540546,1.0,28.0,72.0,0.0053689209744334,0.0041092853061854,normal
1.51025,-0.1162162162162166,1.0,28.0,72.0,0.0042764330282807,0.0065641235560178,normal
1.465625,-0.1695945945945954,1.0,28.0,72.0,0.0064770067110657,0.0046711061149835,normal
2.10025,-0.0945945945945949,1.0,28.0,72.0,0.0046184444800019,0.0054331184364855,normal
1.4985,-0.1141891891891895,1.0,28.0,71.0,0.0052868276834487,0.0043020234443247,normal
2.2865,-0.1290540540540533,1.0,28.0,72.0,0.004354415461421,0.0046057878062129,normal
1.555375,-0.0939189189189184,1.0,28.0,72.0,0.0047274427488446,0.0040603741072118,normal
1.318875,0.0358108108108113,1.0,28.0,72.0,0.0042976224794983,0.0055182357318699,normal
0.9715,-0.1310810810810804,1.0,28.0,72.0,0.0056059616617858,0.0047318716533482,normal
2.291875,-0.1222972972972979,1.0,28.0,72.0,0.0050017619505524,0.0050179963000118,normal
0.9425,-0.1081081081081082,1.0,28.0,72.0,0.0049811261706054,0.0041457819752395,normal
2.3065,-0.1006756756756762,1.0,28.0,71.0,0.0042838100343942,0.0041281287558376,normal
1.561125,-0.1817567567567556,1.0,28.0,72.0,0.0043014422990381,0.0061148162931203,normal
1.074875,-0.1405405405405394,1.0,28.0,72.0,0.0063368957489728,0.0045117572881281,normal
2.3040000000000003,-0.1189189189189178,1.0,28.0,72.0,0.0047567631117999,0.0066219894215464,normal
1.027375,-0.1020270270270268,1.0,28.0,72.0,0.0067276656627655,0.0045400122180581,normal
1.8095,-0.1047297297297305,1.0,28.0,72.0,0.0046125762164592,0.0074661360122263,normal
2.278875,-0.1216216216216214,1.0,28.0,72.0,0.0073877172544598,0.0045697130262851,normal
1.809125,-0.0986486486486491,1.0,28.0,72.0,0.0046756803058087,0.0048563014715909,normal
0.988625,-0.1385135135135123,1.0,28.0,72.0,0.005102802067995,0.0060718907043337,normal
1.688,-0.1222972972972979,1.0,28.0,72.0,0.0061959126032888,0.0051011894829571,normal
1.88475,-0.1358108108108111,1.0,28.0,72.0,0.0053308466449379,0.006018198095262,normal
1.409375,-0.0729729729729733,1.0,28.0,72.0,0.0060928170569241,0.0049417233094573,normal
0.9575,-0.132432432432431,1.0,28.0,72.0,0.0049787042662501,0.0067097218707203,normal
1.92675,-0.1317567567567569,1.0,28.0,71.0,0.0069032628089189,0.0070365299470722,normal
1.546375,-0.143243243243243,1.0,28.0,71.0,0.007100430317223,0.0052985711954534,normal
2.13725,-0.1304054054054039,1.0,28.0,71.0,0.0054008984006941,0.0049298484809696,normal
2.24625,-0.0641891891891884,1.0,28.0,72.0,0.0050050560384988,0.0068374462425708,normal
1.651125,-0.0777027027027016,1.0,28.0,72.0,0.0068830149248242,0.0045315902680158,normal
1.928375,-0.0527027027027023,1.0,28.0,72.0,0.0046568303368985,0.0072944830171763,normal
0.922625,0.0175675675675674,1.0,28.0,72.0,0.007466641254723,0.0047028488479554,normal
2.163375,-0.1081081081081082,1.0,28.0,72.0,0.0047176852822303,0.0046850503422319,normal
0.912,-0.1189189189189178,1.0,28.0,72.0,0.0047453450970351,0.0048583154566586,normal
1.215625,-0.0864864864864865,1.0,28.0,72.0,0.0048354584723711,0.004809099715203,normal
2.30325,-0.122972972972972,1.0,29.0,72.0,0.0047363075427711,0.0063618700951337,normal
1.38675,-0.1216216216216214,1.0,29.0,72.0,0.006356818601489,0.0054267449304461,normal
1.17375,-0.0831081081081088,1.0,29.0,72.0,0.005515135359019,0.0068693407811224,normal
1.311375,-0.0317567567567571,1.0,28.0,70.0,0.000519442372024,0.0047614201903343,normal
1.60575,-0.1385135135135123,1.0,28.0,71.0,,0.0044117760844528,normal
1.06225,-0.1364864864864852,1.0,28.0,71.0,0.0044786450453102,0.0049792369827628,normal
1.36725,-0.1405405405405394,1.0,28.0,72.0,0.004807355813682,0.005607096478343,normal
1.499625,-0.122972972972972,1.0,28.0,72.0,0.0054793376475572,0.0054723070934414,normal
1.518625,-0.1317567567567569,1.0,28.0,72.0,0.0053575234487652,0.0052035585977137,normal
1.391375,-0.1317567567567569,1.0,28.0,72.0,0.005078830756247,0.0043749748729169,normal
1.9585,-0.0128378378378367,1.0,28.0,72.0,0.0045035085640847,0.0055500473827123,normal
1.196625,-0.1060810810810811,1.0,28.0,72.0,0.0052598258480429,0.0052558602765202,normal
1.869625,-0.1222972972972979,1.0,28.0,72.0,0.005137707106769,0.0054343296214938,normal
2.1565,-0.1540540540540527,1.0,28.0,72.0,0.0054681408219039,0.0042802323587238,normal
0.958375,-0.0878378378378371,1.0,28.0,72.0,0.0042457217350602,0.0045473822392523,normal
1.873875,-0.0959459459459455,1.0,28.0,72.0,0.0045187883079051,0.0051792138256132,normal
1.83025,0.1094594594594588,1.0,28.0,72.0,0.0050522647798061,0.0051107392646372,normal
1.210875,-0.1472972972972973,1.0,28.0,72.0,0.0051703075878322,0.0047420994378626,normal
0.922125,-0.1222972972972979,1.0,28.0,72.0,0.0048161167651414,0.0049709468148648,normal
2.1725,-0.1263513513513521,1.0,28.0,72.0,0.0049727736040949,0.0052920179441571,normal
1.255125,-0.1047297297297305,1.0,28.0,72.0,0.005297353491187,0.0045089893974363,normal
0.911375,-0.0533783783783788,1.0,28.0,72.0,0.0045544127933681,0.0048986249603331,normal
1.423875,-0.1162162162162166,1.0,28.0,72.0,0.0047291656956076,0.0047784852795302,normal
2.3095,-0.1304054054054039,1.0,28.0,72.0,0.004788844846189,0.006346839480102,normal
1.45275,-0.1364864864864852,1.0,28.0,72.0,0.0064589590765535,0.004157165531069,normal
0.917125,-0.1466216216216208,1.0,28.0,71.0,0.0045218816958367,0.004245257936418,normal
0.917375,-0.124324324324325,1.0,28.0,72.0,0.0045925355516374,0.0060517466627061,normal
1.296,-0.1500000000000008,1.0,28.0,72.0,0.0062344851903617,0.0043660621158778,normal
2.09275,-0.1297297297297298,1.0,28.0,72.0,0.0045829168520867,0.0067450422793626,normal
1.724375,-0.1121621621621624,1.0,28.0,72.0,0.0069794738665223,0.0047024195082485,normal
1.25575,-0.0885135135135136,1.0,28.0,72.0,0.0051465784199535,0.0066967676393687,normal
1.540125,-0.0777027027027016,1.0,28.0,72.0,0.0070406957529485,0.0058052875101566,normal
2.1765,-0.1675675675675683,1.0,28.0,71.0,0.0060407435521483,0.005458750296384,normal
2.131875,-0.1108108108108094,1.0,28.0,71.0,0.0056686918251216,0.0055245603434741,normal
2.30625,-0.0898648648648642,1.0,28.0,71.0,0.0056111998856067,0.008076480589807,normal
1.73425,-0.1101351351351353,1.0,28.0,71.0,0.0082050831988453,0.0090698795393109,normal
2.2965,-0.1425675675675665,1.0,28.0,72.0,0.0093525582924485,0.0073252222500741,normal
1.757375,-0.1385135135135123,1.0,28.0,72.0,0.0073534906841814,0.0083924792706966,normal
0.9575,-0.1128378378378365,1.0,28.0,72.0,0.0083963684737682,0.006328459829092,normal
1.92825,-0.1006756756756762,1.0,28.0,71.0,0.0064717195928096,0.0099583975970745,normal
2.012875,-0.1655405405405412,1.0,28.0,71.0,0.0098530324175953,0.0085735572502017,normal
1.569375,-0.1608108108108105,1.0,28.0,71.0,0.0083281639963388,0.0116451615467667,normal
1.119,-0.0087837837837825,1.0,28.0,71.0,0.0115742236375808,0.0102665219455957,normal
2.05325,-0.1527027027027021,1.0,28.0,71.0,0.0100226439535617,0.0097642689943313,normal
0.983,-0.1452702702702701,1.0,28.0,71.0,0.0098959375172853,0.0088627198711037,normal
1.027375,-0.1425675675675665,1.0,28.0,71.0,0.0089735314249992,0.0076078246347606,normal
2.1045000000000003,-0.1054054054054046,1.0,28.0,71.0,0.0078391628339886,0.0101585751399397,normal
0.98275,-0.1459459459459466,1.0,29.0,71.0,0.0105064613744616,0.0074454103596508,normal
1.979375,-0.1013513513513503,1.0,29.0,71.0,0.007558608893305,0.0093409530818462,normal
1.078375,-0.1702702702702695,1.0,29.0,71.0,0.0093086641281843,0.0079733021557331,normal
1.463125,-0.0783783783783781,1.0,29.0,71.0,0.0080447103828191,0.0096456026658415,normal
2.29575,-0.1189189189189178,1.0,29.0,71.0,0.0096383299678564,0.0080967843532562,normal
2.0848750000000003,-0.0999999999999997,1.0,29.0,71.0,0.0081078773364424,0.0074643157422542,normal
2.287,-0.1236486486486485,1.0,29.0,71.0,0.0076138935983181,0.0086073894053697,normal
1.55225,-0.0520270270270258,1.0,29.0,71.0,0.0085396142676472,0.0087360059842467,normal
2.13,-0.1466216216216208,1.0,29.0,71.0,0.0087436735630035,0.0082738138735294,normal
0.91325,-0.1202702702702708,1.0,29.0,71.0,0.0083404267206788,0.0093454923480749,normal
1.2205,-0.1047297297297305,1.0,29.0,71.0,0.0089647145941853,0.0072752800770103,normal
1.397125,-0.0844594594594594,1.0,29.0,71.0,0.0073441970162093,0.0110306236892938,normal
0.938375,-0.113513513513513,1.0,29.0,71.0,0.0110476054251194,0.0081639438867568,normal
1.92525,-0.0817567567567558,1.0,29.0,70.0,0.0079681538045406,0.0071888756938278,normal
1.351375,-0.0547297297297294,1.0,28.0,68.0,0.0007057795301079,0.0097124576568603,normal
2.235625,-0.113513513513513,1.0,28.0,68.0,,0.0097711263224482,normal
0.924875,-0.1195945945945943,1.0,28.0,69.0,0.0096479905769228,0.007750489283353,normal
2.30875,0.0601351351351366,1.0,28.0,69.0,0.0077958228066563,0.0112974690273404,normal
0.99775,-0.1547297297297292,1.0,28.0,69.0,0.0113151082769036,0.0077959541231393,normal
1.523,-0.1108108108108094,1.0,28.0,69.0,0.0079788584262132,0.0112337423488497,normal
1.84175,-0.1290540540540533,1.0,28.0,70.0,0.0111023914068937,0.0077165393158793,normal
1.719375,-0.1108108108108094,1.0,28.0,70.0,0.0079896608367562,0.0122773740440607,normal
0.93825,-0.122972972972972,1.0,28.0,70.0,0.0122403725981712,0.0084526976570487,normal
1.467,-0.113513513513513,1.0,28.0,70.0,0.0086215892806649,0.0131007190793752,normal
1.613375,0.009459459459459,1.0,28.0,70.0,0.0129373148083686,0.0095433657988905,normal
1.364875,-0.1540540540540527,1.0,28.0,70.0,0.0097497086971998,0.01303247269243,normal
2.09175,-0.1439189189189195,1.0,29.0,70.0,0.0128885908052325,0.0090034464374184,normal
2.2527500000000003,-0.1047297297297305,1.0,29.0,70.0,0.0090440195053815,0.0109958294779062,normal
1.272,-0.08581081081081,1.0,29.0,70.0,0.0108469640836119,0.0085736606270074,normal
1.033875,-0.096621621621622,1.0,29.0,70.0,0.0086377682164311,0.0096706952899694,normal
2.30125,-0.1067567567567576,1.0,29.0,70.0,0.0095550743862986,0.0079201282933354,normal
1.431375,-0.1418918918918924,1.0,29.0,70.0,0.0079805059358477,0.0098958471789956,normal
1.698,-0.1486486486486478,1.0,29.0,70.0,0.0096601489931344,0.0077145462855696,normal
1.251125,-0.1087837837837823,1.0,29.0,70.0,0.0077942796051502,0.0088417176157236,normal
1.056875,-0.1081081081081082,1.0,29.0,70.0,0.0088960537686944,0.0074979127384722,normal
1.483125,-0.1351351351351346,1.0,29.0,70.0,0.0076164538040757,0.0097262915223836,normal
1.329375,-0.1385135135135123,1.0,29.0,70.0,0.00973657425493,0.0079496977850794,normal
2.31075,-0.1249999999999991,1.0,29.0,69.0,0.0078499652445316,0.0097556253895163,normal
2.296125,-0.1513513513513515,1.0,29.0,69.0,0.0096097504720091,0.0088814869523048,normal
1.206125,-0.0925675675675678,1.0,29.0,70.0,0.0088350120931863,0.008749715052545,normal
1.279,-0.076351351351351,1.0,29.0,70.0,0.0088316071778535,0.0088042728602886,normal
1.82175,-0.0993243243243232,1.0,29.0,70.0,0.0085504921153187,0.0090526696294546,normal
1.200625,-0.133783783783784,1.0,29.0,70.0,0.0089818080887198,0.0079802637919783,normal
2.238875,-0.1094594594594588,1.0,29.0,70.0,0.0079389987513422,0.0095382444560527,normal
1.4315,-0.143243243243243,1.0,29.0,70.0,0.0093852067366242,0.0078450171276927,normal
0.9715,-0.1459459459459466,1.0,29.0,70.0,0.0079683884978294,0.0078965993598103,normal
0.915,-0.1317567567567569,1.0,29.0,70.0,0.0079421820119023,0.0081581510603427,normal
2.115625,-0.1108108108108094,1.0,29.0,69.0,0.008037312887609,0.0088259810581803,normal
1.7455,-0.1358108108108111,1.0,29.0,69.0,0.0090401712805032,0.0119839552789926,normal
0.91375,-0.122972972972972,1.0,29.0,70.0,0.01187757961452,0.0088237663730978,normal
1.0195,-0.1358108108108111,1.0,29.0,70.0,0.0088241891935467,0.0106583023443818,normal
1.992125,-0.1412162162162159,1.0,29.0,70.0,0.0106406426057219,0.0085414759814739,normal
1.021875,-0.1101351351351353,1.0,29.0,70.0,0.0085503198206424,0.0101146809756755,normal
2.290875,-0.1060810810810811,1.0,29.0,69.0,0.0096759544685482,0.0077645368874073,normal
1.550125,-0.0304054054054041,1.0,29.0,69.0,0.0079831490293145,0.0107649341225624,normal
2.310375,-0.1743243243243237,1.0,29.0,69.0,0.0106670558452606,0.0079061286523938,normal
0.958,-0.124324324324325,1.0,29.0,69.0,0.0078438483178615,0.0116832572966814,normal
2.21625,-0.1128378378378365,1.0,29.0,69.0,0.0114909065887331,0.0082521811127662,normal
0.9865,-0.1087837837837823,1.0,29.0,69.0,0.0082084191963076,0.0120599931105971,normal
1.798125,-0.1222972972972979,1.0,29.0,69.0,0.0115265510976314,0.0081703448668122,normal
2.308875,-0.1249999999999991,1.0,29.0,69.0,0.008248271420598,0.013213550671935,normal
0.96675,-0.1331081081081075,1.0,29.0,69.0,0.0126331420615315,0.009192724712193,normal
2.24475,-0.1101351351351353,1.0,29.0,69.0,0.0091139879077672,0.0127670047804713,normal
1.111,-0.1472972972972973,1.0,29.0,69.0,0.0123697575181722,0.0089867208153009,normal
1.826875,-0.1317567567567569,1.0,29.0,69.0,0.0089477812871336,0.0108504248782992,normal
1.896,-0.1628378378378376,1.0,29.0,69.0,0.0111480094492435,0.0081313084810972,normal
0.92225,-0.1270270270270262,1.0,29.0,69.0,0.008037706837058,0.0100128455087542,normal
2.013,-0.1682432432432424,1.0,29.0,69.0,0.0099967624992132,0.0076777865178883,normal
1.485375,-0.1439189189189195,1.0,29.0,69.0,0.0077213901095092,0.0094264298677444,normal
0.964375,-0.1513513513513515,1.0,29.0,69.0,0.0094241397455334,0.00739616015926,normal
1.821,-0.0675675675675661,1.0,29.0,69.0,0.0073388200253248,0.0090357568114995,normal
0.94075,-0.1027027027027033,1.0,29.0,69.0,0.0090266084298491,0.0074290232732892,normal
1.484,-0.1013513513513503,1.0,29.0,69.0,0.0074976775795221,0.009409399703145,normal
2.070875,-0.1290540540540533,1.0,29.0,69.0,0.0092380167916417,0.0076188896782696,normal
1.041125,0.020270270270271,1.0,29.0,69.0,0.0078416755422949,0.0097568156197667,normal
2.132375,-0.150675675675675,1.0,29.0,69.0,0.0095077482983469,0.0076099354773759,normal
1.241875,-0.1216216216216214,1.0,29.0,69.0,0.0077521153725683,0.0096675669774413,normal
1.941625,-0.1371621621621617,1.0,29.0,69.0,0.0096951993182301,0.0076416083611547,normal
1.60025,-0.0844594594594594,1.0,29.0,69.0,0.0077354861423373,0.0105580231174826,normal
0.912,-0.0533783783783788,1.0,28.0,71.0,0.0007194121135398,0.0063875159248709,normal
2.30825,-0.1662162162162153,1.0,28.0,71.0,,0.0062734521925449,normal
1.086625,-0.1297297297297298,1.0,28.0,72.0,0.0059703732840716,0.0050372201949357,normal
1.9015,-0.1283783783783792,1.0,28.0,72.0,0.0050036162137985,0.0057509578764438,normal
1.111125,-0.1277027027027027,1.0,28.0,72.0,0.0057173818349838,0.0046461662277579,normal
0.997625,-0.0689189189189191,1.0,28.0,72.0,0.0045936084352433,0.0048412573523819,normal
0.983875,-0.0878378378378371,1.0,28.0,72.0,0.0049819978885352,0.0046879220753908,normal
0.927125,-0.0831081081081088,1.0,28.0,72.0,0.0045848889276385,0.0042590289376676,normal
1.328625,-0.1439189189189195,1.0,28.0,72.0,0.0045234803110361,0.006300606764853,normal
0.994875,-0.1270270270270262,1.0,28.0,72.0,0.0062071713618934,0.0049030883237719,normal
2.201375,-0.1121621621621624,1.0,28.0,72.0,0.0047727418132126,0.0051985485479235,normal
1.472375,-0.1331081081081075,1.0,28.0,72.0,0.00518798828125,0.0046971049159765,normal
1.312625,-0.0864864864864865,1.0,28.0,72.0,0.0047190971672534,0.0064675123430788,normal
2.282125,-0.1270270270270262,1.0,28.0,72.0,0.0063390685245394,0.0043786149471998,normal
2.300375,-0.087162162162163,1.0,28.0,72.0,0.0044841603375971,0.0070466678589582,normal
1.065,0.0405405405405396,1.0,28.0,72.0,0.0069791069254279,0.0052333562634885,normal
2.232625,-0.1351351351351346,1.0,28.0,72.0,0.0051500801928341,0.0063667832873761,normal
0.959625,-0.1351351351351346,1.0,28.0,72.0,0.0062342220917344,0.0052557843737304,normal
2.189875,-0.0756756756756745,1.0,28.0,72.0,0.0050638974644243,0.0055151563137769,normal
0.989125,-0.0810810810810817,1.0,28.0,72.0,0.0054410281591117,0.0048883138224482,normal
2.1710000000000003,-0.0790540540540546,1.0,28.0,72.0,0.0048108780756592,0.0047687971964478,normal
1.440125,-0.1216216216216214,1.0,28.0,72.0,0.004766983911395,0.0050010699778795,normal
0.944,-0.1486486486486478,1.0,28.0,72.0,0.0051635601557791,0.0065678949467837,normal
2.2745,-0.1209459459459449,1.0,28.0,72.0,0.0065960111096501,0.0061459774151444,normal
1.397875,-0.1391891891891888,1.0,28.0,72.0,0.0061738234944641,0.0060393386520445,normal
2.24775,-0.1175675675675672,1.0,28.0,72.0,0.0060275816358625,0.0046038017608225,normal
1.447125,-0.124324324324325,1.0,28.0,72.0,0.0046415785327553,0.0054705282673239,normal
1.839375,-0.1263513513513521,1.0,28.0,72.0,0.0055282558314502,0.0050101350061595,normal
1.496,-0.0628378378378378,1.0,28.0,72.0,0.0050485832616686,0.0078153787180781,normal
2.195625,-0.1527027027027021,1.0,28.0,72.0,0.007519828621298,0.0047960486263036,normal
1.172875,-0.1425675675675665,1.0,28.0,72.0,0.0049807871691882,0.0067454227246344,normal
1.363,-0.1168918918918907,1.0,28.0,72.0,0.0066152559593319,0.0045456383377313,normal
1.286375,-0.1013513513513503,1.0,28.0,72.0,0.0046249632723629,0.0065283742733299,normal
1.78275,-0.0959459459459455,1.0,28.0,72.0,0.0065528508275747,0.0060255955904722,normal
1.327125,-0.1074324324324317,1.0,28.0,72.0,0.005613774061203,0.005361059680581,normal
2.008125,-0.0979729729729726,1.0,28.0,71.0,0.005316964816302,0.005070409271866,normal
1.135875,-0.1358108108108111,1.0,28.0,71.0,0.0051871440373361,0.0065528508275747,normal
1.950125,-0.1067567567567576,1.0,28.0,72.0,0.0064567513763904,0.004679022822529,normal
1.92175,-0.0689189189189191,1.0,28.0,72.0,0.0047791358083486,0.0071597215719521,normal
1.31775,-0.0729729729729733,1.0,28.0,72.0,0.0070729088038206,0.0049597225151956,normal
1.60425,-0.1067567567567576,1.0,28.0,72.0,0.0050179548561573,0.0053892382420599,normal
2.3065,0.0006756756756765,1.0,28.0,72.0,0.0056914105080068,0.0048679206520318,normal
1.035375,-0.1391891891891888,1.0,28.0,72.0,0.0051861545071005,0.0048833801411092,normal
2.2825,-0.133783783783784,1.0,28.0,72.0,0.0051099299453198,0.0049439654685556,normal
0.93175,-0.1364864864864852,1.0,28.0,72.0,0.0049089980311691,0.0044687837362289,normal
1.456625,-0.0695945945945932,1.0,28.0,72.0,0.004515141248703,0.0062479241751134,normal
2.00125,-0.1067567567567576,1.0,28.0,72.0,0.0062864618375897,0.0048044011928141,normal
1.097625,-0.066891891891892,1.0,28.0,72.0,0.0048726885579526,0.0054088775068521,normal
2.237875,0.0256756756756758,1.0,28.0,72.0,0.0055303387343883,0.0059969672001898,normal
1.445,-0.1371621621621617,1.0,28.0,72.0,0.0059355096891522,0.0047276918776333,normal
1.004875,-0.1189189189189178,1.0,28.0,72.0,0.0047342246398329,0.0054934825748205,normal
1.012375,-0.0885135135135136,1.0,28.0,72.0,0.0053383549675345,0.0041361558251082,normal
2.288875,-0.1013513513513503,1.0,28.0,72.0,0.0042432234622538,0.0065785935148596,normal
1.3075,-0.0844594594594594,1.0,28.0,72.0,0.0064059649594128,0.0048293895088136,normal
1.213375,-0.096621621621622,1.0,28.0,72.0,0.0050433930009603,0.0063134641386568,normal
2.027125,-0.1358108108108111,1.0,28.0,72.0,0.0063332002609968,0.0053922208026051,normal
2.138375,-0.1581081081081069,1.0,28.0,72.0,0.005197946447879,0.0054413811303675,normal
0.9325,-0.1263513513513521,1.0,28.0,71.0,0.0054081990383565,0.0048538520932197,normal
1.452125,-0.1486486486486478,1.0,28.0,72.0,0.0049120704643428,0.0058294939808547,normal
1.482125,-0.1398648648648653,1.0,28.0,72.0,0.0056848642416298,0.0055214324966073,normal
2.306125,-0.1493243243243243,1.0,28.0,72.0,0.0055934293195605,0.0063279271125793,normal
1.64875,-0.1195945945945943,1.0,28.0,72.0,0.0061021661385893,0.0050431648269295,normal
1.14275,-0.1148648648648636,1.0,28.0,71.0,0.0050241551361978,0.0047017759643495,normal
1.916125,-0.0918918918918913,1.0,28.0,71.0,0.0048415688797831,0.0060928519815206,normal
2.198,-0.1054054054054046,1.0,28.0,72.0,0.0060080252587795,0.0047069936990737,normal
1.378375,-0.122972972972972,1.0,29.0,69.0,0.000735079171136,0.0143437320366501,normal
1.58775,-0.1581081081081069,1.0,29.0,70.0,,0.0089693171903491,normal
2.228,-0.1412162162162159,1.0,29.0,70.0,0.0084851393476128,0.0119623718783259,normal
2.181875,-0.1351351351351346,1.0,29.0,70.0,0.0118921883404254,0.0093716578558087,normal
0.944875,-0.1168918918918907,1.0,29.0,71.0,0.0096335550770163,0.0143615379929542,normal
1.714375,-0.1344594594594581,1.0,29.0,71.0,0.0137269105762243,0.0095075191929936,normal
0.911625,-0.1445945945945936,1.0,29.0,71.0,0.0098440088331699,0.010564805008471,normal
1.203,-0.1486486486486478,1.0,29.0,71.0,0.0098458770662546,0.0114554613828659,normal
2.260125,-0.1398648648648653,1.0,29.0,71.0,0.0114480704069137,0.0115138534456491,normal
1.757375,-0.1445945945945936,1.0,29.0,70.0,0.0116667114198207,0.0099357897415757,normal
2.271375,-0.1209459459459449,1.0,29.0,71.0,0.0097455289214849,0.0146372476592659,normal
1.741375,-0.0243243243243228,1.0,29.0,71.0,0.0136938737705349,0.008845523931086,normal
0.963125,-0.1412162162162159,1.0,29.0,71.0,0.0087854294106364,0.010045058093965,normal
1.782875,-0.124324324324325,1.0,29.0,71.0,0.0098780766129493,0.0113973608240485,normal
1.94075,-0.0864864864864865,1.0,29.0,71.0,0.0115213058888912,0.0105132292956113,normal
1.744125,-0.1074324324324317,1.0,29.0,71.0,0.0104686915874481,0.0104042934253811,normal
1.0025,-0.1222972972972979,1.0,29.0,71.0,0.0103452447801828,0.0082947816699743,normal
1.41375,-0.1405405405405394,1.0,29.0,71.0,0.0085286116227507,0.013150786049664,normal
2.017375,0.0358108108108113,1.0,29.0,70.0,0.012873463332653,0.0107882265001535,normal
1.32725,-0.1256756756756756,1.0,29.0,70.0,0.0105259278789162,0.0101475864648818,normal
2.303125,-0.143243243243243,1.0,29.0,70.0,0.0099846115335822,0.0102732963860034,normal
2.13025,-0.1101351351351353,1.0,29.0,70.0,0.0104393232613801,0.0135203385725617,normal
1.60375,-0.08581081081081,1.0,29.0,71.0,0.0135400192812085,0.0092349098995327,normal
1.236375,-0.1168918918918907,1.0,29.0,71.0,0.0097629334777593,0.0100563308224082,normal
2.306375,-0.1331081081081075,1.0,29.0,71.0,0.0099680097773671,0.0114857368171215,normal
1.08225,-0.1472972972972973,1.0,29.0,71.0,0.011835865676403,0.0118838353082537,normal
1.448,-0.1114864864864859,1.0,29.0,71.0,0.0118108633905649,0.0102002201601862,normal
1.70175,-0.189864864864864,1.0,29.0,71.0,0.0101967602968215,0.0090244011953473,normal
1.41425,-0.1513513513513515,1.0,29.0,71.0,0.009262278676033,0.0129536325111985,normal
1.021125,-0.1304054054054039,1.0,29.0,71.0,0.0129505386576056,0.0116554517298936,normal
1.402625,-0.1263513513513521,1.0,29.0,71.0,0.0115188769996166,0.0101401880383491,normal
2.188,-0.150675675675675,1.0,29.0,71.0,0.0099443988874554,0.0095066130161285,normal
1.0735,-0.1405405405405394,1.0,29.0,71.0,0.0099912406876683,0.0112307593226432,normal
1.4495,-0.1290540540540533,1.0,29.0,71.0,0.0109801068902015,0.0159747060388326,normal
1.11725,-0.1770270270270273,1.0,29.0,71.0,0.015789546072483,0.0089059425517916,normal
2.262625,-0.1249999999999991,1.0,29.0,71.0,0.0089212292805314,0.0108735859394073,normal
1.89325,-0.1581081081081069,1.0,29.0,71.0,0.0106911035254597,0.0097862118855118,normal
1.501375,-0.1277027027027027,1.0,29.0,71.0,0.0100035723298788,0.0110334539785981,normal
1.90775,-0.1013513513513503,1.0,29.0,71.0,0.0100433696061372,0.0095782224088907,normal
0.952625,-0.1121621621621624,1.0,29.0,71.0,0.009424852207303,0.0094145480543375,normal
1.0045,-0.1304054054054039,1.0,29.0,71.0,0.009438844397664,0.0129052819684147,normal
2.191875,-0.1493243243243243,1.0,29.0,71.0,0.0128260469064116,0.0102548543363809,normal
1.979,-0.1493243243243243,1.0,29.0,71.0,0.0102181360125541,0.0121716214343905,normal
0.927625,-0.1270270270270262,1.0,29.0,71.0,0.0121465772390365,0.008791553787887,normal
2.207625,-0.0885135135135136,1.0,29.0,71.0,0.0086809638887643,0.0138356108218431,normal
1.104875,-0.1189189189189178,1.0,29.0,70.0,0.0136223342269659,0.0109255695715546,normal
0.936125,-0.0108108108108096,1.0,29.0,70.0,0.0107671068981289,0.0107763865962624,normal
2.183125,-0.1540540540540527,1.0,29.0,70.0,0.0109505234286189,0.0104275103658437,normal
2.285,-0.1540540540540527,1.0,29.0,70.0,0.010202039964497,0.0135776652023196,normal
1.0085,-0.1189189189189178,1.0,29.0,70.0,0.0136516615748405,0.0088357180356979,normal
1.268625,-0.1256756756756756,1.0,29.0,70.0,0.0085298707708716,0.0123907458037137,normal
1.02325,-0.0817567567567558,1.0,29.0,70.0,0.012388240545988,0.0102145308628678,normal
1.33875,-0.1554054054054057,1.0,29.0,71.0,0.0104293031617999,0.0131209464743733,normal
1.084625,-0.1141891891891895,1.0,29.0,71.0,0.012977672740817,0.0089985746890306,normal
1.879,-0.1547297297297292,1.0,29.0,71.0,0.0091922124847769,0.0097441244870424,normal
0.917625,-0.1459459459459466,1.0,29.0,71.0,0.0097966752946376,0.0107438135892152,normal
1.762875,-0.1459459459459466,1.0,29.0,71.0,0.0104125281795859,0.0088878879323601,normal
1.288625,-0.1364864864864852,1.0,29.0,71.0,0.0090668834745883,0.0102521758526563,normal
1.9355,-0.1493243243243243,1.0,29.0,71.0,0.0104469070211052,0.0096267946064472,normal
2.07075,-0.150675675675675,1.0,29.0,71.0,0.0094012413173913,0.0149390529841184,normal
0.912875,-0.1344594594594581,1.0,29.0,71.0,0.0140627836808562,0.0103686209768056,normal
1.684875,-0.0986486486486491,1.0,29.0,71.0,0.0105003854259848,0.0100539568811655,normal
1.036875,-0.0168918918918909,1.0,28.0,71.0,0.000280166597804,0.0049540754407644,normal
1.1955,-0.0945945945945949,1.0,28.0,72.0,,0.0043676537461578,normal
1.8865,-0.0932432432432419,1.0,28.0,72.0,0.004345356952399,0.0044304397888481,normal
1.328875,-0.1290540540540533,1.0,28.0,72.0,0.0043319044634699,0.004214581567794,normal
2.012375,-0.1128378378378365,1.0,28.0,72.0,0.0041285785846412,0.0052491757087409,normal
1.438375,-0.1114864864864859,1.0,28.0,72.0,0.0051543498411774,0.005265659186989,normal
2.2395,-0.0709459459459462,1.0,28.0,72.0,0.0051540108397603,0.0059912716969847,normal
1.040875,-0.113513513513513,1.0,28.0,72.0,0.0061004986055195,0.0062573906034231,normal
2.032625,-0.1513513513513515,1.0,28.0,72.0,0.0061583779752254,0.0051131546497344,normal
1.15425,-0.0891891891891877,1.0,28.0,72.0,0.0049825585447251,0.0058445590548217,normal
2.299875,-0.1141891891891895,1.0,28.0,72.0,0.005983549170196,0.0068984813988208,normal
0.931625,-0.1128378378378365,1.0,28.0,72.0,0.0067274859175086,0.0054469793103635,normal
1.072625,-0.1540540540540527,1.0,28.0,72.0,0.0052863848395645,0.0062110051512718,normal
2.211,-0.1466216216216208,1.0,28.0,72.0,0.0063332072459161,0.0058634439483284,normal
2.2935,-0.122972972972972,1.0,28.0,72.0,0.0056870719417929,0.0059276348911225,normal
2.258625,-0.1067567567567576,1.0,28.0,72.0,0.0057912883348762,0.0055518187582492,normal
1.483125,-0.0918918918918913,1.0,28.0,72.0,0.0053220512345433,0.006629248149693,normal
1.034125,-0.096621621621622,1.0,28.0,72.0,0.0065306578762829,0.0062071094289422,normal
2.042625,-0.150675675675675,1.0,28.0,72.0,0.0060547082684934,0.0060099493712186,normal
1.453125,-0.1939189189189182,1.0,28.0,72.0,0.0060221217572689,0.006792610976845,normal
0.944625,-0.1378378378378382,1.0,28.0,72.0,0.006879236549139,0.0067562805488705,normal
1.355375,-0.1344594594594581,1.0,28.0,72.0,0.0066940481774508,0.005970490630716,normal
2.018,-0.1081081081081082,1.0,28.0,72.0,0.0056816809810698,0.0050143217667937,normal
1.606875,-0.1033783783783775,1.0,28.0,72.0,0.0052566425874829,0.0058110174722969,normal
0.921,-0.1074324324324317,1.0,28.0,72.0,0.0055350307375192,0.0050547141581773,normal
2.26225,-0.0804054054054052,1.0,28.0,72.0,0.0049337237142026,0.0063277473673224,normal
1.182,0.0040540540540542,1.0,28.0,72.0,0.0064241853542625,0.0068946476094424,normal
1.451875,-0.0932432432432419,1.0,28.0,72.0,0.0067894831299781,0.0054986653849482,normal
2.040375,-0.1175675675675672,1.0,28.0,72.0,0.0056994035840034,0.0049737975932657,normal
1.45525,-0.1047297297297305,1.0,28.0,72.0,0.0049532726407051,0.0050954944454133,normal
1.466875,-0.0945945945945949,1.0,28.0,72.0,0.0051622940227389,0.0055777966044843,normal
2.302625,-0.133783783783784,1.0,28.0,72.0,0.0055855400860309,0.0051089264452457,normal
1.202625,-0.1087837837837823,1.0,28.0,72.0,0.0052003958262503,0.0064552426338195,normal
1.185625,0.0412162162162161,1.0,28.0,72.0,0.006495012436062,0.006136393174529,normal
2.307,-0.161486486486487,1.0,28.0,72.0,0.0063089313916862,0.0063648181967437,normal
1.57025,-0.1493243243243243,1.0,28.0,72.0,0.0063907061703503,0.0058005126193165,normal
1.0655,-0.0993243243243232,1.0,28.0,72.0,0.0057747075334191,0.005405182018876,normal
2.0385,-0.0885135135135136,1.0,28.0,72.0,0.0055613270960748,0.0056162239052355,normal
1.600125,-0.076351351351351,1.0,28.0,72.0,0.0055512650869786,0.0054548131301999,normal
2.161125,-0.1020270270270268,1.0,28.0,72.0,0.0056075877510011,0.0071266777813434,normal
1.078875,-0.1628378378378376,1.0,29.0,72.0,0.0069419047795236,0.0052507878281176,normal
0.922,-0.095270270270269,1.0,29.0,72.0,0.0053991270251572,0.0065280837006866,normal
1.22525,-0.1351351351351346,1.0,29.0,72.0,0.0065081259235739,0.0057424115948379,normal
2.2022500000000003,-0.0851351351351359,1.0,29.0,72.0,0.0057372148148715,0.0058319992385804,normal
0.9215,-0.1054054054054046,1.0,29.0,72.0,0.0059220502153038,0.0050769210793077,normal
1.222625,-0.1027027027027033,1.0,29.0,72.0,0.005191019270569,0.0053424863144755,normal
1.252,-0.1310810810810804,1.0,29.0,72.0,0.0054844445548951,0.0083535881713032,normal
1.7605,-0.133783783783784,1.0,29.0,72.0,0.00871258135885,0.0083277141675353,normal
0.999875,-0.1270270270270262,1.0,29.0,72.0,0.0080920923501253,0.0081734722480177,normal
1.29,-0.1047297297297305,1.0,29.0,71.0,0.0079554272815585,0.0056391707621514,normal
0.935,-0.1351351351351346,1.0,29.0,71.0,0.0056083211675286,0.0068902326747775,normal
2.003625,-0.1310810810810804,1.0,29.0,71.0,0.0068813818506896,0.0047172703780233,normal
1.137,-0.1398648648648653,1.0,29.0,72.0,0.0049618608318269,0.0057824999094009,normal
2.303,-0.1094594594594588,1.0,29.0,72.0,0.0058163530193269,0.0052864816971123,normal
0.93225,-0.0608108108108107,1.0,29.0,72.0,0.0059825801290571,0.0073323012329638,normal
1.62125,-0.096621621621622,1.0,29.0,72.0,0.0074060973711311,0.0053943176753818,normal
1.028125,-0.1054054054054046,1.0,29.0,72.0,0.0055849659256637,0.0086130294948816,normal
1.815125,-0.2027027027027031,1.0,29.0,72.0,0.0086309937760233,0.0068200696259737,normal
1.977875,-0.1087837837837823,1.0,29.0,72.0,0.006857756525278,0.0066198646090924,normal
2.17425,-0.1412162162162159,1.0,29.0,72.0,0.0068963984958827,0.0068933051079511,normal
1.453375,-0.1182432432432437,1.0,29.0,72.0,0.0068395980633795,0.0056690103374421,normal
2.153125,-0.124324324324325,1.0,29.0,72.0,0.0058772494085133,0.0060756071470677,normal
2.269875,-0.132432432432431,1.0,29.0,72.0,0.0059356689453125,0.0062250737100839,normal
1.308,-0.124324324324325,1.0,29.0,72.0,0.0065376125276088,0.0070333536714315,normal
2.01725,0.0405405405405396,1.0,28.0,68.0,0.0009117697481997,0.0151067413389682,normal
2.160875,-0.08581081081081,1.0,28.0,69.0,,0.0109315766021609,normal
0.918375,-0.1114864864864859,1.0,28.0,69.0,0.0109716225415468,0.0150923198089003,normal
1.6755,-0.1128378378378365,1.0,28.0,70.0,0.0138642461970448,0.0113696316257119,normal
2.05275,-0.0675675675675661,1.0,28.0,69.0,0.0113092884421348,0.0128946937620639,normal
1.838625,-0.1141891891891895,1.0,28.0,70.0,0.0124003160744905,0.0109685361385345,normal
1.93325,-0.1304054054054039,1.0,28.0,70.0,0.0108936196193099,0.0160000063478946,normal
0.97725,-0.0945945945945949,1.0,28.0,70.0,0.0160048082470893,0.0105866240337491,normal
2.11975,-0.0999999999999997,1.0,28.0,70.0,0.0103666065260767,0.0133814318105578,normal
2.170125,-0.113513513513513,1.0,28.0,70.0,0.0130583262071013,0.0102827213704586,normal
1.993,-0.0905405405405407,1.0,28.0,70.0,0.0102899735793471,0.0166443288326263,normal
2.283,0.020270270270271,1.0,28.0,70.0,0.0165816191583871,0.0110974097624421,normal
1.42125,-0.1277027027027027,1.0,29.0,70.0,0.0106935668736696,0.014599242247641,normal
2.29,-0.1304054054054039,1.0,29.0,70.0,0.0147522799670696,0.0110012199729681,normal
0.911375,-0.08581081081081,1.0,29.0,70.0,0.0106374658644199,0.0135099031031131,normal
1.846625,-0.124324324324325,1.0,29.0,70.0,0.0134540786966681,0.0096901822835206,normal
1.5875,-0.1094594594594588,1.0,29.0,70.0,0.0095069799572229,0.0148759838193655,normal
1.02575,-0.1297297297297298,1.0,29.0,70.0,0.0148177724331617,0.0124679114669561,normal
1.725,-0.1013513513513503,1.0,29.0,70.0,0.0118294917047023,0.011415421962738,normal
2.01825,-0.122972972972972,1.0,29.0,70.0,0.0113005833700299,0.0098434137180447,normal
0.952625,-0.1290540540540533,1.0,29.0,70.0,0.0098207779228687,0.0159237254410982,normal
1.720125,-0.1027027027027033,1.0,29.0,70.0,0.0156062878668308,0.0112386271357536,normal
1.291375,-0.1094594594594588,1.0,29.0,70.0,0.010901833884418,0.011529617011547,normal
2.295375,-0.1074324324324317,1.0,29.0,70.0,0.0111215254291892,0.009667276404798,normal
1.4545,-0.1885135135135134,1.0,29.0,70.0,0.0095483483746647,0.0151970479637384,normal
1.975,-0.1567567567567563,1.0,29.0,70.0,0.0148662338033318,0.0105643412098288,normal
2.22375,-0.143243243243243,1.0,29.0,70.0,0.0104010961949825,0.0129933329299092,normal
0.9235,-0.1216216216216214,1.0,29.0,70.0,0.0127150621265172,0.0121149523183703,normal
1.7525,-0.133783783783784,1.0,29.0,70.0,0.0120142791420221,0.0121857728809118,normal
2.282,-0.1108108108108094,1.0,29.0,70.0,0.0118993846699595,0.0152182579040527,normal
1.04725,-0.1114864864864859,1.0,29.0,70.0,0.0150646809488534,0.0098037272691726,normal
2.240625,-0.1398648648648653,1.0,29.0,70.0,0.009661111049354,0.016289722174406,normal
1.627875,-0.1486486486486478,1.0,29.0,70.0,0.0161688141524791,0.0113391075283288,normal
1.093375,-0.1263513513513521,1.0,29.0,70.0,0.0112907430157065,0.0144441910088062,normal
2.303,-0.08581081081081,1.0,29.0,70.0,0.014194936491549,0.0102486191317439,normal
1.86175,-0.0777027027027016,1.0,29.0,70.0,0.0103081809356808,0.0195826385170221,normal
1.964625,-0.1236486486486485,1.0,29.0,70.0,0.0197556540369987,0.0123407207429409,normal
2.104375,-0.1317567567567569,1.0,29.0,70.0,0.0120896389707922,0.0131235131993889,normal
1.120625,-0.1391891891891888,1.0,29.0,70.0,0.0130509566515684,0.0105548743158578,normal
2.16475,-0.0999999999999997,1.0,29.0,70.0,0.0104374410584568,0.0172185786068439,normal
1.7645,-0.0689189189189191,1.0,29.0,70.0,0.0164658315479755,0.0124475806951522,normal
1.47775,-0.1277027027027027,1.0,29.0,70.0,0.0124577460810542,0.0120887672528624,normal
0.959125,-0.1054054054054046,1.0,29.0,70.0,0.0118761407211422,0.0105297612026333,normal
2.105125,-0.1439189189189195,1.0,29.0,70.0,0.010803167708218,0.0138415349647402,normal
1.25725,-0.104054054054054,1.0,29.0,70.0,0.0133158918470144,0.014327373355627,normal
0.91175,-0.161486486486487,1.0,29.0,70.0,0.0140980761498212,0.011477225460112,normal
1.764125,-0.1027027027027033,1.0,29.0,70.0,0.011189017444849,0.0115921543911099,normal
2.1415,-0.1412162162162159,1.0,29.0,70.0,0.0123921986669301,0.012358283624053,normal
1.189625,-0.1155405405405401,1.0,29.0,70.0,0.012223002500832,0.0136545607820153,normal
2.1575,-0.1121621621621624,1.0,29.0,70.0,0.0135527038946747,0.011298437602818,normal
1.101625,-0.1006756756756762,1.0,29.0,70.0,0.0112131824716925,0.0119070662185549,normal
2.130125,-0.0675675675675661,1.0,29.0,70.0,0.0120616890490055,0.0124731082469224,normal
1.688625,-0.0993243243243232,1.0,29.0,69.0,0.0119416043162345,0.0093614300712943,normal
0.96475,-0.0898648648648642,1.0,29.0,69.0,0.0091038644313812,0.0156120248138904,normal
2.1815,-0.0689189189189191,1.0,29.0,70.0,0.0154446698725223,0.0116156889125704,normal
2.208,-0.0905405405405407,1.0,29.0,70.0,0.0115144625306129,0.0114966705441474,normal
0.934,-0.0972972972972961,1.0,29.0,70.0,0.0115594360977411,0.0097335502505302,normal
2.067875,-0.1371621621621617,1.0,29.0,70.0,0.0096881827339529,0.0149320783093571,normal
2.2075,-0.1310810810810804,1.0,29.0,70.0,0.0150067107751965,0.0114856678992509,normal
1.1675,-0.1425675675675665,1.0,29.0,70.0,0.0116113014519214,0.0128274234011769,normal
2.191375,-0.1493243243243243,1.0,29.0,70.0,0.012625060044229,0.0101158022880554,normal
1.602125,-0.1391891891891888,1.0,29.0,70.0,0.0101863592863082,0.015617380850017,normal
0.90925,-0.0999999999999997,1.0,29.0,70.0,0.0149729410186409,0.0117838336154818,normal
2.000125,-0.0810810810810817,1.0,29.0,70.0,0.0117561528459191,0.0133767612278461,normal
2.24,-0.1452702702702701,1.0,29.0,70.0,0.0129273012280464,0.0113328443840146,normal
0.982625,-0.1371621621621617,1.0,29.0,70.0,0.011997546069324,0.0132195018231868,normal
2.30525,-0.1162162162162166,1.0,29.0,70.0,0.0126851880922913,0.0117651764303445,normal
1.800625,-0.0689189189189191,1.0,29.0,69.0,0.0015177686000242,0.0102932611480355,normal
0.9165,-0.1256756756756756,1.0,29.0,70.0,,0.0105755170807242,normal
2.134,-0.1364864864864852,1.0,29.0,70.0,0.0106161590665578,0.0083591248840093,normal
1.992875,-0.0959459459459455,1.0,29.0,70.0,0.0082225706428289,0.0106696300208568,normal
1.2145,-0.1986486486486489,1.0,29.0,71.0,0.0108349099755287,0.0098636830225586,normal
2.237,-0.1385135135135123,1.0,29.0,71.0,0.0099039226770401,0.0145460963249206,normal
1.79725,-0.1527027027027021,1.0,29.0,71.0,0.0141372438520193,0.0081262355670332,normal
2.219,-0.1493243243243243,1.0,29.0,71.0,0.0080384891480207,0.0106833735480904,normal
2.20425,-0.1520270270270255,1.0,29.0,71.0,0.010134887881577,0.0096585154533386,normal
0.945375,-0.1270270270270262,1.0,29.0,71.0,0.0105257546529173,0.0109004359692335,normal
2.302875,-0.1033783783783775,1.0,29.0,71.0,0.0109922168776392,0.0094962604343891,normal
1.995875,-0.1540540540540527,1.0,29.0,71.0,0.0097054960206151,0.0083341496065258,normal
1.641625,-0.1520270270270255,1.0,29.0,71.0,0.0081763649359345,0.0108791086822748,normal
1.358125,-0.1398648648648653,1.0,29.0,71.0,0.0110686840489506,0.0099724177271127,normal
1.535,-0.1162162162162166,1.0,29.0,70.0,0.0095007102936506,0.0094231227412819,normal
2.01375,-0.1202702702702708,1.0,29.0,71.0,0.0097849387675523,0.0093876151368021,normal
2.257125,-0.1675675675675683,1.0,29.0,71.0,0.0094007356092333,0.0099016670137643,normal
0.949125,-0.1371621621621617,1.0,29.0,71.0,0.0100008798763155,0.0081002162769436,normal
2.193625,-0.1527027027027021,1.0,29.0,71.0,0.0080061862245202,0.0120038092136383,normal
2.1445,-0.0804054054054052,1.0,29.0,71.0,0.0120889535173773,0.0090706683695316,normal
0.95725,-0.1358108108108111,1.0,29.0,71.0,0.0088573433458805,0.0108561478555202,normal
2.100375,-0.1067567567567576,1.0,29.0,71.0,0.0109206214547157,0.0079211452975869,normal
2.01975,-0.0817567567567558,1.0,29.0,71.0,0.0082296635955572,0.0121476082131266,normal
1.6285,-0.1750000000000002,1.0,29.0,71.0,0.0120483469218015,0.010434852913022,normal
1.1235,-0.1270270270270262,1.0,29.0,71.0,0.0106070516631007,0.0094458134844899,normal
1.927625,-0.1141891891891895,1.0,29.0,71.0,0.0092885196208953,0.0085320016369223,normal
1.236375,-0.1060810810810811,1.0,29.0,71.0,0.0090284906327724,0.0092609850689768,normal
0.9185,-0.1047297297297305,1.0,29.0,70.0,0.0095082186162471,0.0088171577081084,normal
1.529875,0.0121621621621626,1.0,29.0,71.0,0.0090000554919242,0.0117516824975609,normal
1.234,-0.1351351351351346,1.0,29.0,71.0,0.0116938380524516,0.010475231334567,normal
2.174375,0.0479729729729739,1.0,29.0,71.0,0.0109470495954155,0.0182105731219053,normal
1.2655,-0.1398648648648653,1.0,29.0,71.0,0.0175242871046066,0.0081696389243006,normal
1.05575,-0.1520270270270255,1.0,29.0,71.0,0.0080621903762221,0.0081134475767612,normal
2.091,-0.1452702702702701,1.0,29.0,71.0,0.0084765581414103,0.0111423274502158,normal
1.335875,-0.1236486486486485,1.0,29.0,71.0,0.0110413497313857,0.010329321026802,normal
1.1515,-0.1500000000000008,1.0,29.0,71.0,0.0101281683892011,0.0098987678065896,normal
2.047,-0.1439189189189195,1.0,29.0,71.0,0.0097214402630925,0.0083942580968141,normal
1.864,-0.1162162162162166,1.0,29.0,71.0,0.0088007366284728,0.0096504958346486,normal
1.101625,-0.1621621621621611,1.0,29.0,71.0,0.0093849301338195,0.0107523119077086,normal
2.023,-0.1412162162162159,1.0,29.0,71.0,0.0107700265944004,0.0084465462714433,normal
1.395875,-0.1358108108108111,1.0,29.0,71.0,0.0081837968900799,0.0088893827050924,normal
2.278625,-0.1364864864864852,1.0,29.0,71.0,0.0087289893999695,0.0095812529325485,normal
1.499,-0.1472972972972973,1.0,29.0,71.0,0.0097306305542588,0.014321525581181,normal
0.97825,-0.1162162162162166,1.0,29.0,71.0,0.0140009252354502,0.0083637470379471,normal
2.149875,-0.143243243243243,1.0,29.0,71.0,0.0085142040625214,0.009637133218348,normal
1.180375,-0.1033783783783775,1.0,29.0,71.0,0.0095178168267011,0.0105926031246781,normal
1.0285,-0.0945945945945949,1.0,29.0,71.0,0.010872209444642,0.0102060120552778,normal
2.15475,-0.124324324324325,1.0,29.0,71.0,0.009988977573812,0.0113575626164674,normal
1.4625,-0.1635135135135141,1.0,29.0,71.0,0.011178976856172,0.0089554563164711,normal
2.291125,-0.1459459459459466,1.0,29.0,71.0,0.0085991825908422,0.0104237664490938,normal
2.2865,-0.1304054054054039,1.0,29.0,70.0,0.0106913736090064,0.0080894213169813,normal
1.240625,-0.133783783783784,1.0,29.0,70.0,0.0083132097497582,0.0080299843102693,normal
1.07875,-0.161486486486487,1.0,29.0,70.0,0.0083127049729228,0.0085203414782881,normal
1.047625,-0.1439189189189195,1.0,29.0,70.0,0.0087156193330883,0.01077442150563,normal
1.596125,-0.1310810810810804,1.0,29.0,70.0,0.0112675260752439,0.0078343739733099,normal
1.75075,-0.1195945945945943,1.0,29.0,70.0,0.0083073209971189,0.0101807676255702,normal
0.983125,-0.1277027027027027,1.0,29.0,70.0,0.0105649782344698,0.0077743497677147,normal
1.021,-0.1472972972972973,1.0,29.0,70.0,0.0079079829156398,0.0083022695034742,normal
1.3305,-0.1263513513513521,1.0,29.0,70.0,0.0083914138376712,0.0079435668885707,normal
2.038375,0.0405405405405396,1.0,29.0,70.0,0.0080625992268323,0.0120343193411827,normal
2.299125,-0.1425675675675665,1.0,29.0,70.0,0.0121451932936906,0.0069386521354317,normal
2.23475,-0.1560810810810798,1.0,29.0,70.0,0.0074907089583575,0.0099724316969513,normal
1.664,-0.1554054054054057,1.0,29.0,70.0,0.0101649556308984,0.0078021958470344,normal
1.737625,0.0067567567567578,1.0,28.0,69.0,0.0007702816510573,0.0075468863360583,normal
1.735,-0.1175675675675672,1.0,28.0,70.0,,0.0059780408628284,normal
1.697625,-0.1486486486486478,1.0,28.0,70.0,0.006454661488533,0.0091956863179802,normal
1.8515,-0.1527027027027021,1.0,28.0,70.0,0.0090842321515083,0.0064043803140521,normal
1.484375,0.0006756756756765,1.0,28.0,71.0,0.0064801964908838,0.0159602165222167,normal
2.003625,-0.1398648648648653,1.0,28.0,71.0,0.0158586632460355,0.0063054990023374,normal
2.247875,-0.1148648648648636,1.0,29.0,71.0,0.0062545742839574,0.0094003556296229,normal
1.26025,-0.1317567567567569,1.0,29.0,70.0,0.0095719043165445,0.0116054126992821,normal
1.89625,-0.1479729729729738,1.0,29.0,70.0,0.0114247435703873,0.0094693275168538,normal
0.94475,-0.1743243243243237,1.0,29.0,71.0,0.009526896290481,0.0118301007896661,normal
1.791375,-0.124324324324325,1.0,29.0,71.0,0.0115794902667403,0.0087225120514631,normal
0.9555,-0.1074324324324317,1.0,29.0,71.0,0.0087058972567319,0.0098317256197333,normal
2.113875,-0.1054054054054046,1.0,29.0,70.0,0.0098882624879479,0.0103872772306203,normal
0.927625,-0.1452702702702701,1.0,29.0,70.0,0.0102407028898596,0.0110655557364225,normal
2.306375,-0.1418918918918924,1.0,29.0,70.0,0.0109918368980288,0.0102636776864528,normal
2.0215,-0.1790540540540544,1.0,29.0,70.0,0.0101204589009284,0.0084896786138415,normal
1.156125,-0.1486486486486478,1.0,29.0,70.0,0.0087512992322444,0.0099335750564932,normal
0.9875,-0.1202702702702708,1.0,29.0,70.0,0.010010402649641,0.0088616888970136,normal
1.780125,-0.1527027027027021,1.0,29.0,70.0,0.0087148444727063,0.0101240025833249,normal
1.19225,-0.1398648648648653,1.0,29.0,70.0,0.0102004623040556,0.0093287117779254,normal
2.213125,-0.0101351351351355,1.0,29.0,70.0,0.0090626617893576,0.010856769979,normal
1.125875,-0.1520270270270255,1.0,29.0,70.0,0.0108802914619445,0.009907541796565,normal
2.250125,-0.1689189189189189,1.0,29.0,70.0,0.0103434594348073,0.0103930691257119,normal
2.189125,-0.1466216216216208,1.0,29.0,70.0,0.0104055739939212,0.0087974285706877,normal
1.337,-0.1439189189189195,1.0,29.0,70.0,0.008964542299509,0.0089993635192513,normal
2.21475,-0.1466216216216208,1.0,29.0,69.0,0.0091024804860353,0.0094937346875667,normal
2.220375,-0.1682432432432424,1.0,29.0,70.0,0.0094516882672905,0.0096544399857521,normal
1.660375,-0.1385135135135123,1.0,29.0,70.0,0.0097060501575469,0.0085717514157295,normal
2.258,-0.1108108108108094,1.0,29.0,70.0,0.0086578857153654,0.0079537322744727,normal
1.000125,-0.0182432432432439,1.0,29.0,70.0,0.008123654872179,0.0104752173647284,normal
1.24475,0.0121621621621626,1.0,29.0,70.0,0.0102091403678059,0.0103070037439465,normal
0.970625,-0.1574324324324328,1.0,29.0,70.0,0.0103464759886264,0.0099967904388904,normal
2.062125,-0.048648648648648,1.0,29.0,70.0,0.0099661415442824,0.0095580574125051,normal
1.582375,-0.1020270270270268,1.0,29.0,69.0,0.0094064101576805,0.0080584194511175,normal
1.265,-0.0750000000000004,1.0,29.0,70.0,0.0083840573206543,0.0093416310846805,normal
0.974375,-0.0310810810810806,1.0,29.0,69.0,0.0096588069573044,0.0091976448893547,normal
2.142,-0.0445945945945938,1.0,29.0,70.0,0.0091132204979658,0.0097329271957278,normal
1.320375,-0.0885135135135136,1.0,29.0,69.0,0.0097664417698979,0.0102704176679253,normal
1.57575,-0.1155405405405401,1.0,29.0,70.0,0.010153136216104,0.0103631047531962,normal
1.136875,-0.0331081081081077,1.0,29.0,70.0,0.0100755896419286,0.0097262011840939,normal
2.16625,-0.0344594594594583,1.0,29.0,70.0,0.0098668523132801,0.0108790388330817,normal
1.136,-0.1155405405405401,1.0,29.0,69.0,0.0106634367257356,0.0094586294144392,normal
2.3055,-0.0331081081081077,1.0,29.0,69.0,0.009273475036025,0.0084532517939805,normal
1.819375,-0.0331081081081077,1.0,29.0,69.0,0.0084998030215501,0.0092010153457522,normal
2.2665,-0.0648648648648649,1.0,29.0,70.0,0.0093264766037464,0.0085315313190221,normal
2.024375,-0.1581081081081069,1.0,29.0,69.0,0.0006957177538424,0.0126823168247938,normal
1.19725,-0.1175675675675672,1.0,29.0,70.0,,0.0099033070728182,normal
2.22875,-0.1195945945945943,1.0,29.0,70.0,0.0098701324313879,0.0101211508736014,normal
0.925625,-0.1094594594594588,1.0,29.0,70.0,0.0103539982810616,0.0124195329844951,normal
2.2945,-0.0918918918918913,1.0,29.0,70.0,0.011920366436243,0.0113691538572311,normal
0.947375,-0.095270270270269,1.0,29.0,71.0,0.011188325472176,0.010034255683422,normal
2.048125,-0.132432432432431,1.0,29.0,71.0,0.0101437177509069,0.009762137196958,normal
1.98825,-0.1831081081081086,1.0,29.0,71.0,0.009807457216084,0.0145887862890958,normal
1.41525,-0.1162162162162166,1.0,29.0,71.0,0.0146687552332878,0.0102455811575055,normal
2.193875,-0.1222972972972979,1.0,29.0,71.0,0.0104912789538502,0.0111082531511783,normal
0.9275,-0.1689189189189189,1.0,29.0,71.0,0.0109935039654374,0.0102490205317735,normal
0.914875,-0.1304054054054039,1.0,29.0,71.0,0.0106023047119379,0.0102689852938056,normal
2.3040000000000003,-0.0986486486486491,1.0,29.0,71.0,0.0104724839329719,0.0115965763106942,normal
0.91225,-0.1054054054054046,1.0,29.0,71.0,0.0115942163392901,0.0100407535210251,normal
1.538625,-0.1790540540540544,1.0,29.0,71.0,0.0099127395078539,0.0115678571164608,normal
0.979125,-0.143243243243243,1.0,29.0,71.0,0.0117358220741152,0.0103707518428564,normal
2.006,-0.1175675675675672,1.0,29.0,71.0,0.0101755568757653,0.0136910779401659,normal
1.01025,-0.1128378378378365,1.0,29.0,70.0,0.0132733471691608,0.0136515442281961,normal
0.92775,-0.1371621621621617,1.0,29.0,71.0,0.0130286943167448,0.0107227554544806,normal
1.798875,-0.1439189189189195,1.0,29.0,71.0,0.0107858050614595,0.0110134687274694,normal
2.298875,0.0,1.0,29.0,71.0,0.0106364004313945,0.0104224104434251,normal
0.97025,-0.133783783783784,1.0,29.0,71.0,0.0110110193490982,0.0104925734922289,normal
1.119625,-0.1155405405405401,1.0,29.0,71.0,0.0105385296046733,0.0136272264644503,normal
2.212625,-0.1168918918918907,1.0,29.0,71.0,0.0137052573263645,0.0099938148632645,normal
1.89225,-0.104054054054054,1.0,29.0,71.0,0.0098303481936454,0.011595468968153,normal
0.99075,-0.1047297297297305,1.0,29.0,71.0,0.0116631472483277,0.010042006149888,normal
1.20025,-0.1222972972972979,1.0,29.0,71.0,0.0101490737870335,0.0158915892243385,normal
0.94825,-0.1317567567567569,1.0,29.0,71.0,0.0154505930840969,0.0094423117116093,normal
0.938125,-0.1195945945945943,1.0,29.0,71.0,0.0095148207619786,0.0130160935223102,normal
2.220375,-0.0750000000000004,1.0,29.0,71.0,0.0124781876802444,0.0104883722960948,normal
1.326125,-0.0972972972972961,1.0,29.0,71.0,0.0107594048604369,0.0129387956112623,normal
2.306375,-0.1067567567567576,1.0,29.0,71.0,0.0124734891578555,0.0094557292759418,normal
1.19525,-0.1168918918918907,1.0,29.0,71.0,0.0102622238919138,0.011109298095107,normal
1.943125,0.0067567567567578,1.0,29.0,71.0,0.0112864449620246,0.011848003603518,normal
1.05325,-0.150675675675675,1.0,29.0,71.0,0.0117769129574298,0.0107256351038813,normal
1.25275,-0.1385135135135123,1.0,29.0,71.0,0.0107675082981586,0.0104310810565948,normal
1.155875,-0.0885135135135136,1.0,29.0,70.0,0.0103654442355036,0.0101872244849801,normal
1.475625,0.0020270270270271,1.0,29.0,70.0,0.0107209496200084,0.0115326894447207,normal
0.9785,-0.1189189189189178,1.0,29.0,71.0,0.0115512497723102,0.0128504885360598,normal
1.866,-0.1418918918918924,1.0,29.0,71.0,0.0126257305964827,0.0091696605086326,normal
2.198,-0.1067567567567576,1.0,29.0,71.0,0.0090811597183346,0.0109057091176509,normal
0.920375,-0.1466216216216208,1.0,29.0,71.0,0.0109578864648938,0.0103845298290252,normal
1.81925,-0.1189189189189178,1.0,29.0,71.0,0.0103391269221901,0.0160157494246959,normal
2.04425,-0.1486486486486478,1.0,29.0,71.0,0.0153695037588477,0.0093308500945568,normal
1.178375,-0.143243243243243,1.0,29.0,71.0,0.009395801462233,0.011860666796565,normal
2.276125,-0.1425675675675665,1.0,29.0,71.0,0.0118929632008075,0.0104419458657503,normal
2.150375,-0.1567567567567563,1.0,29.0,71.0,0.0105198938399553,0.0138833178207278,normal
1.15575,-0.1202702702702708,1.0,29.0,71.0,0.0128049124032258,0.0093632908537983,normal
2.26425,-0.1256756756756756,1.0,29.0,71.0,0.009623791091144,0.01014672126621,normal
0.908875,-0.1283783783783792,1.0,29.0,71.0,0.0103514865040779,0.0118148494511842,normal
2.306,-0.1412162162162159,1.0,29.0,71.0,0.0119736855849623,0.0125788198783993,normal
2.123625,-0.1736486486486472,1.0,29.0,71.0,0.0127447014674544,0.0099105313420295,normal
1.778,-0.1594594594594599,1.0,29.0,71.0,0.0098374625667929,0.0088540557771921,normal
0.965375,-0.087162162162163,1.0,29.0,71.0,0.0086238319054245,0.0127006340771913,normal
2.113625,-0.1047297297297305,1.0,29.0,71.0,0.0125465933233499,0.0111318435519933,normal
1.014625,-0.0844594594594594,1.0,29.0,71.0,0.0111206257715821,0.0109736025333404,normal
1.355625,-0.122972972972972,1.0,29.0,71.0,0.010633535683155,0.0096981544047594,normal
1.14175,-0.1668918918918918,1.0,29.0,71.0,0.0096096396446228,0.01191889308393,normal
2.153,-0.1500000000000008,1.0,29.0,71.0,0.011411297135055,0.0128780510276556,normal
1.31225,-0.1216216216216214,1.0,29.0,70.0,0.0129031157121062,0.0137776555493474,normal
1.841625,-0.113513513513513,1.0,29.0,70.0,0.0136760612949728,0.0106377145275473,normal
2.01625,-0.0999999999999997,1.0,29.0,70.0,0.0103956637904047,0.0107842478901147,normal
1.573,-0.0716216216216203,1.0,28.0,68.0,0.0008652252145111,0.0114196641370654,normal
1.782625,-0.1358108108108111,1.0,28.0,68.0,,0.0081602549180388,normal
1.2685,-0.133783783783784,1.0,28.0,68.0,0.00831248331815,0.010330650024116,normal
2.122875,-0.1439189189189195,1.0,28.0,69.0,0.0100533347576856,0.0075257732532918,normal
1.608875,-0.1445945945945936,1.0,28.0,69.0,0.0077406070195138,0.0079047102481126,normal
1.184625,-0.1391891891891888,1.0,29.0,69.0,0.0080372225493192,0.0078448308631777,normal
2.304125,-0.1662162162162153,1.0,29.0,69.0,0.0079357670620083,0.0078858602792024,normal
1.213125,-0.0432432432432432,1.0,29.0,69.0,0.0081615354865789,0.0093299783766269,normal
2.298125,-0.1256756756756756,1.0,29.0,69.0,0.0089818909764289,0.0076126409694552,normal
1.45075,-0.1047297297297305,1.0,29.0,69.0,0.0079747205600142,0.0120611349120736,normal
1.925,-0.0993243243243232,1.0,29.0,69.0,0.011785639449954,0.0075939637608826,normal
1.16725,-0.0898648648648642,1.0,29.0,69.0,0.0074397497810423,0.0109481988474726,normal
2.238375,-0.1047297297297305,1.0,29.0,69.0,0.0108105167746543,0.0084800878539681,normal
1.9355,-0.0898648648648642,1.0,29.0,69.0,0.0086335819214582,0.0096556851640343,normal
0.92375,0.0385135135135149,1.0,29.0,69.0,0.0098312338814139,0.0095729073509573,normal
1.79375,-0.1378378378378382,1.0,29.0,69.0,0.0093004563823342,0.010061465203762,normal
1.19675,-0.1486486486486478,1.0,29.0,69.0,0.0100574931129813,0.0100440550595521,normal
2.097375,-0.1060810810810811,1.0,29.0,69.0,0.0098394136875867,0.0083035910502076,normal
1.938875,-0.1283783783783792,1.0,29.0,69.0,0.0085316076874732,0.0099847838282585,normal
0.936125,-0.124324324324325,1.0,29.0,69.0,0.0097784269601106,0.0076008490286767,normal
2.244625,-0.0824324324324323,1.0,29.0,69.0,0.0077545028179883,0.0089179631322622,normal
1.019625,-0.1695945945945954,1.0,29.0,69.0,0.0088960817083716,0.0078709674999117,normal
2.2205,-0.1493243243243243,1.0,29.0,69.0,0.0077894493006169,0.0084173502400517,normal
2.303875,-0.143243243243243,1.0,29.0,69.0,0.0085220579057931,0.0109590562060475,normal
1.252125,-0.1554054054054057,1.0,29.0,69.0,0.0109970262274146,0.0093106916174292,normal
1.05175,-0.1466216216216208,1.0,29.0,69.0,0.0092037348076701,0.0133978463709354,normal
1.217375,-0.1540540540540527,1.0,29.0,69.0,0.013060568831861,0.0091975210234522,normal
0.9945,-0.1398648648648653,1.0,29.0,69.0,0.0091282362118363,0.0105805341154336,normal
1.93225,-0.1249999999999991,1.0,29.0,69.0,0.0101781170815229,0.0111531438305974,normal
2.141875,-0.1452702702702701,1.0,29.0,69.0,0.0111162522807717,0.0109178535640239,normal
1.36875,-0.1439189189189195,1.0,29.0,69.0,0.0107782138511538,0.0128718642517924,normal
1.7255,-0.1175675675675672,1.0,29.0,69.0,0.0126237031072378,0.009095954708755,normal
1.534125,-0.1385135135135123,1.0,29.0,69.0,0.009148865006864,0.0103197302669286,normal
1.705125,-0.1439189189189195,1.0,29.0,69.0,0.0101598417386412,0.0100194187834858,normal
1.97875,-0.1290540540540533,1.0,29.0,69.0,0.0099379140883684,0.0096956146880984,normal
1.384,-0.1378378378378382,1.0,29.0,69.0,0.0095134433358907,0.0104043278843164,normal
2.088125,-0.1445945945945936,1.0,29.0,69.0,0.0104932924732565,0.0083126770332455,normal
1.170625,-0.1398648648648653,1.0,29.0,69.0,0.0083373468369245,0.0115166492760181,normal
1.20475,-0.1310810810810804,1.0,29.0,69.0,0.0111621264368295,0.0076266885735094,normal
1.312625,-0.1560810810810798,1.0,29.0,69.0,0.0078340005129575,0.0102126486599445,normal
1.3735,0.0527027027027023,1.0,29.0,69.0,0.0100270863622426,0.0083123445510864,normal
2.2595,-0.1270270270270262,1.0,29.0,68.0,0.0083139985799789,0.0102727496996521,normal
1.2075,-0.1547297297297292,1.0,29.0,69.0,0.0103479018434882,0.0093200821429491,normal
1.2095,-0.143243243243243,1.0,29.0,69.0,0.0092219207435846,0.0104673355817794,normal
2.278125,-0.1554054054054057,1.0,29.0,69.0,0.0103463307023048,0.0081716245040297,normal
1.537625,-0.1770270270270273,1.0,29.0,69.0,0.0082349991425871,0.0114840483292937,normal
2.0495,-0.1385135135135123,1.0,29.0,69.0,0.0113751329481601,0.008605902083218,normal
1.04375,-0.1425675675675665,1.0,29.0,69.0,0.0086946031078696,0.0115538649260997,normal
0.9735,-0.1283783783783792,1.0,29.0,69.0,0.0111208548769354,0.0096949851140379,normal
1.869625,-0.1060810810810811,1.0,29.0,69.0,0.0097232740372419,0.0103653892874717,normal
1.23775,-0.1277027027027027,1.0,29.0,69.0,0.0102258520200848,0.0102236932143569,normal
2.2715,-0.1249999999999991,1.0,29.0,69.0,0.0102109117433428,0.0089442729949951,normal
0.961875,-0.0155405405405403,1.0,29.0,69.0,0.0088123483583331,0.009885162115097,normal
2.30025,-0.1290540540540533,1.0,29.0,69.0,0.0098840557038784,0.0084727453067898,normal
1.44175,-0.0999999999999997,1.0,29.0,69.0,0.0084896516054868,0.0095729902386665,normal
1.933375,-0.0979729729729726,1.0,29.0,69.0,0.0094098150730133,0.0087205469608306,normal
2.0405,-0.0986486486486491,1.0,29.0,69.0,0.0085825603455305,0.0090804463252425,normal
1.551875,-0.1141891891891895,1.0,29.0,69.0,0.0089146271347999,0.0082634892314672,normal
2.2735,-0.1189189189189178,1.0,29.0,69.0,0.0083694150671362,0.0094555839896202,normal
1.04375,-0.1527027027027021,1.0,29.0,69.0,0.0093853939324617,0.0075329630635678,normal
2.29975,-0.1277027027027027,1.0,29.0,69.0,0.0076510752551257,0.009367436170578,normal
2.018125,-0.1290540540540533,1.0,29.0,69.0,0.0091976793482899,0.0075866631232202,normal
0.942375,-0.1182432432432437,1.0,29.0,68.0,0.0077116605825722,0.0083727845922112,normal
1.221,-0.0972972972972961,1.0,29.0,69.0,0.0082710590213537,0.0125374933704733,normal
1.112875,-0.0195945945945945,1.0,30.0,68.0,0.0010389955714344,0.0120666017755866,fault1
1.14075,-0.1351351351351346,1.0,30.0,68.0,,0.0127631779760122,fault1
1.81775,-0.1094594594594588,1.0,30.0,69.0,0.0121910385787487,0.0105102816596627,fault1
1.169375,-0.096621621621622,1.0,30.0,69.0,0.0098726721480488,0.009544258005917,fault1
1.42325,-0.087162162162163,1.0,30.0,69.0,0.009600774385035,0.0114465625956654,fault1
1.094125,-0.0979729729729726,1.0,30.0,69.0,0.011264688335359,0.0135441301390528,fault1
2.285875,-0.0121621621621626,1.0,30.0,69.0,0.0131932059302926,0.0126492176204919,fault1
1.055125,-0.1202702702702708,1.0,30.0,69.0,0.012536559253931,0.0104011241346597,fault1
1.749,-0.1121621621621624,1.0,30.0,69.0,0.0103133358061313,0.0131066842004656,fault1
1.882625,-0.133783783783784,1.0,30.0,69.0,0.0128796631470322,0.0132576460018754,fault1
1.185875,-0.1344594594594581,1.0,30.0,69.0,0.0132078556343913,0.0139495991170406,fault1
1.91725,0.0277027027027029,1.0,30.0,69.0,0.0138643225654959,0.0127581534907221,fault1
0.983375,-0.1027027027027033,1.0,30.0,69.0,0.0122596723958849,0.0149112902581691,fault1
1.505,-0.1168918918918907,1.0,30.0,69.0,0.0145065477117896,0.0090242559090256,fault1
2.272,-0.1371621621621617,1.0,30.0,69.0,0.009102071635425,0.0162893906235694,fault1
2.184625,-0.1425675675675665,1.0,30.0,69.0,0.0158887729048728,0.0159557666629552,fault1
0.9395,-0.1371621621621617,1.0,30.0,69.0,0.015374319627881,0.0189762935042381,fault1
1.4785,-0.1060810810810811,1.0,30.0,69.0,0.0181740559637546,0.0201044883579015,fault1
2.1805,-0.0999999999999997,1.0,30.0,69.0,0.0191784985363483,0.0163767505437135,fault1
2.19375,-0.1290540540540533,1.0,30.0,69.0,0.0156522989273071,0.0137260798364877,fault1
0.924,-0.1074324324324317,1.0,30.0,69.0,0.0130522362887859,0.0245648510754108,fault1
1.977125,-0.1006756756756762,1.0,30.0,69.0,0.0236370544880628,0.0288460943847894,fault1
0.916,-0.1108108108108094,1.0,30.0,69.0,0.0272703077644109,0.0232634041458368,fault1
1.978875,-0.0716216216216203,1.0,30.0,69.0,0.0226980689913034,0.0238667111843824,fault1
1.69225,-0.1148648648648636,1.0,30.0,69.0,0.0219031441956758,0.0216171573847532,fault1
1.44425,0.0033783783783777,1.0,30.0,69.0,0.0198322534561157,0.0226478762924671,fault1
2.255,-0.1033783783783775,1.0,30.0,69.0,0.021261092275381,0.0203443951904773,fault1
0.96625,-0.1155405405405401,1.0,30.0,69.0,0.0193474255502223,0.0206437017768621,fault1
2.161125,-0.1013513513513503,1.0,30.0,69.0,0.0191701594740152,0.0232676602900028,fault1
1.135375,-0.0804054054054052,1.0,30.0,69.0,0.0222782548516988,0.0215539988130331,fault1
2.08825,-0.1047297297297305,1.0,30.0,69.0,0.0203064307570457,0.0175493992865085,fault1
1.330875,-0.1101351351351353,1.0,30.0,68.0,0.0165039896965026,0.0203236006200313,fault1
1.821625,-0.1189189189189178,1.0,30.0,69.0,0.0190701782703399,0.0225081332027912,fault1
2.2527500000000003,-0.0621621621621613,1.0,30.0,69.0,0.0211130771785974,0.0230672061443328,fault1
1.45125,-0.0641891891891884,1.0,30.0,69.0,0.0221529304981231,0.0241972282528877,fault1
0.9255,-0.0972972972972961,1.0,30.0,69.0,0.0222925022244453,0.018323266878724,fault1
2.219625,-0.0864864864864865,1.0,30.0,69.0,0.0171374678611755,0.0208993293344974,fault1
0.913625,0.0040540540540542,1.0,30.0,69.0,0.0199041739106178,0.0195231530815362,fault1
1.012875,-0.1236486486486485,1.0,30.0,69.0,0.0183811597526073,0.0186231546103954,fault1
2.248,-0.1527027027027021,1.0,30.0,69.0,0.0174871254712343,0.0131381219252944,fault1
2.039,-0.1175675675675672,1.0,30.0,68.0,0.0125125460326671,0.0215295776724815,fault1
2.2996250000000003,-0.160135135135134,1.0,30.0,68.0,0.0208737254142761,0.0204274915158748,fault1
1.3865,-0.1405405405405394,1.0,30.0,69.0,0.0194999370723962,0.0248727332800626,fault1
0.957875,-0.1081081081081082,1.0,30.0,69.0,0.023169782012701,0.0106271132826805,fault1
1.50925,-0.1310810810810804,1.0,30.0,69.0,0.010197514668107,0.0197788719087839,fault1
2.07775,-0.1155405405405401,1.0,30.0,68.0,0.0190356895327568,0.0152989188209176,fault1
1.515125,-0.1216216216216214,1.0,30.0,68.0,0.0146637931466102,0.0121724931523203,fault1
2.28525,-0.124324324324325,1.0,30.0,69.0,0.0128203378990292,0.0160738918930292,fault1
1.33975,-0.1500000000000008,1.0,30.0,69.0,0.0155439246445894,0.0097361728549003,fault1
2.270875,-0.1472972972972973,1.0,30.0,68.0,0.0102280946448445,0.0118445437401533,fault1
2.2371250000000003,-0.133783783783784,1.0,30.0,68.0,0.012010327540338,0.0132082011550664,fault1
2.10775,-0.113513513513513,1.0,30.0,69.0,0.0132430652156472,0.015154150314629,fault1
2.297125,-0.1162162162162166,1.0,30.0,69.0,0.0157936085015535,0.0146719869226217,fault1
1.03275,-0.1466216216216208,1.0,30.0,68.0,0.014646029099822,0.0070722652599215,fault1
2.090875,-0.1486486486486478,1.0,30.0,69.0,0.0072077331133186,0.0083837117999792,fault1
1.3535,-0.122972972972972,1.0,30.0,69.0,0.0084460824728012,0.0118644796311855,fault1
0.9795,-0.1520270270270255,1.0,30.0,69.0,0.012034548446536,0.0102964229881763,fault1
1.544125,0.0114864864864861,1.0,30.0,69.0,0.0101655572652816,0.0112434234470129,fault1
2.30175,-0.1256756756756756,1.0,30.0,66.0,0.0012297753710299,0.0250465236604213,fault1
1.871875,-0.1121621621621624,1.0,30.0,67.0,,0.0267018843442201,fault1
2.163875,-0.095270270270269,1.0,30.0,67.0,0.0260694026947021,0.0263554714620113,fault1
0.9175,-0.1128378378378365,1.0,30.0,67.0,0.0251878798007965,0.0273555144667625,fault1
1.835125,-0.1006756756756762,1.0,30.0,67.0,0.0269925277680158,0.0288022626191377,fault1
2.30525,-0.1121621621621624,1.0,30.0,67.0,0.0275576766580343,0.0101676331833004,fault1
1.005375,-0.1222972972972979,1.0,30.0,67.0,0.010196316987276,0.0074942107312381,fault1
2.104375,-0.1378378378378382,1.0,30.0,67.0,0.0075534740462899,0.0082392478361725,fault1
1.587625,0.0114864864864861,1.0,30.0,67.0,0.0078400559723377,0.0118264406919479,fault1
1.26475,-0.1425675675675665,1.0,30.0,67.0,0.0119659705087542,0.0111933425068855,fault1
0.912625,-0.1114864864864859,1.0,30.0,67.0,0.011306825093925,0.0129864197224378,fault1
1.70525,-0.113513513513513,1.0,30.0,67.0,0.0123226661235094,0.0113658737391233,fault1
1.0185,-0.0817567567567558,1.0,30.0,67.0,0.0109886182472109,0.0114430747926235,fault1
1.4815,-0.0493243243243245,1.0,31.0,67.0,0.0107758119702339,0.0107763037085533,fault1
0.983375,-0.0817567567567558,1.0,31.0,67.0,0.0099054388701915,0.0106728067621588,fault1
1.469125,-0.1277027027027027,1.0,31.0,67.0,0.0105155957862734,0.013089376501739,fault1
2.098875,-0.113513513513513,1.0,31.0,67.0,0.0126016149297356,0.012805757112801,fault1
1.402125,-0.1351351351351346,1.0,31.0,67.0,0.0120070958510041,0.0105099147185683,fault1
1.678125,-0.1054054054054046,1.0,31.0,67.0,0.010307578369975,0.0123723587021231,fault1
2.290625,-0.1033783783783775,1.0,31.0,67.0,0.0117269987240433,0.0112720718607306,fault1
0.91625,-0.0932432432432419,1.0,31.0,67.0,0.0106469597667455,0.0104437656700611,fault1
1.40625,-0.1452702702702701,1.0,31.0,67.0,0.0105448821559548,0.0154756158590316,fault1
1.9775,-0.1371621621621617,1.0,31.0,67.0,0.0151244699954986,0.0116705307736992,fault1
1.052875,-0.0878378378378371,1.0,31.0,67.0,0.0116725517436862,0.0112844593822956,fault1
2.15075,-0.0722972972972968,1.0,31.0,67.0,0.0112395752221345,0.0156092150136828,fault1
1.26575,-0.0959459459459455,1.0,31.0,67.0,0.0156104192137718,0.0122745847329497,fault1
1.25675,-0.1067567567567576,1.0,31.0,67.0,0.0116271628066897,0.0105855586007237,fault1
2.3065,-0.0054054054054048,1.0,31.0,67.0,0.0105333942919969,0.012780325487256,fault1
1.04375,-0.1304054054054039,1.0,31.0,67.0,0.0124533930793404,0.0161418542265892,fault1
2.262625,-0.1121621621621624,1.0,31.0,67.0,0.0160078667104244,0.0160629376769065,fault1
1.804875,-0.1074324324324317,1.0,31.0,67.0,0.0152020994573831,0.013670802116394,fault1
1.757625,-0.1027027027027033,1.0,31.0,67.0,0.0129405949264764,0.0133775500580668,fault1
1.623125,-0.1108108108108094,1.0,31.0,68.0,0.0131917521357536,0.0157253686338663,fault1
0.9595,-0.1297297297297298,1.0,31.0,67.0,0.0155349764972925,0.015471470542252,fault1
1.41575,-0.1533783783783786,1.0,31.0,67.0,0.0151974493637681,0.0160554014146327,fault1
1.2765,-0.1060810810810811,1.0,31.0,67.0,0.0157148707658052,0.0137881254777312,fault1
1.805625,-0.1209459459459449,1.0,31.0,67.0,0.0133214835077524,0.012605040334165,fault1
2.18,-0.1351351351351346,1.0,31.0,68.0,0.012900105677545,0.0150465574115514,fault1
1.025875,-0.1195945945945943,1.0,31.0,67.0,0.0144064286723732,0.012814026325941,fault1
1.59475,-0.1087837837837823,1.0,31.0,67.0,0.0125248776748776,0.0139317382127046,fault1
1.821375,-0.0905405405405407,1.0,31.0,67.0,0.0129687944427132,0.0108567839488387,fault1
2.1715,-0.1101351351351353,1.0,31.0,67.0,0.0106132868677377,0.0132517013698816,fault1
2.044875,-0.0662162162162155,1.0,31.0,67.0,0.0129296891391277,0.0133896395564079,fault1
0.914,-0.0878378378378371,1.0,31.0,67.0,0.0131053486838936,0.0152214486151933,fault1
1.944125,-0.0993243243243232,1.0,31.0,67.0,0.0146467285230755,0.0129104787483811,fault1
1.52875,-0.0601351351351342,1.0,31.0,67.0,0.0124564934521913,0.0146475723013281,fault1
1.14175,-0.1094594594594588,1.0,31.0,67.0,0.0143300723284482,0.0130420019850134,fault1
1.042625,-0.1304054054054039,1.0,31.0,67.0,0.0126500278711318,0.0161325391381979,fault1
1.410375,-0.1317567567567569,1.0,31.0,67.0,0.0158462151885032,0.0204486940056085,fault1
1.8565,-0.0932432432432419,1.0,31.0,67.0,0.0188400093466043,0.0125831998884677,fault1
1.541625,-0.1459459459459466,1.0,31.0,67.0,0.0123663106933236,0.01273581571877,fault1
2.244,-0.0547297297297294,1.0,31.0,67.0,0.0121378442272543,0.0115865692496299,fault1
1.971,-0.1594594594594599,1.0,31.0,67.0,0.0110308593139052,0.0114766443148255,fault1
1.2135,-0.1439189189189195,1.0,31.0,67.0,0.0108471447601914,0.0109849646687507,fault1
1.139875,-0.1148648648648636,1.0,31.0,67.0,0.0103000495582818,0.0098639735952019,fault1
1.118875,-0.1277027027027027,1.0,31.0,67.0,0.00972989667207,0.0147675117477774,fault1
1.81725,-0.1486486486486478,1.0,31.0,67.0,0.0143459467217326,0.0148062845692038,fault1
0.947875,-0.132432432432431,1.0,31.0,67.0,0.0140622230246663,0.0147799048572778,fault1
1.607375,-0.1675675675675683,1.0,31.0,67.0,0.0136303268373012,0.0145818181335926,fault1
2.279875,-0.1418918918918924,1.0,31.0,67.0,0.0141249261796474,0.0230606533586978,fault1
2.088625,-0.1405405405405394,1.0,31.0,67.0,0.0220174975693225,0.022428149357438,fault1
1.221625,-0.113513513513513,1.0,31.0,67.0,0.0214483421295881,0.0185545347630977,fault1
2.205125,-0.0925675675675678,1.0,31.0,67.0,0.0176497548818588,0.0211199354380369,fault1
1.55475,-0.0722972972972968,1.0,31.0,67.0,0.0202162619680166,0.0193455778062343,fault1
1.414125,-0.1364864864864852,1.0,28.0,72.0,0.0005997084663249,0.0061952760443091,fault1
0.952,-0.1101351351351353,1.0,28.0,72.0,0.0005396282649599,0.0077589801512658,fault1
2.24425,0.0,1.0,28.0,72.0,0.0077881827019155,0.0073826033622026,fault1
1.259625,-0.0493243243243245,1.0,28.0,73.0,0.0070955376140773,0.006151202134788,fault1
1.93275,-0.0682432432432426,1.0,28.0,73.0,0.0061329673044383,0.0065040364861488,fault1
1.682,-0.0979729729729726,1.0,28.0,73.0,0.0063963322900235,0.005503945518285,fault1
1.305125,-0.0972972972972961,1.0,28.0,73.0,0.0055742468684911,0.0078566502779722,fault1
0.988375,-0.1175675675675672,1.0,28.0,73.0,0.0076931146904826,0.0058391890488564,fault1
1.666,-0.1263513513513521,1.0,28.0,74.0,0.0060165096074342,0.0072407349944114,fault1
1.69475,-0.1263513513513521,1.0,28.0,74.0,0.0071621020324528,0.0060538086108863,fault1
1.896625,-0.1567567567567563,1.0,28.0,74.0,0.0061711524613201,0.0071447668597102,fault1
2.105,-0.0878378378378371,1.0,28.0,74.0,0.0069775362499058,0.0064428141340613,fault1
0.945375,-0.0912162162162148,1.0,28.0,73.0,0.0064026433974504,0.006748107727617,fault1
1.439,-0.1006756756756762,1.0,28.0,73.0,0.006763560231775,0.0056947600096464,fault1
2.17025,-0.0932432432432419,1.0,28.0,73.0,0.0056270398199558,0.0055897617712616,fault1
2.260875,-0.1074324324324317,1.0,28.0,73.0,0.0056544365361332,0.0076200314797461,fault1
1.344625,-0.1101351351351353,1.0,28.0,73.0,0.0074177021160721,0.0052395635284483,fault1
1.02275,-0.0945945945945949,1.0,28.0,73.0,0.0053442367352545,0.0072543881833553,fault1
1.95625,-0.124324324324325,1.0,28.0,73.0,0.0071891802363097,0.0069784498773515,fault1
2.002375,-0.0851351351351359,1.0,28.0,73.0,0.0067952959798276,0.0062090745195746,fault1
2.31375,-0.1033783783783775,1.0,28.0,73.0,0.0061897607520222,0.0060707558877766,fault1
2.03725,-0.096621621621622,1.0,28.0,73.0,0.0061394446529448,0.0066859517246484,fault1
1.077375,0.0594594594594601,1.0,28.0,73.0,0.0067763207480311,0.0070986100472509,fault1
0.907125,-0.1317567567567569,1.0,28.0,72.0,0.0069690663367509,0.0059899291954934,fault1
2.281625,-0.1128378378378365,1.0,28.0,72.0,0.0059319250285625,0.0074765714816749,fault1
1.406125,-0.0885135135135136,1.0,28.0,72.0,0.0072813420556485,0.006218914873898,fault1
1.005625,-0.1027027027027033,1.0,29.0,72.0,0.0063415803015232,0.0056867604143917,fault1
2.229,-0.150675675675675,1.0,29.0,72.0,0.0056606233119964,0.0068311002105474,fault1
1.068375,-0.1236486486486485,1.0,29.0,72.0,0.0066285980865359,0.0062673073261976,fault1
2.2395,-0.132432432432431,1.0,29.0,72.0,0.0061351475305855,0.0067856493405997,fault1
0.930625,-0.1033783783783775,1.0,29.0,72.0,0.0064990813843905,0.0056508244015276,fault1
2.131375,-0.0986486486486491,1.0,29.0,72.0,0.0055520883761346,0.0064374445937573,fault1
2.309,-0.1216216216216214,1.0,29.0,72.0,0.0062939561903476,0.0053927260451018,fault1
0.966125,-0.0587837837837836,1.0,29.0,72.0,0.0052672233432531,0.0065644970163702,fault1
2.08325,-0.1155405405405401,1.0,29.0,72.0,0.0064806258305907,0.0061462679877877,fault1
2.146875,-0.1121621621621624,1.0,29.0,72.0,0.0058058202266693,0.0053605684079229,fault1
0.952,-0.1277027027027027,1.0,29.0,72.0,0.0052517224103212,0.0054196729324758,fault1
2.052625,-0.1763513513513508,1.0,29.0,72.0,0.0057941046543419,0.0054573458619415,fault1
1.14575,-0.1317567567567569,1.0,29.0,72.0,0.0056888572871685,0.0053240163251757,fault1
0.99975,-0.1405405405405394,1.0,29.0,72.0,0.0054096523672342,0.0077862036414444,fault1
2.24125,-0.1060810810810811,1.0,29.0,72.0,0.0079360585659742,0.0088800340890884,fault1
2.302125,-0.1006756756756762,1.0,29.0,72.0,0.0086483769118785,0.0058120139874517,fault1
1.634125,-0.0614864864864872,1.0,29.0,72.0,0.0056423265486955,0.0078651960939168,fault1
1.544,-0.1182432432432437,1.0,29.0,72.0,0.0078158350661396,0.0057723689824342,fault1
2.278,-0.1249999999999991,1.0,29.0,72.0,0.0058277640491724,0.0055641708895564,fault1
1.482125,-0.0662162162162155,1.0,29.0,72.0,0.0057696215808391,0.0061171553097665,fault1
2.125875,-0.0925675675675678,1.0,29.0,72.0,0.0063457395881414,0.0062780538573861,fault1
1.534125,-0.1027027027027033,1.0,29.0,72.0,0.0060555594973266,0.0061056055128574,fault1
2.263125,-0.0777027027027016,1.0,29.0,72.0,0.0062229423783719,0.0072223548777401,fault1
1.2325,0.0432432432432432,1.0,29.0,72.0,0.0072957566007971,0.0056138364598155,fault1
2.22325,-0.1290540540540533,1.0,29.0,72.0,0.0058684265241026,0.0060225715860724,fault1
1.037625,-0.1195945945945943,1.0,29.0,72.0,0.0060429647564888,0.0056865597143769,fault1
1.290375,-0.0878378378378371,1.0,29.0,72.0,0.0058063534088432,0.0070474362000823,fault1
2.307375,-0.0783783783783781,1.0,29.0,72.0,0.0071109002456068,0.0068620261736214,fault1
2.31175,-0.0986486486486491,1.0,29.0,72.0,0.0068315085954964,0.0047787344083189,fault1
1.103625,-0.076351351351351,1.0,29.0,72.0,0.0050705405883491,0.0069538559764623,fault1
2.147,-0.1168918918918907,1.0,29.0,72.0,0.0069301542825996,0.005581637378782,fault1
0.924375,-0.1101351351351353,1.0,29.0,72.0,0.0055119590833783,0.004752064589411,fault1
2.055125,-0.1074324324324317,1.0,29.0,71.0,0.0049124788492918,0.0063406322151422,fault1
1.117,-0.1067567567567576,1.0,29.0,72.0,0.006452530156821,0.0057673794217407,fault1
2.044625,-0.1249999999999991,1.0,29.0,72.0,0.0057538575492799,0.0051243789494037,fault1
1.17775,-0.0520270270270258,1.0,30.0,67.0,0.0017581861466169,0.0134211461991071,fault1
2.306875,-0.0006756756756765,1.0,30.0,68.0,,0.008642591536045,fault1
1.52,-0.150675675675675,1.0,30.0,68.0,0.009619154036045,0.0153782647103071,fault1
2.149375,-0.122972972972972,1.0,30.0,68.0,0.016395641490817,0.0126889804378151,fault1
1.2025,-0.1385135135135123,1.0,30.0,69.0,0.0133596342056989,0.0123946974053978,fault1
2.1925,-0.132432432432431,1.0,30.0,69.0,0.0130156157538294,0.0130974389612674,fault1
1.2325,-0.0277027027027029,1.0,30.0,69.0,0.013947875238955,0.0125558171421289,fault1
1.073375,-0.1587837837837834,1.0,30.0,69.0,0.0129807451739907,0.0108667351305484,fault1
2.3035,-0.1439189189189195,1.0,30.0,69.0,0.0109943142160773,0.0117675503715872,fault1
2.30625,-0.1918918918918911,1.0,30.0,69.0,0.0132037177681922,0.0156141836196184,fault1
1.231625,-0.133783783783784,1.0,30.0,69.0,0.0160878431051969,0.0103628216311335,fault1
2.30075,-0.143243243243243,1.0,30.0,69.0,0.0107281254604458,0.0147394714877009,fault1
0.929,-0.1466216216216208,1.0,30.0,69.0,0.0147619266062974,0.0126373916864395,fault1
1.458625,-0.1777027027027014,1.0,30.0,69.0,0.0122534167021512,0.0123654454946517,fault1
2.2265,-0.1641891891891882,1.0,30.0,69.0,0.0129063474014401,0.0132381720468401,fault1
1.476,-0.1371621621621617,1.0,30.0,69.0,0.0131329940631985,0.0145923430100083,fault1
1.152375,-0.1513513513513515,1.0,30.0,69.0,0.015107100829482,0.0140130771324038,fault1
2.2555,-0.1283783783783792,1.0,30.0,69.0,0.0149615025147795,0.0131544321775436,fault1
0.915,-0.1662162162162153,1.0,30.0,69.0,0.0137097975239157,0.0166395958513021,fault1
2.158625,-0.133783783783784,1.0,30.0,69.0,0.0179621614515781,0.0148798385635018,fault1
1.224625,-0.0101351351351355,1.0,30.0,69.0,0.0149471154436469,0.013053772971034,fault1
2.267375,-0.1540540540540527,1.0,30.0,69.0,0.01351701002568,0.0152938673272728,fault1
0.911,-0.1527027027027021,1.0,30.0,69.0,0.0154057098552584,0.0121642723679542,fault1
2.141,-0.1371621621621617,1.0,30.0,69.0,0.0123627679422497,0.0133772175759077,fault1
1.33575,-0.124324324324325,1.0,30.0,69.0,0.0138318324461579,0.014107521623373,fault1
1.91,-0.1574324324324328,1.0,30.0,69.0,0.0148829733952879,0.0158862676471471,fault1
1.080375,-0.1628378378378376,1.0,30.0,69.0,0.0166101232171058,0.0114199891686439,fault1
2.31,-0.1364864864864852,1.0,30.0,69.0,0.0114016719162464,0.0139762554317712,fault1
1.386,-0.1391891891891888,1.0,30.0,69.0,0.0149664152413606,0.0158560331910848,fault1
1.020375,-0.1445945945945936,1.0,30.0,69.0,0.016442434862256,0.0137592339888215,fault1
1.030125,-0.1702702702702695,1.0,30.0,69.0,0.0140689080581069,0.013823508284986,fault1
2.3005,-0.1560810810810798,1.0,30.0,69.0,0.014276192523539,0.0148206511512398,fault1
0.963625,-0.1587837837837834,1.0,30.0,69.0,0.0159539114683866,0.0145371276885271,fault1
1.807375,0.0277027027027029,1.0,30.0,69.0,0.0145195508375763,0.0142562482506036,fault1
1.707375,-0.1500000000000008,1.0,30.0,69.0,0.0144764455035328,0.0145793128758668,fault1
1.55675,-0.124324324324325,1.0,30.0,69.0,0.0142639642581343,0.0151514243334531,fault1
2.290125,-0.0898648648648642,1.0,30.0,69.0,0.0148764196783304,0.0121392561122775,fault1
1.021625,-0.113513513513513,1.0,30.0,69.0,0.0118239633738994,0.0117318984121084,fault1
2.2960000000000003,-0.1162162162162166,1.0,30.0,68.0,0.0123826907947659,0.0139000648632645,fault1
1.35825,-0.1418918918918924,1.0,30.0,69.0,0.0142895691096782,0.0158037040382623,fault1
0.93325,-0.0878378378378371,1.0,30.0,69.0,0.0166475735604763,0.0133863454684615,fault1
2.273125,-0.1371621621621617,1.0,30.0,68.0,0.0134617397561669,0.0131632629781961,fault1
2.249,-0.1648648648648647,1.0,30.0,69.0,0.0135385384783148,0.0137908104807138,fault1
1.422375,-0.2027027027027031,1.0,30.0,69.0,0.0145589746534824,0.0135337151587009,fault1
2.1485,-0.1520270270270255,1.0,30.0,68.0,0.0143238296732306,0.0143935019150376,fault1
2.04425,-0.1331081081081075,1.0,30.0,69.0,0.0142773548141121,0.0149514405056834,fault1
0.982875,-0.1216216216216214,1.0,30.0,69.0,0.015359248034656,0.0159502644091844,fault1
1.0025,-0.1472972972972973,1.0,30.0,69.0,0.0166173186153173,0.0128583703190088,fault1
2.305125,0.0060810810810813,1.0,30.0,69.0,0.0131234861910343,0.0139522356912493,fault1
1.06775,-0.1574324324324328,1.0,30.0,69.0,0.0142683861777186,0.0146648520603775,fault1
1.014,0.0331081081081077,1.0,30.0,69.0,0.0151041457429528,0.0129128172993659,fault1
2.29175,-0.1452702702702701,1.0,30.0,69.0,0.0131787844002246,0.0140476422384381,fault1
1.6625,-0.1060810810810811,1.0,30.0,69.0,0.0145490923896431,0.0127406045794487,fault1
1.256125,-0.1317567567567569,1.0,30.0,69.0,0.0133817987516522,0.0155622484162449,fault1
1.448,-0.1439189189189195,1.0,30.0,69.0,0.0164445247501134,0.0158631261438131,fault1
2.214375,-0.1594594594594599,1.0,30.0,69.0,0.0160860028117895,0.0141761619597673,fault1
1.89875,-0.1310810810810804,1.0,30.0,69.0,0.0146829690784215,0.0156718008220195,fault1
2.27875,-0.1472972972972973,1.0,30.0,69.0,0.0155162503942847,0.0084342285990715,fault1
1.342125,-0.1500000000000008,1.0,30.0,69.0,0.0085030486807227,0.0093295006081461,fault1
1.3385,-0.161486486486487,1.0,30.0,69.0,0.0096756294369697,0.0089927203953266,fault1
2.148375,-0.1391891891891888,1.0,30.0,69.0,0.0097001399844884,0.0163964573293924,fault1
1.001625,-0.1148648648648636,1.0,30.0,69.0,0.0172491371631622,0.0144574986770749,fault1
2.267875,-0.1513513513513515,1.0,30.0,69.0,0.0155930500477552,0.0163871366530656,fault1
1.696,-0.0162162162162168,1.0,30.0,67.0,0.0011430943850427,0.0117638483643531,fault1
1.371,-0.1155405405405401,1.0,30.0,68.0,,0.0148695483803749,fault1
1.462625,-0.1452702702702701,1.0,30.0,68.0,0.0149275660514831,0.0143624581396579,fault1
2.161,-0.0999999999999997,1.0,30.0,69.0,0.014560324139893,0.0170961618423461,fault1
1.069125,-0.1648648648648647,1.0,30.0,69.0,0.0174779705703258,0.0099046770483255,fault1
2.00625,-0.1378378378378382,1.0,30.0,69.0,0.0104369493201375,0.0110177733004093,fault1
1.70925,-0.1317567567567569,1.0,30.0,69.0,0.0111476210877299,0.0127117130905389,fault1
1.016,-0.0912162162162148,1.0,30.0,69.0,0.0124581130221486,0.0106702530756592,fault1
1.347125,-0.124324324324325,1.0,30.0,69.0,0.0104090338572859,0.0119364624843001,fault1
1.660875,-0.0236486486486487,1.0,30.0,69.0,0.0120565192773938,0.0136552387848496,fault1
1.12125,-0.150675675675675,1.0,30.0,69.0,0.0144347865134477,0.0136249503120779,fault1
1.904375,-0.1493243243243243,1.0,30.0,70.0,0.0137538090348243,0.0123353088274598,fault1
1.102625,-0.132432432432431,1.0,30.0,69.0,0.0119847720488905,0.0131038194522261,fault1
1.61225,-0.1351351351351346,1.0,30.0,69.0,0.0134384194388985,0.0147545915096998,fault1
1.7745,-0.1148648648648636,1.0,30.0,69.0,0.014867783524096,0.0133702773600816,fault1
2.04375,-0.1222972972972979,1.0,30.0,69.0,0.0134834544733166,0.0121098728850483,fault1
2.05875,-0.1756756756756743,1.0,30.0,69.0,0.0124447019770741,0.0112980576232075,fault1
1.558125,-0.1763513513513508,1.0,30.0,69.0,0.0116170868277549,0.0152139887213706,fault1
1.701,-0.1364864864864852,1.0,30.0,69.0,0.0152473151683807,0.0135720185935497,fault1
2.065375,-0.1378378378378382,1.0,30.0,69.0,0.0132055096328258,0.012136647477746,fault1
1.838625,-0.150675675675675,1.0,30.0,69.0,0.0124500440433621,0.0144866248592734,fault1
1.226375,-0.1493243243243243,1.0,30.0,69.0,0.0144970463588833,0.0122043257579207,fault1
2.277625,-0.1385135135135123,1.0,30.0,69.0,0.0125010591000318,0.0122331958264112,fault1
1.322625,-0.1452702702702701,1.0,30.0,69.0,0.012299608439207,0.010588782839477,fault1
0.912375,-0.1668918918918918,1.0,30.0,69.0,0.0107762413099408,0.0129775209352374,fault1
1.122,-0.1594594594594599,1.0,30.0,69.0,0.0131624527275562,0.0132889524102211,fault1
0.918875,-0.1391891891891888,1.0,30.0,69.0,0.0131519138813018,0.0126774106174707,fault1
2.309,-0.1641891891891882,1.0,30.0,68.0,0.0127728106454014,0.0131693799048662,fault1
2.072625,-0.1682432432432424,1.0,30.0,68.0,0.0130233103409409,0.0143920965492725,fault1
1.05825,-0.1175675675675672,1.0,30.0,69.0,0.0145498262718319,0.0122020347043871,fault1
1.970375,-0.1486486486486478,1.0,30.0,69.0,0.0121989138424396,0.0126195373013615,fault1
1.60175,-0.1331081081081075,1.0,30.0,69.0,0.0132128307595849,0.0144167253747582,fault1
1.920625,-0.1682432432432424,1.0,30.0,69.0,0.0151194250211119,0.0129689881578087,fault1
1.6085,-0.0317567567567571,1.0,30.0,69.0,0.013052568770945,0.0125231891870498,fault1
1.0865,-0.1621621621621611,1.0,30.0,69.0,0.0125917606055736,0.01093515381217,fault1
1.4225,-0.1587837837837834,1.0,30.0,69.0,0.0113684758543968,0.0121118174865841,fault1
0.933875,-0.1594594594594599,1.0,30.0,69.0,0.0121597461402416,0.012680247426033,fault1
1.62375,-0.1560810810810798,1.0,30.0,69.0,0.0128134107217192,0.0119375772774219,fault1
2.20725,-0.1736486486486472,1.0,30.0,69.0,0.0122019378468394,0.012682095170021,fault1
0.996625,-0.1047297297297305,1.0,30.0,69.0,0.0130482157692313,0.0130218714475631,fault1
1.313625,-0.1554054054054057,1.0,30.0,69.0,0.0129900323227047,0.0112699754536151,fault1
2.30675,-0.1466216216216208,1.0,30.0,69.0,0.0114841032773256,0.0108002191409468,fault1
1.0485,-0.1418918918918924,1.0,30.0,69.0,0.0111201284453272,0.0127180656418204,fault1
2.11425,-0.1608108108108105,1.0,30.0,69.0,0.0130523545667529,0.0121405432000756,fault1
2.150875,-0.1858108108108098,1.0,30.0,69.0,0.012411568313837,0.0100031988695263,fault1
1.388375,-0.1885135135135134,1.0,30.0,69.0,0.010244439356029,0.0131403915584087,fault1
1.504125,-0.160135135135134,1.0,30.0,70.0,0.0131228566169738,0.0139756528660655,fault1
2.1035,-0.143243243243243,1.0,30.0,69.0,0.0137207442894577,0.0110418200492858,fault1
2.28075,-0.1209459459459449,1.0,30.0,69.0,0.0115579823032021,0.0117367701604962,fault1
1.691,-0.1581081081081069,1.0,30.0,69.0,0.0117221688851714,0.0120024802163243,fault1
2.239375,-0.1567567567567563,1.0,30.0,69.0,0.0129443248733878,0.0147444540634751,fault1
1.06025,-0.1493243243243243,1.0,30.0,69.0,0.0150406891480088,0.0110470652580261,fault1
2.22975,-0.0378378378378384,1.0,30.0,69.0,0.011383063159883,0.0148554863408207,fault1
1.13375,-0.1418918918918924,1.0,30.0,69.0,0.0150633240118622,0.0120778605341911,fault1
0.98275,-0.1635135135135141,1.0,30.0,69.0,0.0122131835669279,0.0117414547130465,fault1
1.812375,-0.1472972972972973,1.0,30.0,69.0,0.0119306640699505,0.0129672512412071,fault1
2.064875,-0.1777027027027014,1.0,30.0,68.0,0.0129365883767604,0.0142524288967251,fault1
1.774375,-0.160135135135134,1.0,30.0,69.0,0.0143088139593601,0.013954360038042,fault1
1.1815,-0.1682432432432424,1.0,30.0,69.0,0.0140778766945004,0.0143573991954326,fault1
0.986875,-0.0209459459459451,1.0,30.0,69.0,0.0140455663204193,0.014969315379858,fault1
2.138625,-0.1594594594594599,1.0,30.0,68.0,0.0151279233396053,0.013684787787497,fault1
0.921375,-0.1452702702702701,1.0,30.0,67.0,0.001314221182838,0.014835494570434,fault1
1.967125,0.0182432432432439,1.0,30.0,67.0,,0.0177018139511346,fault1
2.276125,-0.1459459459459466,1.0,30.0,68.0,0.017566630616784,0.0157610066235065,fault1
1.506625,-0.1270270270270262,1.0,30.0,68.0,0.0159612260758876,0.0138505650684237,fault1
1.186625,-0.1439189189189195,1.0,30.0,68.0,0.0137059148401021,0.0142234610393643,fault1
2.16675,-0.143243243243243,1.0,30.0,68.0,0.0144077772274613,0.0145301660522818,fault1
2.213375,-0.143243243243243,1.0,30.0,68.0,0.0146717028692364,0.0129800532013177,fault1
0.962375,-0.1249999999999991,1.0,30.0,68.0,0.0133064528927207,0.0119659351184964,fault1
1.196375,-0.1216216216216214,1.0,30.0,68.0,0.0124455941841006,0.0169796906411647,fault1
2.16075,-0.1398648648648653,1.0,30.0,68.0,0.0167747512459754,0.0157073829323053,fault1
1.835875,-0.1385135135135123,1.0,30.0,68.0,0.0156622789800167,0.0129977688193321,fault1
1.0155,-0.1621621621621611,1.0,30.0,68.0,0.0133053250610828,0.0148747311905026,fault1
1.318625,-0.1412162162162159,1.0,30.0,69.0,0.0150043098255991,0.0145106241106987,fault1
2.24025,-0.08581081081081,1.0,30.0,68.0,0.0157442055642604,0.0172411371022462,fault1
0.93925,0.0121621621621626,1.0,30.0,69.0,0.0173875670880079,0.013941066339612,fault1
2.070875,-0.1202702702702708,1.0,30.0,69.0,0.0138510018587112,0.0147605640813708,fault1
1.829375,-0.1472972972972973,1.0,30.0,68.0,0.0149803180247545,0.0174183808267116,fault1
0.96825,-0.0979729729729726,1.0,30.0,68.0,0.0179636776447296,0.015605111606419,fault1
1.912375,-0.0587837837837836,1.0,30.0,68.0,0.0150107312947511,0.0152804283425211,fault1
1.725,-0.0979729729729726,1.0,30.0,68.0,0.0157888475805521,0.0163669232279062,fault1
1.07875,-0.1398648648648653,1.0,30.0,68.0,0.0165091026574373,0.0188384596258401,fault1
1.103625,0.0074324324324319,1.0,30.0,68.0,0.0192564465105533,0.0152791617438197,fault1
1.625125,-0.1459459459459466,1.0,30.0,68.0,0.0155152752995491,0.0138706471771001,fault1
2.286625,-0.0060810810810813,1.0,30.0,68.0,0.0143207926303148,0.0152099747210741,fault1
1.76275,-0.133783783783784,1.0,30.0,68.0,0.0153565146028995,0.0192511454224586,fault1
1.87825,-0.1304054054054039,1.0,30.0,68.0,0.0183388218283653,0.0166337471455335,fault1
1.202,-0.0148648648648638,1.0,30.0,68.0,0.0169471446424722,0.014956803061068,fault1
1.780375,-0.1371621621621617,1.0,30.0,68.0,0.0155391842126846,0.0183443166315555,fault1
1.130375,-0.1310810810810804,1.0,30.0,68.0,0.018602954223752,0.0148271974176168,fault1
2.22225,-0.1182432432432437,1.0,30.0,68.0,0.0147414915263652,0.013737297616899,fault1
1.667,-0.0770270270270275,1.0,30.0,68.0,0.013422392308712,0.0138535965234041,fault1
2.248625,-0.1013513513513503,1.0,30.0,67.0,0.0142464153468608,0.0113773616030812,fault1
1.2535,-0.0020270270270271,1.0,30.0,68.0,0.0118546048179268,0.0136619098484516,fault1
2.15,-0.1074324324324317,1.0,30.0,68.0,0.0139135587960481,0.0246975161135196,fault1
0.9765,-0.1459459459459466,1.0,30.0,68.0,0.0242179203778505,0.0182085316628217,fault1
1.467375,-0.096621621621622,1.0,30.0,68.0,0.0185170136392116,0.0223650597035884,fault1
1.972875,-0.104054054054054,1.0,30.0,68.0,0.0227937996387481,0.0205964241176843,fault1
0.914375,-0.122972972972972,1.0,30.0,68.0,0.0200953129678964,0.0193055998533964,fault1
2.017375,-0.1047297297297305,1.0,30.0,68.0,0.0195441972464323,0.0235175658017396,fault1
0.99975,-0.1344594594594581,1.0,30.0,68.0,0.0230688471347093,0.0228393487632274,fault1
0.9535,-0.1114864864864859,1.0,30.0,68.0,0.022686256095767,0.0190971046686172,fault1
0.991875,-0.1331081081081075,1.0,30.0,68.0,0.0184793770313262,0.0204848311841487,fault1
1.93525,-0.1013513513513503,1.0,30.0,68.0,0.0203504636883735,0.0211516991257667,fault1
2.22375,-0.133783783783784,1.0,30.0,68.0,0.0213129296898841,0.0283181741833686,fault1
1.615,-0.1452702702702701,1.0,30.0,68.0,0.0272304825484752,0.021571546792984,fault1
1.0315,-0.018918918918918,1.0,30.0,68.0,0.0212256889790296,0.0243852883577346,fault1
1.758375,-0.1222972972972979,1.0,30.0,68.0,0.0236473307013511,0.0247826185077428,fault1
2.3076250000000003,-0.1331081081081075,1.0,30.0,68.0,0.0242471639066934,0.0275126211345195,fault1
1.21625,-0.1310810810810804,1.0,30.0,68.0,0.0274998042732477,0.0187271013855934,fault1
2.301875,-0.1277027027027027,1.0,30.0,68.0,0.0186953730881214,0.0151691874489188,fault1
1.230375,-0.1195945945945943,1.0,30.0,68.0,0.0151673192158341,0.0137681262567639,fault1
0.913,-0.1445945945945936,1.0,30.0,68.0,0.0146127780899405,0.0141458939760923,fault1
0.9345,-0.1445945945945936,1.0,30.0,68.0,0.013715567998588,0.0168655645102262,fault1
2.134625,-0.1581081081081069,1.0,30.0,68.0,0.0166817810386419,0.0213558692485094,fault1
0.929,-0.1391891891891888,1.0,30.0,68.0,0.0208526402711868,0.0185527354478836,fault1
2.103625,-0.1277027027027027,1.0,30.0,68.0,0.018090495839715,0.0096092727035284,fault1
1.26975,-0.1635135135135141,1.0,30.0,68.0,0.0098450537770986,0.0104712797328829,fault1
1.575375,-0.1344594594594581,1.0,30.0,68.0,0.0101409079506993,0.0133902346715331,fault1
2.214875,-0.1547297297297292,1.0,30.0,68.0,0.0133774736896157,0.011959008872509,fault1
1.848125,-0.1560810810810798,1.0,30.0,68.0,0.0110668782144784,0.0122878784313797,fault1
1.458375,-0.1425675675675665,1.0,30.0,68.0,0.0122420052066445,0.0160633046180009,fault1
0.955,-0.1297297297297298,1.0,30.0,68.0,0.0158933755010366,0.0141048161312937,fault1
2.296375,-0.1378378378378382,1.0,30.0,68.0,0.0141568556427955,0.013937322422862,fault1
0.984375,-0.1216216216216214,1.0,30.0,68.0,0.0133825466036796,0.0152436615899205,fault1
1.21375,-0.180405405405405,1.0,30.0,68.0,0.0151110105216503,0.0151085751131176,fault1
0.95525,-0.0648648648648649,1.0,30.0,67.0,0.0019252301426604,0.0205209050327539,fault1
2.291375,-0.160135135135134,1.0,30.0,68.0,,0.0149241611361503,fault1
1.5095,-0.1378378378378382,1.0,30.0,68.0,0.0147561347112059,0.0184399802237749,fault1
0.947375,-0.1195945945945943,1.0,30.0,68.0,0.0178512670099735,0.0159078445285558,fault1
1.897125,-0.1155405405405401,1.0,30.0,68.0,0.0164157226681709,0.0140908928588032,fault1
2.266875,-0.0878378378378371,1.0,30.0,69.0,0.0145994229242205,0.0150826517492532,fault1
1.110125,-0.0986486486486491,1.0,30.0,69.0,0.0153490891680121,0.0224830340594053,fault1
1.153625,-0.237837837837838,1.0,30.0,69.0,0.0218653045594692,0.0223095882683992,fault1
2.21425,-0.1405405405405394,1.0,30.0,69.0,0.0214578639715909,0.0171380899846553,fault1
1.7345,-0.1635135135135141,1.0,30.0,69.0,0.0168613214045763,0.0217411108314991,fault1
1.789875,-0.122972972972972,1.0,30.0,69.0,0.0213297381997108,0.0168577916920185,fault1
1.164625,-0.1378378378378382,1.0,30.0,69.0,0.0166723895817995,0.0164339710026979,fault1
0.961625,-0.1378378378378382,1.0,30.0,69.0,0.016144199296832,0.0183999259024858,fault1
2.0765,-0.1141891891891895,1.0,30.0,69.0,0.0188247710466384,0.0173126086592674,fault1
1.992,-0.1662162162162153,1.0,30.0,69.0,0.0173441357910633,0.0154347326606512,fault1
1.0045,-0.1621621621621611,1.0,30.0,69.0,0.0164002571254968,0.0199561640620231,fault1
2.275125,-0.1094594594594588,1.0,30.0,69.0,0.0193964540958404,0.019424756988883,fault1
1.47225,-0.1060810810810811,1.0,30.0,69.0,0.0188122801482677,0.0097185131162405,fault1
0.9625,-0.1283783783783792,1.0,30.0,69.0,0.0099071059376001,0.0096991648897528,fault1
1.592125,-0.1466216216216208,1.0,30.0,69.0,0.0105949901044368,0.0105733927339315,fault1
0.91025,-0.0148648648648638,1.0,30.0,69.0,0.0108408331871032,0.0096155768260359,fault1
1.641375,-0.1567567567567563,1.0,30.0,69.0,0.009652211330831,0.0088838189840316,fault1
2.262625,-0.1418918918918924,1.0,30.0,69.0,0.0092980694025754,0.0090360473841428,fault1
1.42675,-0.1114864864864859,1.0,30.0,69.0,0.0090785436332225,0.0072081480175256,fault1
1.063875,-0.1141891891891895,1.0,30.0,68.0,0.0084064928814768,0.0096980361267924,fault1
1.408625,-0.1479729729729738,1.0,30.0,69.0,0.0101216360926628,0.0107823936268687,fault1
1.694125,-0.0263513513513499,1.0,30.0,69.0,0.0110534047707915,0.0118831852450966,fault1
2.068,-0.1621621621621611,1.0,30.0,69.0,0.0127662159502506,0.0084031363949179,fault1
2.07575,-0.1540540540540527,1.0,30.0,69.0,0.008382299914956,0.0095833148807287,fault1
1.336875,-0.1412162162162159,1.0,30.0,69.0,0.0097864819690585,0.0104220369830727,fault1
1.77575,-0.1594594594594599,1.0,30.0,69.0,0.0108236372470855,0.0093558868393301,fault1
0.908125,-0.1547297297297292,1.0,30.0,69.0,0.0093263583257794,0.0104921236634254,fault1
2.084125,-0.1466216216216208,1.0,30.0,69.0,0.0109134735539555,0.0132084367796778,fault1
1.859875,-0.2020270270270266,1.0,30.0,69.0,0.0138390781357884,0.010797444730997,fault1
0.946625,-0.1587837837837834,1.0,30.0,69.0,0.0112948324531316,0.0121568264439702,fault1
1.204625,-0.133783783783784,1.0,30.0,69.0,0.0127112567424774,0.0119485110044479,fault1
1.22775,-0.1209459459459449,1.0,30.0,69.0,0.0122839966788887,0.0103742945939302,fault1
2.295875,-0.1554054054054057,1.0,30.0,69.0,0.0107913268730044,0.0116716241464018,fault1
2.16875,-0.1621621621621611,1.0,30.0,69.0,0.0125453891232609,0.0099091408774256,fault1
1.1945,-0.160135135135134,1.0,30.0,68.0,0.0104282507672905,0.0111873494461178,fault1
1.901875,-0.1547297297297292,1.0,30.0,68.0,0.0130309434607625,0.0122432159259915,fault1
0.910125,-0.1283783783783792,1.0,30.0,68.0,0.0131461005657911,0.0111790178343653,fault1
2.262375,-0.1378378378378382,1.0,30.0,68.0,0.0118360733613371,0.0147580588236451,fault1
1.354125,-0.1263513513513521,1.0,30.0,68.0,0.0153176309540867,0.0117375869303941,fault1
1.76725,-0.1128378378378365,1.0,30.0,69.0,0.0120571004226803,0.0128334648907184,fault1
2.255625,-0.160135135135134,1.0,30.0,69.0,0.0137798218056559,0.0137627217918634,fault1
1.32625,-0.1236486486486485,1.0,30.0,69.0,0.0144878979772329,0.0122991241514682,fault1
1.9235,-0.160135135135134,1.0,30.0,68.0,0.0131057426333427,0.0123502425849437,fault1
2.008625,-0.0851351351351359,1.0,30.0,68.0,0.0130880065262317,0.0147880436852574,fault1
1.158125,-0.0729729729729733,1.0,30.0,68.0,0.0152214001864194,0.0130779929459095,fault1
2.086125,-0.1290540540540533,1.0,30.0,68.0,0.013289900496602,0.0103091420605778,fault1
2.25375,-0.1155405405405401,1.0,30.0,68.0,0.0111585278064012,0.0130878267809748,fault1
1.782,-0.1472972972972973,1.0,30.0,68.0,0.0129289692267775,0.0119810346513986,fault1
1.3515,-0.1344594594594581,1.0,30.0,68.0,0.0122307119891047,0.0137631921097636,fault1
2.293625,-0.1412162162162159,1.0,30.0,68.0,0.0143910031765699,0.0151011422276496,fault1
0.919625,-0.1412162162162159,1.0,30.0,68.0,0.0152779025956988,0.0113992011174559,fault1
1.939625,-0.1445945945945936,1.0,30.0,68.0,0.0120931193232536,0.0144412638619542,fault1
1.8775,-0.1412162162162159,1.0,30.0,68.0,0.0152868358418345,0.0138232866302132,fault1
2.11,0.0135135135135132,1.0,30.0,68.0,0.0140924090519547,0.0104605956003069,fault1
1.767125,-0.1459459459459466,1.0,30.0,68.0,0.0098656201735138,0.0105961393564939,fault1
1.052625,-0.1378378378378382,1.0,30.0,68.0,0.0113401655107736,0.0108616212382912,fault1
1.640625,-0.1277027027027027,1.0,30.0,68.0,0.0116190798580646,0.0160805210471153,fault1
1.317375,-0.1587837837837834,1.0,30.0,68.0,0.0169134847819805,0.0113107068464159,fault1
0.9145,-0.1540540540540527,1.0,30.0,68.0,0.0120860058814287,0.0133588584139943,fault1
1.634375,-0.0040540540540542,1.0,30.0,68.0,0.0137450406327843,0.0141891511157155,fault1
2.261125,0.0101351351351355,1.0,29.0,68.0,0.0009801817359402,0.0252572335302829,fault1
1.400625,-0.0513513513513516,1.0,29.0,69.0,,0.0238200630992651,fault1
1.2885,-0.1155405405405401,1.0,29.0,69.0,0.0225145611912012,0.0311709232628345,fault1
2.009125,-0.0479729729729715,1.0,29.0,70.0,0.0298352222889661,0.0293491426855325,fault1
2.1955,-0.087162162162163,1.0,29.0,69.0,0.027814807370305,0.0337929800152778,fault1
1.63975,-0.0554054054054059,1.0,29.0,70.0,0.0321070328354835,0.0326758958399295,fault1
0.93125,-0.0837837837837829,1.0,29.0,70.0,0.0303537659347057,0.0340029150247573,fault1
2.1121250000000003,-0.0662162162162155,1.0,29.0,70.0,0.0307730752974748,0.0364862084388732,fault1
2.276,-0.0844594594594594,1.0,29.0,70.0,0.0348444506525993,0.0326738357543945,fault1
1.321375,-0.0527027027027023,1.0,29.0,70.0,0.0309578273445367,0.0407708138227462,fault1
2.11875,-0.0587837837837836,1.0,29.0,70.0,0.0391099080443382,0.0344936363399028,fault1
0.918875,-0.0364864864864854,1.0,29.0,70.0,0.033075213432312,0.0350502207875251,fault1
2.258,0.0337837837837842,1.0,29.0,70.0,0.0331344418227672,0.0411563590168952,fault1
1.23975,-0.1060810810810811,1.0,29.0,70.0,0.039126019924879,0.0378026142716407,fault1
1.028,-0.08581081081081,1.0,29.0,70.0,0.0360072180628776,0.0406638085842132,fault1
1.67075,-0.0689189189189191,1.0,30.0,69.0,0.039370235055685,0.0387324318289756,fault1
1.693,-0.0648648648648649,1.0,30.0,69.0,0.0356925353407859,0.0308061726391315,fault1
1.9555,-0.0804054054054052,1.0,30.0,69.0,0.0297938622534275,0.0333507917821407,fault1
2.084,-0.0905405405405407,1.0,30.0,69.0,0.0320266261696815,0.0329439602792263,fault1
0.9165,0.0513513513513516,1.0,30.0,69.0,0.0314981415867805,0.0362663716077804,fault1
2.16275,-0.0939189189189184,1.0,30.0,69.0,0.034306026995182,0.0289173368364572,fault1
2.168875,-0.1155405405405401,1.0,30.0,69.0,0.0273433271795511,0.0347091034054756,fault1
2.036125,-0.1054054054054046,1.0,30.0,69.0,0.0332384370267391,0.0370559655129909,fault1
1.8795,-0.0249999999999993,1.0,30.0,69.0,0.0344901420176029,0.0345432050526142,fault1
1.95475,-0.0695945945945932,1.0,30.0,69.0,0.0335378497838974,0.0268595796078443,fault1
2.093375,-0.0783783783783781,1.0,30.0,69.0,0.0254533495754003,0.0159132834523916,fault1
0.93025,-0.1695945945945954,1.0,30.0,69.0,0.014703694730997,0.0143954390659928,fault1
1.35375,-0.1378378378378382,1.0,30.0,69.0,0.0139519311487674,0.0105798281729221,fault1
1.600375,-0.1114864864864859,1.0,30.0,69.0,0.0101215597242116,0.0132062435150146,fault1
0.91275,-0.0905405405405407,1.0,30.0,69.0,0.0128551805391907,0.0139091853052377,fault1
2.291125,-0.0831081081081088,1.0,30.0,69.0,0.0135412793606519,0.0148664824664592,fault1
1.51075,-0.0432432432432432,1.0,30.0,69.0,0.0143892522901296,0.0169219840317964,fault1
1.503,-0.0695945945945932,1.0,30.0,68.0,0.0164824333041906,0.0158595293760299,fault1
1.95675,-0.122972972972972,1.0,30.0,69.0,0.015249315649271,0.0123005080968141,fault1
0.913625,-0.0837837837837829,1.0,30.0,69.0,0.0122807575389742,0.0143582923337817,fault1
1.875875,-0.0452702702702703,1.0,30.0,69.0,0.0138355903327465,0.0184464640915393,fault1
1.021125,-0.0479729729729715,1.0,30.0,69.0,0.0181140024214983,0.0204751156270504,fault1
1.298125,-0.0750000000000004,1.0,30.0,69.0,0.02020207606256,0.0199077166616916,fault1
2.222625,0.0513513513513516,1.0,30.0,69.0,0.0195921324193477,0.0172776132822036,fault1
1.785375,-0.1094594594594588,1.0,30.0,69.0,0.0168898608535528,0.0178103912621736,fault1
1.122,-0.1081081081081082,1.0,30.0,69.0,0.0177834723144769,0.01945336535573,fault1
0.983,-0.0885135135135136,1.0,30.0,69.0,0.0190201457589864,0.0201004892587661,fault1
1.071875,-0.0972972972972961,1.0,30.0,69.0,0.0193637553602457,0.0241243802011013,fault1
1.67875,-0.0945945945945949,1.0,30.0,69.0,0.0234622731804847,0.019278023391962,fault1
1.8485,-0.0702702702702697,1.0,30.0,68.0,0.0185330267995595,0.0202844738960266,fault1
1.63325,-0.0804054054054052,1.0,30.0,68.0,0.0189381577074527,0.0180324707180261,fault1
2.173375,-0.0675675675675661,1.0,30.0,68.0,0.0166878141462802,0.0177594441920518,fault1
0.9325,-0.0783783783783781,1.0,30.0,69.0,0.0172356367111206,0.0205245316028594,fault1
1.321,-0.0432432432432432,1.0,30.0,69.0,0.0200599245727062,0.0179018955677747,fault1
1.622125,-0.1081081081081082,1.0,30.0,69.0,0.0176825281232595,0.0200497861951589,fault1
1.08225,0.0628378378378378,1.0,30.0,68.0,0.0195190217345953,0.0215277839452028,fault1
1.491875,-0.0979729729729726,1.0,30.0,68.0,0.0213129706680774,0.0233852732926607,fault1
2.303125,-0.095270270270269,1.0,30.0,68.0,0.0227448344230651,0.0166900008916854,fault1
1.663625,-0.0891891891891877,1.0,30.0,68.0,0.0160469859838485,0.0165035743266344,fault1
1.11075,-0.0885135135135136,1.0,30.0,68.0,0.0161309279501438,0.0192592702805995,fault1
2.242875,-0.039189189189189,1.0,30.0,68.0,0.0189913939684629,0.0198413804173469,fault1
1.847625,-0.1067567567567576,1.0,30.0,68.0,0.0193698741495609,0.02043635584414,fault1
0.91775,-0.0804054054054052,1.0,30.0,68.0,0.0202834494411945,0.0205007959157228,fault1
2.1345,-0.0945945945945949,1.0,30.0,68.0,0.0197367276996374,0.0254497714340686,fault1
0.91225,-0.048648648648648,1.0,30.0,68.0,0.0251626912504434,0.0168282575905323,fault1
1.980875,-0.05608108108108,1.0,30.0,68.0,0.0169187299907207,0.0180239304900169,fault1
2.28675,-0.0040540540540542,1.0,29.0,69.0,0.0018449916969984,0.018920712172985,fault1
1.506,-0.1371621621621617,1.0,29.0,70.0,,0.020134812220931,fault1
1.838875,-0.1371621621621617,1.0,29.0,70.0,,0.0151437977328896,fault1
2.07425,0.0013513513513506,1.0,30.0,69.0,0.0154978781938552,0.0155305825173854,fault1
1.0595,-0.1445945945945936,1.0,30.0,69.0,0.0158137734979391,0.0169276501983404,fault1
1.887375,-0.1344594594594581,1.0,30.0,69.0,0.0171493012458086,0.0159799382090568,fault1
2.306375,-0.1695945945945954,1.0,30.0,69.0,0.0150388618931174,0.0099676707759499,fault1
2.294,-0.0304054054054041,1.0,30.0,70.0,0.0098328329622745,0.0101230824366211,fault1
1.9025,-0.1554054054054057,1.0,30.0,70.0,0.0097975749522447,0.0074319853447377,fault1
1.17875,-0.1486486486486478,1.0,30.0,70.0,0.0077388840727508,0.0088844969868659,fault1
2.300875,-0.1722972972972966,1.0,30.0,70.0,0.0095185991376638,0.0106659214943647,fault1
0.941375,-0.1459459459459466,1.0,30.0,70.0,0.0111706238240003,0.0148316882550716,fault1
2.1285,-0.1263513513513521,1.0,30.0,70.0,0.0147872408851981,0.0160809773951768,fault1
1.35575,-0.1675675675675683,1.0,30.0,70.0,0.0163429863750934,0.0129886968061327,fault1
2.2647500000000003,-0.1445945945945936,1.0,30.0,69.0,0.0128258671611547,0.0141239576041698,fault1
2.06075,-0.133783783783784,1.0,30.0,70.0,0.0144255692139267,0.0130769554525613,fault1
1.24975,-0.1756756756756743,1.0,30.0,70.0,0.0130561469122767,0.0082525694742798,fault1
1.098625,-0.1527027027027021,1.0,30.0,70.0,0.0082576619461178,0.0089170215651392,fault1
2.222375,-0.170945945945946,1.0,30.0,71.0,0.0095175402238965,0.0099325301125645,fault1
1.84375,-0.150675675675675,1.0,30.0,70.0,0.0092769144102931,0.0084323184564709,fault1
2.060375,-0.1148648648648636,1.0,30.0,70.0,0.0085049998015165,0.0130180167034268,fault1
1.84175,-0.113513513513513,1.0,30.0,70.0,0.0132034616544842,0.0130791487172245,fault1
1.797875,-0.1297297297297298,1.0,30.0,70.0,0.0126820327714085,0.0095748594030737,fault1
0.937375,-0.0047297297297283,1.0,30.0,70.0,0.0093462467193603,0.01149642188102,fault1
2.301,-0.1695945945945954,1.0,30.0,69.0,0.0116068180650472,0.0100309690460562,fault1
1.439375,-0.1520270270270255,1.0,30.0,70.0,0.0099969422444701,0.0092609776183962,fault1
1.75125,-0.1358108108108111,1.0,30.0,70.0,0.0096295280382037,0.0098196985200047,fault1
2.0772500000000003,-0.1520270270270255,1.0,30.0,70.0,0.0103206299245357,0.0085386941209435,fault1
0.98375,-0.0547297297297294,1.0,30.0,70.0,0.0089245159178972,0.0111332759261131,fault1
2.18375,-0.160135135135134,1.0,30.0,70.0,0.0113541856408119,0.0117463404312729,fault1
1.72525,-0.1513513513513515,1.0,30.0,70.0,0.0113551691174507,0.0099320188164711,fault1
2.051375,-0.1513513513513515,1.0,30.0,70.0,0.0106526827439665,0.0105890948325395,fault1
1.675875,-0.1331081081081075,1.0,30.0,70.0,0.0105390418320894,0.0112983202561736,fault1
1.614875,-0.1641891891891882,1.0,30.0,70.0,0.0112862167879939,0.0102470973506569,fault1
0.913625,-0.1445945945945936,1.0,30.0,70.0,0.0103221936151385,0.0093712769448757,fault1
1.7,-0.0222972972972981,1.0,30.0,70.0,0.0096830753609538,0.0128394374623894,fault1
0.98175,-0.1736486486486472,1.0,30.0,70.0,0.0127131175249814,0.011786020360887,fault1
2.116,-0.1310810810810804,1.0,30.0,70.0,0.0117017542943358,0.0107259945943951,fault1
1.830875,-0.1297297297297298,1.0,30.0,70.0,0.0108792185783386,0.0141339981928467,fault1
1.781375,-0.0986486486486491,1.0,30.0,70.0,0.0142896035686135,0.0128711452707648,fault1
0.995625,-0.1878378378378369,1.0,30.0,70.0,0.0131386406719684,0.012115734629333,fault1
2.303,-0.1635135135135141,1.0,30.0,70.0,0.0122095989063382,0.0114528322592377,fault1
1.373875,-0.0229729729729722,1.0,30.0,70.0,0.0120102725923061,0.0153985191136598,fault1
0.94675,-0.1459459459459466,1.0,30.0,70.0,0.0157394167035818,0.0135640874505043,fault1
1.8205,-0.1391891891891888,1.0,30.0,70.0,0.0133141549304127,0.0105666732415556,fault1
0.93575,-0.1635135135135141,1.0,30.0,70.0,0.0105625074356794,0.0123765040189027,fault1
2.308,-0.1452702702702701,1.0,30.0,70.0,0.012699699960649,0.0133542641997337,fault1
1.019875,-0.1391891891891888,1.0,30.0,70.0,0.0135021116584539,0.0118328826501965,fault1
2.117875,-0.1918918918918911,1.0,30.0,70.0,0.0125591391697525,0.0121683133766055,fault1
2.030875,-0.1662162162162153,1.0,30.0,70.0,0.0121264122426509,0.0130777303129434,fault1
1.31125,-0.1439189189189195,1.0,30.0,70.0,0.0138575751334428,0.012535797432065,fault1
2.23625,-0.1189189189189178,1.0,30.0,69.0,0.0127991065382957,0.0120904697105288,fault1
2.27275,-0.1452702702702701,1.0,30.0,70.0,0.0123656261712312,0.0126306377351284,fault1
0.963,-0.1472972972972973,1.0,30.0,70.0,0.012936657294631,0.012114661745727,fault1
2.173875,-0.1500000000000008,1.0,30.0,70.0,0.0123631618916988,0.0123149082064628,fault1
1.224375,-0.1783783783783779,1.0,30.0,70.0,0.0124377887696027,0.0125000830739736,fault1
2.099125,-0.1695945945945954,1.0,30.0,70.0,0.0128958979621529,0.0129332663491368,fault1
2.224625,-0.0439189189189197,1.0,29.0,69.0,0.002369167516008,0.0247203186154365,fault1
0.935,-0.1405405405405394,1.0,29.0,70.0,,0.0189786888659,fault1
2.288875,-0.1310810810810804,1.0,29.0,70.0,,0.0234344340860843,fault1
1.42075,-0.0743243243243239,1.0,29.0,70.0,0.0233565215021371,0.023323630914092,fault1
2.273875,-0.1398648648648653,1.0,30.0,70.0,0.0234369672834873,0.020689146593213,fault1
2.0765,-0.1202702702702708,1.0,30.0,70.0,0.0204711630940437,0.0208831373602151,fault1
1.16025,-0.1554054054054057,1.0,30.0,70.0,0.0217449571937322,0.0232906006276607,fault1
2.307,-0.0060810810810813,1.0,30.0,70.0,0.0236118715256452,0.0229357108473777,fault1
0.974125,-0.1175675675675672,1.0,30.0,70.0,0.0229511763900518,0.0357593894004821,fault1
1.26075,-0.0878378378378371,1.0,30.0,70.0,0.034739963710308,0.0233915168792009,fault1
1.566875,-0.1425675675675665,1.0,30.0,70.0,0.0240782033652067,0.0293586775660514,fault1
0.91375,-0.124324324324325,1.0,30.0,70.0,0.0292143523693084,0.0272939596325159,fault1
1.577,-0.1175675675675672,1.0,30.0,70.0,0.0263422820717096,0.0188576411455869,fault1
1.293125,-0.1351351351351346,1.0,30.0,70.0,0.0193975809961557,0.0271424166858196,fault1
1.032375,0.0155405405405403,1.0,30.0,70.0,0.0272445082664489,0.0267286580055952,fault1
2.143875,-0.1358108108108111,1.0,30.0,70.0,0.0266021322458982,0.0354341678321361,fault1
2.032625,-0.0499999999999986,1.0,30.0,70.0,0.0353137515485286,0.0301825068891048,fault1
1.097,-0.1682432432432424,1.0,30.0,70.0,0.0283797215670347,0.009381934069097,fault1
2.255,-0.1581081081081069,1.0,30.0,70.0,0.0096063250675797,0.0205053351819515,fault1
1.107875,-0.133783783783784,1.0,30.0,70.0,0.0202201660722494,0.0188428740948438,fault1
2.227,-0.0756756756756745,1.0,30.0,70.0,0.0192721132189035,0.0245050471276044,fault1
1.8635,-0.1472972972972973,1.0,30.0,70.0,0.0241571050137281,0.022314328700304,fault1
1.794,-0.1297297297297298,1.0,30.0,70.0,0.0226116646081209,0.0298837125301361,fault1
1.248625,-0.0918918918918913,1.0,30.0,70.0,0.0293775293976068,0.0251507814973592,fault1
2.084,-0.0648648648648649,1.0,30.0,70.0,0.024361927062273,0.0092360796406865,fault1
0.912625,-0.1641891891891882,1.0,30.0,70.0,0.0102309389039874,0.0282458942383527,fault1
0.948125,-0.104054054054054,1.0,30.0,70.0,0.0268173329532146,0.0398568138480186,fault1
1.821,-0.0878378378378371,1.0,30.0,70.0,0.0401667244732379,0.0449199452996254,fault1
0.929375,-0.1047297297297305,1.0,30.0,70.0,0.0449389666318893,0.0427281185984611,fault1
1.903625,-0.0277027027027029,1.0,30.0,70.0,0.0427098497748374,0.0511199384927749,fault1
0.909625,-0.0324324324324312,1.0,30.0,71.0,0.0525686517357826,0.0514090955257415,fault1
1.867375,-0.0270270270270264,1.0,30.0,70.0,0.0517797358334064,0.0492599941790103,fault1
1.290625,0.0168918918918933,1.0,30.0,70.0,0.0498346574604511,0.0542223751544952,fault1
2.301875,0.0155405405405403,1.0,30.0,70.0,0.0543940663337707,0.0517899356782436,fault1
2.189375,-0.009459459459459,1.0,30.0,70.0,0.0518078655004501,0.055650133639574,fault1
1.03875,0.1682432432432424,1.0,30.0,71.0,0.0527496673166751,0.0511916168034076,fault1
2.282375,-0.0594594594594601,1.0,30.0,70.0,0.050817385315895,0.0548514723777771,fault1
1.0515,-0.0216216216216216,1.0,30.0,70.0,0.0541081503033638,0.048977043479681,fault1
2.3045,-0.0074324324324319,1.0,30.0,70.0,0.0491972081363201,0.0567787289619445,fault1
1.057,-0.0243243243243228,1.0,30.0,70.0,0.0558043867349624,0.0513129420578479,fault1
0.932125,-0.0540540540540529,1.0,30.0,70.0,0.0494327954947948,0.0521501451730728,fault1
1.921625,0.0412162162162161,1.0,30.0,70.0,0.0527566522359848,0.0509385429322719,fault1
1.099625,-0.0520270270270258,1.0,30.0,70.0,0.0498384721577167,0.0533043071627616,fault1
1.90225,-0.0472972972972974,1.0,30.0,70.0,0.0520387813448905,0.0484346970915794,fault1
0.911,0.0236486486486487,1.0,30.0,70.0,0.0473715178668499,0.055289726704359,fault1
2.29275,0.0128378378378391,1.0,30.0,71.0,0.0549510866403579,0.0539610981941223,fault1
1.72975,0.0270270270270264,1.0,30.0,71.0,0.0538709722459316,0.0545298866927623,fault1
2.234125,0.0,1.0,30.0,71.0,0.0542799606919288,0.0591604970395565,fault1
1.516875,-0.0317567567567571,1.0,30.0,70.0,0.0580882914364337,0.047046735882759,fault1
0.910125,-0.0358108108108113,1.0,30.0,70.0,0.0460607670247554,0.054366048425436,fault1
0.910125,-0.0499999999999986,1.0,30.0,70.0,0.0531977303326129,0.0525948107242584,fault1
1.85125,0.0824324324324323,1.0,30.0,70.0,0.0512994937598705,0.0521382242441177,fault1
1.32775,-0.0135135135135132,1.0,30.0,70.0,0.0518928095698356,0.0543199591338634,fault1
2.077125,-0.0195945945945945,1.0,30.0,71.0,0.0539726763963699,0.05013407766819,fault1
0.9585,-0.0067567567567554,1.0,30.0,70.0,0.0497075766324996,0.052523884922266,fault1
2.2285,-0.0074324324324319,1.0,30.0,71.0,0.0508737713098526,0.0530222989618778,fault1
1.175875,-0.0175675675675674,1.0,30.0,70.0,0.0523749180138111,0.0450372248888015,fault1
1.97275,-0.0081081081081084,1.0,30.0,70.0,0.0459197647869586,0.0494751930236816,fault1
1.979625,0.1560810810810822,1.0,30.0,70.0,0.0486102402210235,0.0501696541905403,fault1
0.970875,-0.0425675675675667,1.0,30.0,71.0,0.0482622906565666,0.0504872277379035,fault1
0.967875,-0.0378378378378384,1.0,30.0,68.0,0.0014978456310927,0.0134806865826249,fault1
2.19475,-0.1358108108108111,1.0,30.0,68.0,,0.0117409639060497,fault1
1.3635,-0.1635135135135141,1.0,30.0,69.0,0.011686585843563,0.0131112579256296,fault1
1.185375,-0.1391891891891888,1.0,30.0,69.0,0.0134744169190526,0.0224170014262199,fault1
1.973375,-0.1459459459459466,1.0,30.0,69.0,0.0207043569535017,0.0166395120322704,fault1
1.237875,-0.1567567567567563,1.0,30.0,69.0,0.0164077449589967,0.018541470170021,fault1
1.74475,-0.1736486486486472,1.0,30.0,69.0,0.0179329179227352,0.020703200250864,fault1
1.23825,-0.1439189189189195,1.0,30.0,70.0,0.0199530646204948,0.018088923767209,fault1
1.317375,-0.1412162162162159,1.0,30.0,70.0,0.017942564561963,0.0159298852086067,fault1
1.756125,-0.1750000000000002,1.0,30.0,70.0,0.0161154605448246,0.0214836820960044,fault1
1.714875,-0.1587837837837834,1.0,30.0,70.0,0.0214058328419923,0.0209990553557872,fault1
1.803375,-0.0087837837837825,1.0,30.0,70.0,0.0205287113785743,0.0209439862519502,fault1
1.838875,-0.150675675675675,1.0,30.0,69.0,0.020427830517292,0.0253196395933628,fault1
1.51625,-0.1459459459459466,1.0,30.0,69.0,0.0238576736301183,0.0239223428070545,fault1
2.162125,-0.1459459459459466,1.0,30.0,70.0,0.0226651690900325,0.0215612091124057,fault1
2.191,0.0128378378378391,1.0,30.0,70.0,0.0207982547581195,0.0206165611743927,fault1
1.3215,-0.1689189189189189,1.0,30.0,70.0,0.0196546074002981,0.0217698831111192,fault1
1.8835,-0.1527027027027021,1.0,30.0,70.0,0.0213611014187335,0.0225303675979375,fault1
2.0675,-0.1378378378378382,1.0,30.0,70.0,0.0228021945804357,0.0190853402018547,fault1
1.40325,-0.1472972972972973,1.0,30.0,70.0,0.0185827892273664,0.014372837729752,fault1
1.192375,-0.1655405405405412,1.0,30.0,70.0,0.0143023915588855,0.0186308976262807,fault1
2.25875,-0.1722972972972966,1.0,30.0,70.0,0.0184078700840473,0.0225668288767337,fault1
0.925,-0.1520270270270255,1.0,30.0,70.0,0.0227692555636167,0.0204161554574966,fault1
0.913,-0.1587837837837834,1.0,30.0,69.0,0.0194254703819751,0.018836785107851,fault1
1.910875,-0.1668918918918918,1.0,30.0,70.0,0.018764553591609,0.0204877369105815,fault1
1.1355,-0.1797297297297285,1.0,30.0,70.0,0.0196442827582359,0.0214111469686031,fault1
1.936375,-0.1270270270270262,1.0,30.0,70.0,0.0208998639136552,0.0211030710488557,fault1
0.928625,-0.1702702702702695,1.0,30.0,70.0,0.0203533489257097,0.0228209476917982,fault1
2.279125,-0.1668918918918918,1.0,30.0,70.0,0.0227000676095485,0.0195063091814517,fault1
1.71975,-0.1750000000000002,1.0,30.0,70.0,0.0188393797725439,0.0138676930218935,fault1
0.924125,-0.1493243243243243,1.0,30.0,70.0,0.0133289573714137,0.0085148541256785,fault1
1.14625,-0.1114864864864859,1.0,30.0,70.0,0.0085564786568284,0.0092348614707589,fault1
1.103625,-0.1560810810810798,1.0,30.0,70.0,0.0092455185949802,0.0119421444833278,fault1
2.280875,-0.1189189189189178,1.0,30.0,70.0,0.0122308498248457,0.0201881043612957,fault1
1.5545,-0.1405405405405394,1.0,30.0,70.0,0.0200633760541677,0.0186427105218172,fault1
1.708875,-0.1581081081081069,1.0,30.0,70.0,0.0183655060827732,0.0255517940968275,fault1
0.9905,-0.1297297297297298,1.0,30.0,70.0,0.0248872712254524,0.0253690760582685,fault1
1.608875,-0.1033783783783775,1.0,30.0,70.0,0.0248940251767635,0.026311183348298,fault1
2.0195,-0.0999999999999997,1.0,30.0,70.0,0.0263170860707759,0.0273019522428512,fault1
0.935875,-0.113513513513513,1.0,30.0,70.0,0.0268143359571695,0.0272082965821027,fault1
1.44,-0.1405405405405394,1.0,30.0,70.0,0.0267705656588077,0.0271963998675346,fault1
0.936375,-0.1148648648648636,1.0,30.0,70.0,0.0270300488919019,0.0221694838255643,fault1
1.547875,-0.1074324324324317,1.0,30.0,70.0,0.0212940033525228,0.0297711566090583,fault1
1.5075,-0.1364864864864852,1.0,30.0,69.0,0.0294537264853715,0.0262383632361888,fault1
0.914375,-0.1837837837837827,1.0,30.0,70.0,0.025358397513628,0.0188459530472755,fault1
2.17875,-0.1310810810810804,1.0,30.0,70.0,0.0195487570017576,0.026650246232748,fault1
0.979875,-0.1358108108108111,1.0,30.0,70.0,0.0266823414713144,0.0218779128044843,fault1
2.099,-0.0993243243243232,1.0,30.0,70.0,0.0218418948352336,0.0288874488323926,fault1
2.295625,-0.0844594594594594,1.0,30.0,70.0,0.0287899505347013,0.0297330692410469,fault1
0.916,-0.1297297297297298,1.0,30.0,69.0,0.029760867357254,0.0241062361747026,fault1
1.094375,-0.1560810810810798,1.0,30.0,70.0,0.0238847658038139,0.025460697710514,fault1
1.5655,-0.1412162162162159,1.0,30.0,70.0,0.0250664819031953,0.0246104057878255,fault1
1.564125,-0.1412162162162159,1.0,30.0,70.0,0.0241207275539636,0.0276915598660707,fault1
2.29325,-0.124324324324325,1.0,30.0,70.0,0.027749378234148,0.0243911631405353,fault1
1.6465,-0.133783783783784,1.0,30.0,70.0,0.0245612245053052,0.0228001456707716,fault1
2.291375,-0.1290540540540533,1.0,30.0,70.0,0.0226481948047876,0.0243146698921918,fault1
0.909,-0.1777027027027014,1.0,30.0,70.0,0.0244912691414356,0.0265842918306589,fault1
2.30575,-0.1364864864864852,1.0,30.0,70.0,0.0257985852658748,0.0258596055209636,fault1
0.9375,-0.1094594594594588,1.0,30.0,70.0,0.0263767931610345,0.0314206071197986,fault1
1.32475,-0.1222972972972979,1.0,30.0,70.0,0.0306156631559133,0.0257412102073431,fault1
1.042,-0.1412162162162159,1.0,30.0,70.0,0.0248691625893116,0.018499631434679,fault1
2.072125,-0.1344594594594581,1.0,29.0,68.0,0.001127517200075,0.0267878863960504,fault1
1.404125,-0.1033783783783775,1.0,29.0,69.0,,0.0348572693765163,fault1
0.911625,-0.1013513513513503,1.0,29.0,69.0,0.0322748646140098,0.0329304113984108,fault1
1.86325,-0.0452702702702703,1.0,29.0,69.0,0.0308268722146749,0.0279724113643169,fault1
1.039375,0.0385135135135149,1.0,29.0,70.0,0.0250199642032384,0.0310962349176406,fault1
1.84125,-0.0655405405405414,1.0,29.0,70.0,0.0293247010558843,0.0300547964870929,fault1
2.308,-0.1060810810810811,1.0,30.0,69.0,0.0283719301223754,0.033079519867897,fault1
1.30325,-0.0824324324324323,1.0,30.0,69.0,0.0315451957285404,0.0297281760722398,fault1
2.08875,-0.0554054054054059,1.0,30.0,69.0,0.0278696417808532,0.0348769761621952,fault1
2.036375,-0.0689189189189191,1.0,30.0,69.0,0.0325255170464515,0.0457537025213241,fault1
1.4625,-0.0425675675675667,1.0,30.0,69.0,0.0428264029324054,0.0407733581960201,fault1
2.239875,0.0506756756756751,1.0,30.0,69.0,0.038214486092329,0.0411297082901001,fault1
1.350125,-0.1006756756756762,1.0,30.0,69.0,0.0382407195866107,0.0415233708918094,fault1
1.327125,-0.0520270270270258,1.0,30.0,69.0,0.0390046462416648,0.0449105948209762,fault1
2.169625,-0.0121621621621626,1.0,30.0,69.0,0.0421561375260353,0.0352074727416038,fault1
1.367375,-0.113513513513513,1.0,30.0,69.0,0.0312461517751216,0.0258160438388586,fault1
1.956375,-0.0837837837837829,1.0,30.0,69.0,0.0236335601657629,0.0321580618619918,fault1
0.90725,-0.066891891891892,1.0,30.0,69.0,0.0303777791559696,0.0345245413482189,fault1
1.008125,0.0358108108108113,1.0,30.0,68.0,0.0323355458676815,0.025415614247322,fault1
0.952625,-0.0932432432432419,1.0,30.0,68.0,0.0234821550548076,0.0303299184888601,fault1
2.242125,-0.0567567567567565,1.0,30.0,69.0,0.0283910017460584,0.0299876108765602,fault1
1.441625,-0.0479729729729715,1.0,30.0,69.0,0.0282019935548305,0.0324503220617771,fault1
1.466,-0.1155405405405401,1.0,30.0,68.0,0.0314198248088359,0.0253510624170303,fault1
2.09125,-0.0743243243243239,1.0,30.0,68.0,0.0243533309549093,0.0331039242446422,fault1
2.034375,-0.0722972972972968,1.0,30.0,69.0,0.0326213054358959,0.0326859317719936,fault1
0.91425,-0.0750000000000004,1.0,30.0,69.0,0.0317445509135723,0.0370577573776245,fault1
1.8965,-0.076351351351351,1.0,30.0,69.0,0.0366318896412849,0.0405625514686107,fault1
1.967125,-0.0831081081081088,1.0,30.0,69.0,0.0388491824269294,0.0362378396093845,fault1
2.090375,-0.0736486486486474,1.0,30.0,69.0,0.0349930040538311,0.0389802493155002,fault1
1.83475,-0.0993243243243232,1.0,30.0,69.0,0.0374993830919265,0.0386150255799293,fault1
1.703,-0.0722972972972968,1.0,30.0,69.0,0.0380524583160877,0.038779143244028,fault1
2.219375,-0.0689189189189191,1.0,30.0,69.0,0.0374622568488121,0.0366710163652896,fault1
1.399875,-0.0466216216216209,1.0,30.0,69.0,0.0367847606539726,0.0412547476589679,fault1
2.087375,-0.0783783783783781,1.0,30.0,69.0,0.0407629460096359,0.0359053835272789,fault1
1.657375,-0.0520270270270258,1.0,30.0,69.0,0.0358955301344394,0.0362420678138732,fault1
0.911,0.0682432432432426,1.0,30.0,69.0,0.0350039452314376,0.0420354790985584,fault1
1.445875,-0.0628378378378378,1.0,30.0,69.0,0.0405953526496887,0.0367282517254352,fault1
1.295,-0.0513513513513516,1.0,30.0,69.0,0.0351914055645465,0.037893284112215,fault1
2.28475,-0.0709459459459462,1.0,30.0,69.0,0.037149753421545,0.0427534021437168,fault1
2.2175,-0.0844594594594594,1.0,30.0,69.0,0.0427589192986488,0.0366702042520046,fault1
1.182125,-0.0891891891891877,1.0,30.0,68.0,0.0369899123907089,0.0436015091836452,fault1
1.611,-0.1527027027027021,1.0,30.0,68.0,0.0420567244291305,0.0350346155464649,fault1
1.094375,-0.0804054054054052,1.0,30.0,68.0,0.0326217897236347,0.0365392640233039,fault1
1.249125,-0.0445945945945938,1.0,30.0,68.0,0.0354964770376682,0.0421876534819603,fault1
1.74825,-0.0425675675675667,1.0,30.0,68.0,0.0414290949702262,0.0325103886425495,fault1
0.920625,-0.0797297297297287,1.0,30.0,68.0,0.0315369702875614,0.0311518460512161,fault1
1.846625,-0.0864864864864865,1.0,30.0,68.0,0.0307033471763134,0.0388363599777221,fault1
1.894375,0.1101351351351353,1.0,30.0,68.0,0.038113210350275,0.0315745808184146,fault1
2.135125,-0.0898648648648642,1.0,30.0,68.0,0.0308671332895755,0.0367335304617881,fault1
0.948875,-0.0864864864864865,1.0,30.0,68.0,0.0365155823528766,0.0406136587262153,fault1
2.036875,-0.096621621621622,1.0,30.0,68.0,0.0390300452709198,0.0353894308209419,fault1
1.373,-0.076351351351351,1.0,30.0,68.0,0.0339609645307064,0.035391230136156,fault1
1.51975,-0.0736486486486474,1.0,30.0,68.0,0.0336041375994682,0.0291030164808034,fault1
0.91625,0.020270270270271,1.0,30.0,68.0,0.0283533688634634,0.0321229808032512,fault1
2.11975,-0.0885135135135136,1.0,30.0,68.0,0.0306456480175256,0.0361005440354347,fault1
1.6345,-0.1067567567567576,1.0,30.0,68.0,0.0357258021831512,0.0331695266067981,fault1
1.389875,-0.0770270270270275,1.0,30.0,68.0,0.0325688980519771,0.0350902862846851,fault1
1.59125,-0.0324324324324312,1.0,30.0,68.0,0.0351075045764446,0.0352779179811477,fault1
1.712875,-0.0581081081081071,1.0,30.0,68.0,0.0339588671922683,0.0288907289505004,fault1
2.30375,-0.0304054054054041,1.0,30.0,68.0,0.026266049593687,0.0281229857355356,fault1
2.09225,-0.0993243243243232,1.0,30.0,68.0,0.0282023660838603,0.0315443240106105,fault1
2.104875,-0.1054054054054046,1.0,30.0,68.0,0.0301319155842065,0.0290151517838239,fault1
0.914375,-0.1013513513513503,1.0,30.0,68.0,0.0277229491621255,0.0373337380588054,fault1
1.54775,-0.0810810810810817,1.0,30.0,68.0,0.0363740622997283,0.0385192930698394,fault1
1.665125,-0.0141891891891897,1.0,29.0,70.0,0.0016629243036732,0.0334140621125698,fault1
1.94975,-0.0837837837837829,1.0,29.0,70.0,,0.0215263664722442,fault1
1.981,-0.1574324324324328,1.0,29.0,71.0,,0.0368866324424743,fault1
2.149625,-0.1060810810810811,1.0,29.0,71.0,0.0355761609971523,0.0295040346682071,fault1
1.75625,-0.1283783783783792,1.0,29.0,71.0,0.0276429113000631,0.0161304492503404,fault1
1.862375,-0.1513513513513515,1.0,29.0,71.0,0.015394982881844,0.0092061217874288,fault1
0.9565,-0.1222972972972979,1.0,29.0,71.0,0.0090371267870068,0.0179406479001045,fault1
2.255375,-0.1331081081081075,1.0,29.0,71.0,0.0181830935180187,0.0180553756654262,fault1
1.021625,-0.124324324324325,1.0,29.0,71.0,0.0177275091409683,0.0142482351511716,fault1
1.946125,-0.1331081081081075,1.0,29.0,71.0,0.0131244203075766,0.0115735251456499,fault1
0.913875,-0.1513513513513515,1.0,29.0,72.0,0.0124286813661456,0.0149382296949625,fault1
1.72275,-0.1418918918918924,1.0,29.0,72.0,0.0154950134456157,0.0138035984709858,fault1
1.039125,-0.1094594594594588,1.0,29.0,72.0,0.013365114107728,0.0189283657819032,fault1
1.990625,-0.1405405405405394,1.0,29.0,72.0,0.0192596707493066,0.0109545234590768,fault1
2.22025,-0.104054054054054,1.0,29.0,72.0,0.0111771635711193,0.013800049200654,fault1
1.2655,-0.1641891891891882,1.0,29.0,72.0,0.013897068798542,0.0107767879962921,fault1
2.214125,-0.1378378378378382,1.0,29.0,72.0,0.0103028723970055,0.0136355310678482,fault1
1.18225,-0.1277027027027027,1.0,29.0,72.0,0.0132724549621343,0.0132590299472212,fault1
1.42975,-0.1054054054054046,1.0,29.0,71.0,0.0128118330612778,0.0148509610444307,fault1
1.72825,0.0040540540540542,1.0,29.0,71.0,0.0137804299592971,0.0185659117996692,fault1
1.373125,-0.1527027027027021,1.0,29.0,71.0,0.0181169025599956,0.0117354206740856,fault1
0.95575,-0.1635135135135141,1.0,29.0,71.0,0.0111023783683776,0.0103134466335177,fault1
2.05275,-0.1074324324324317,1.0,29.0,71.0,0.0106561155989766,0.0126099735498428,fault1
1.047875,-0.0722972972972968,1.0,29.0,71.0,0.0120799439027905,0.0135736931115388,fault1
1.686875,-0.1344594594594581,1.0,29.0,71.0,0.0136192757636308,0.013722619973123,fault1
2.20025,-0.0912162162162148,1.0,29.0,70.0,0.0132683021947741,0.0139434328302741,fault1
2.0755,-0.160135135135134,1.0,29.0,70.0,0.0131062269210815,0.0115679819136857,fault1
1.2225,-0.1540540540540527,1.0,29.0,71.0,0.011050553061068,0.0143351377919316,fault1
2.252625,-0.1479729729729738,1.0,29.0,71.0,0.0139745594933629,0.0111016165465116,fault1
2.18625,-0.1398648648648653,1.0,29.0,71.0,0.0105714555829763,0.0155201610177755,fault1
2.17975,-0.0337837837837842,1.0,29.0,71.0,0.0151456454768776,0.0128658022731542,fault1
0.911,-0.1331081081081075,1.0,29.0,71.0,0.0123424092307686,0.0120974378660321,fault1
1.22075,-0.1270270270270262,1.0,29.0,71.0,0.0117263831198215,0.011704321950674,fault1
2.183375,-0.1108108108108094,1.0,29.0,71.0,0.0115162264555692,0.0164789799600839,fault1
1.327,-0.1222972972972979,1.0,29.0,71.0,0.0159439612179994,0.0172281898558139,fault1
1.148125,-0.1270270270270262,1.0,29.0,71.0,0.0174135453999042,0.0128610273823142,fault1
1.917375,-0.1047297297297305,1.0,29.0,71.0,0.012927820906043,0.0156428944319486,fault1
2.305375,0.0695945945945956,1.0,29.0,71.0,0.0151028102263808,0.016229510307312,fault1
1.08825,-0.1344594594594581,1.0,29.0,71.0,0.0153269246220588,0.0223599672317504,fault1
1.120375,-0.1209459459459449,1.0,29.0,71.0,0.0214678365737199,0.0180431138724088,fault1
2.30375,-0.1074324324324317,1.0,29.0,71.0,0.0169103983789682,0.0164488367736339,fault1
1.9855,-0.1087837837837823,1.0,29.0,71.0,0.015681903809309,0.0184438824653625,fault1
1.22375,-0.0912162162162148,1.0,29.0,71.0,0.017336793243885,0.0164837818592786,fault1
2.136375,-0.1304054054054039,1.0,29.0,71.0,0.0157580245286226,0.0208756774663925,fault1
1.065625,-0.180405405405405,1.0,29.0,71.0,0.0199456587433815,0.0199168380349874,fault1
0.931125,-0.1182432432432437,1.0,29.0,71.0,0.0190717075020074,0.0175490397959947,fault1
1.82925,-0.1209459459459449,1.0,29.0,70.0,0.0169024541974067,0.0186538100242614,fault1
1.23925,-0.1128378378378365,1.0,29.0,71.0,0.0184727124869823,0.0236846785992383,fault1
1.88775,-0.1182432432432437,1.0,29.0,70.0,0.0234977807849645,0.0216445326805114,fault1
0.9175,-0.1013513513513503,1.0,29.0,70.0,0.0208326615393161,0.0159836541861295,fault1
1.40875,0.0128378378378391,1.0,29.0,71.0,0.0156602021306753,0.0185421351343393,fault1
2.249,-0.1256756756756756,1.0,29.0,70.0,0.018343361094594,0.0212154332548379,fault1
0.920375,-0.1013513513513503,1.0,29.0,70.0,0.020744577050209,0.0179897602647542,fault1
1.90425,-0.0824324324324323,1.0,29.0,70.0,0.0174864195287227,0.0208333544433116,fault1
1.07125,-0.1216216216216214,1.0,29.0,70.0,0.0203831680119037,0.0197923798114061,fault1
1.803875,-0.1445945945945936,1.0,29.0,70.0,0.0189858153462409,0.0195480305701494,fault1
2.233875,-0.1331081081081075,1.0,29.0,70.0,0.0189083870500326,0.0230737794190645,fault1
1.070375,-0.1391891891891888,1.0,29.0,70.0,0.0224134307354688,0.0239995568990707,fault1
1.292875,-0.1202702702702708,1.0,29.0,70.0,0.0226799175143241,0.0194096434861421,fault1
1.41825,-0.1351351351351346,1.0,29.0,70.0,0.0187231842428445,0.0175088550895452,fault1
1.342875,-0.124324324324325,1.0,29.0,70.0,0.0172816962003707,0.0212728064507246,fault1
2.302875,-0.095270270270269,1.0,29.0,70.0,0.0209557078778743,0.0201918967068195,fault1
1.853125,-0.05608108108108,1.0,30.0,68.0,0.0019349943613633,0.0126915136352181,fault1
2.29675,-0.1344594594594581,1.0,30.0,69.0,,0.0113178836181759,fault1
0.961625,-0.1277027027027027,1.0,30.0,69.0,0.0114518627524375,0.0129462759941816,fault1
2.2905,-0.1195945945945943,1.0,30.0,69.0,0.0135167129337787,0.0140032153576612,fault1
0.930125,-0.1472972972972973,1.0,30.0,69.0,0.0142068872228264,0.0119632156565785,fault1
1.353625,-0.1331081081081075,1.0,30.0,69.0,0.0119081251323223,0.011991255916655,fault1
0.9585,-0.1567567567567563,1.0,30.0,69.0,0.0126409484073519,0.01178830396384,fault1
2.30725,-0.1114864864864859,1.0,30.0,70.0,0.0118478164076805,0.0125441774725914,fault1
1.489375,-0.0831081081081088,1.0,30.0,70.0,0.0127019975334405,0.0131041854619979,fault1
1.815375,-0.1952702702702688,1.0,30.0,70.0,0.0133017469197511,0.0152096841484308,fault1
1.684625,-0.1486486486486478,1.0,30.0,70.0,0.0152968214824795,0.0141796292737126,fault1
1.321875,-0.1398648648648653,1.0,30.0,70.0,0.0140861393883824,0.0107567403465509,fault1
0.935625,-0.1162162162162166,1.0,30.0,70.0,0.0111598903313279,0.0122486213222146,fault1
2.172625,-0.1216216216216214,1.0,30.0,70.0,0.0124224461615085,0.0149396210908889,fault1
1.52825,-0.1310810810810804,1.0,30.0,70.0,0.0154859405010938,0.0129864886403083,fault1
2.217625,-0.1074324324324317,1.0,30.0,70.0,0.0136157115921378,0.0131605565547943,fault1
1.117875,-0.0364864864864854,1.0,30.0,70.0,0.0134925059974193,0.0123905865475535,fault1
2.305875,-0.1358108108108111,1.0,30.0,70.0,0.012712737545371,0.0137491105124354,fault1
1.101375,-0.1581081081081069,1.0,30.0,69.0,0.0137899313122034,0.0130111593753099,fault1
1.881375,-0.1344594594594581,1.0,30.0,69.0,0.0132920313626527,0.0121853994205594,fault1
2.303125,-0.1635135135135141,1.0,30.0,69.0,0.0125274173915386,0.0125143593177199,fault1
1.533,-0.1689189189189189,1.0,30.0,69.0,0.0128422463312745,0.013418142683804,fault1
2.0775,-0.0844594594594594,1.0,30.0,69.0,0.0134047530591487,0.0123819783329963,fault1
1.057625,-0.1540540540540527,1.0,30.0,69.0,0.0126455500721931,0.0128643494099378,fault1
1.309875,-0.1277027027027027,1.0,30.0,69.0,0.0131131131201982,0.0151827028021216,fault1
2.30375,-0.1533783783783786,1.0,30.0,69.0,0.015237440355122,0.0167808197438716,fault1
1.985375,-0.1209459459459449,1.0,30.0,69.0,0.0161550920456647,0.0139947524294257,fault1
1.059,-0.1108108108108094,1.0,30.0,69.0,0.0143692186102271,0.0137457605451345,fault1
1.915375,-0.1121621621621624,1.0,30.0,69.0,0.0143744917586445,0.0134245306253433,fault1
1.13525,-0.1162162162162166,1.0,30.0,69.0,0.0137237338349223,0.0167232863605022,fault1
0.988625,-0.0168918918918909,1.0,30.0,69.0,0.0165519043803215,0.0147353122010827,fault1
2.284875,-0.1547297297297292,1.0,30.0,69.0,0.0146948918700218,0.0123852584511041,fault1
0.989875,-0.1418918918918924,1.0,30.0,69.0,0.0128661412745714,0.0125635610893368,fault1
1.899,-0.1222972972972979,1.0,30.0,69.0,0.0127173187211155,0.0154046164825558,fault1
2.176,-0.1310810810810804,1.0,30.0,69.0,0.015529959462583,0.0149748921394348,fault1
1.200625,-0.1344594594594581,1.0,30.0,69.0,0.0151593890041112,0.0135912420228123,fault1
1.252125,-0.1459459459459466,1.0,30.0,70.0,0.0138961896300315,0.0127753363922238,fault1
1.371375,-0.1641891891891882,1.0,30.0,69.0,0.0133661525323987,0.0148691609501838,fault1
2.250875,-0.1540540540540527,1.0,30.0,69.0,0.0153963807970285,0.0173027049750089,fault1
1.530375,-0.1202702702702708,1.0,30.0,69.0,0.0169334784150123,0.0143581535667181,fault1
0.909625,-0.1317567567567569,1.0,30.0,69.0,0.0147116454318165,0.0146774463355541,fault1
1.0115,-0.1608108108108105,1.0,30.0,69.0,0.0149212274700403,0.0137324947863817,fault1
1.070375,-0.1439189189189195,1.0,30.0,69.0,0.0139615982770919,0.0159555524587631,fault1
2.053125,-0.208108108108108,1.0,30.0,69.0,0.015947101637721,0.0163984093815088,fault1
1.129125,-0.1331081081081075,1.0,30.0,68.0,0.0160813443362712,0.0133222378790378,fault1
1.384375,-0.1155405405405401,1.0,30.0,69.0,0.0134222880005836,0.015832345932722,fault1
2.28725,-0.1486486486486478,1.0,30.0,69.0,0.016132740303874,0.016551399603486,fault1
1.12275,-0.1479729729729738,1.0,30.0,69.0,0.0164967309683561,0.0190156549215316,fault1
1.686125,-0.1533783783783786,1.0,30.0,69.0,0.0178721249103546,0.0146367354318499,fault1
0.91175,-0.1648648648648647,1.0,30.0,69.0,0.0146332206204533,0.0129322772845625,fault1
1.438875,-0.1540540540540527,1.0,30.0,69.0,0.0131169743835926,0.0130033874884247,fault1
0.910625,-0.1371621621621617,1.0,30.0,69.0,0.0131169743835926,0.0144609240815043,fault1
2.192625,-0.1466216216216208,1.0,30.0,69.0,0.0146692600101232,0.0130135603249073,fault1
1.335875,-0.1574324324324328,1.0,30.0,69.0,0.0127824293449521,0.0124669289216399,fault1
0.943125,-0.1560810810810798,1.0,30.0,69.0,0.0132686281576752,0.0151652852073311,fault1
2.060125,-0.1452702702702701,1.0,30.0,69.0,0.0155124310404062,0.0124602783471345,fault1
1.477375,-0.1513513513513515,1.0,30.0,68.0,0.0126344710588455,0.0111881112679839,fault1
0.965625,-0.1358108108108111,1.0,30.0,68.0,0.0111073739826679,0.0122201237827539,fault1
1.810875,-0.1513513513513515,1.0,30.0,69.0,0.0126382773742079,0.0156491380184888,fault1
2.0215,-0.1459459459459466,1.0,30.0,69.0,0.0155408103018999,0.0171169079840183,fault1
2.308,-0.1635135135135141,1.0,30.0,69.0,0.0163961332291364,0.0117893069982528,fault1
2.064,0.0006756756756765,1.0,30.0,69.0,0.0119002573192119,0.0099296448752284,fault1
1.001125,-0.1459459459459466,1.0,30.0,69.0,0.0102599821984767,0.0135449673980474,fault1
1.996875,-0.1702702702702695,1.0,30.0,69.0,0.0136955482885241,0.0180876236408948,fault1
1.51025,0.039189189189189,1.0,29.0,71.0,0.0018084121402353,0.0293909050524234,fault1
2.10875,-0.1121621621621624,1.0,29.0,71.0,,0.0291276928037405,fault1
1.456125,0.018918918918918,1.0,29.0,71.0,0.0284228753298521,0.0186433680355548,fault1
1.485,-0.0898648648648642,1.0,29.0,71.0,0.0180229004472494,0.0216458681970834,fault1
2.17375,-0.1412162162162159,1.0,29.0,71.0,0.021663861349225,0.0177487805485725,fault1
0.924125,-0.1209459459459449,1.0,29.0,71.0,0.0187230315059423,0.0278206001967191,fault1
1.343625,-0.1189189189189178,1.0,29.0,71.0,0.0282877814024686,0.0231503024697303,fault1
2.256625,-0.1351351351351346,1.0,29.0,71.0,0.0229911748319864,0.0257994700223207,fault1
1.217625,0.0,1.0,30.0,70.0,0.0261107292026281,0.0269128922373056,fault1
0.93775,-0.1060810810810811,1.0,30.0,70.0,0.0269816908985376,0.0222956854850053,fault1
0.978,-0.0993243243243232,1.0,30.0,70.0,0.0228477846831083,0.0243862513452768,fault1
2.2385,-0.0972972972972961,1.0,30.0,70.0,0.0242801867425441,0.024859931319952,fault1
1.063,-0.0972972972972961,1.0,30.0,70.0,0.0249914266169071,0.0241786688566207,fault1
2.296875,-0.1162162162162166,1.0,30.0,70.0,0.0238570235669612,0.0197333917021751,fault1
2.223,-0.0972972972972961,1.0,30.0,70.0,0.0196643434464931,0.0228226780891418,fault1
1.573625,-0.1871621621621628,1.0,30.0,70.0,0.022014245390892,0.0132573479786515,fault1
1.490375,-0.1641891891891882,1.0,30.0,70.0,0.0137280728667974,0.0184651892632246,fault1
2.165375,-0.1398648648648653,1.0,30.0,70.0,0.0186612848192453,0.0179292578250169,fault1
2.009625,-0.0939189189189184,1.0,30.0,70.0,0.018320545554161,0.0218280609697103,fault1
1.544625,-0.1236486486486485,1.0,30.0,70.0,0.0220637861639261,0.0214659534394741,fault1
2.0705,-0.1405405405405394,1.0,30.0,70.0,0.021312216296792,0.0206340011209249,fault1
2.0565,-0.1466216216216208,1.0,30.0,70.0,0.0208151675760746,0.0200262852013111,fault1
1.409625,0.0283783783783794,1.0,30.0,70.0,0.0202393550425767,0.0221664328128099,fault1
1.648375,-0.132432432432431,1.0,30.0,70.0,0.0219907108694314,0.0184808708727359,fault1
0.919875,-0.1385135135135123,1.0,30.0,70.0,0.0185039490461349,0.0183435827493667,fault1
2.241,-0.1472972972972973,1.0,30.0,70.0,0.0181074626743793,0.0181363616138696,fault1
1.753125,-0.1256756756756756,1.0,30.0,70.0,0.0178918465971946,0.0189889576286077,fault1
1.303,0.018918918918918,1.0,30.0,70.0,0.0185874477028846,0.0186215359717607,fault1
1.18225,-0.1351351351351346,1.0,30.0,70.0,0.0184715837240219,0.0214853100478649,fault1
1.099375,-0.1256756756756756,1.0,30.0,70.0,0.0211507230997085,0.0219946894794702,fault1
1.932625,-0.1256756756756756,1.0,30.0,70.0,0.0227066632360219,0.0245584435760974,fault1
1.37075,-0.0743243243243239,1.0,30.0,70.0,0.0249208062887191,0.0238165482878685,fault1
1.250625,0.0162162162162168,1.0,30.0,69.0,0.0235436335206031,0.0229487139731645,fault1
0.910125,0.0222972972972981,1.0,30.0,70.0,0.0231994558125734,0.0212218407541513,fault1
2.283375,-0.0729729729729733,1.0,30.0,70.0,0.021136226132512,0.0230906791985034,fault1
1.228625,-0.0608108108108107,1.0,30.0,69.0,0.0229574125260114,0.0201682299375534,fault1
1.916875,-0.095270270270269,1.0,30.0,70.0,0.0205790270119905,0.0178500432521104,fault1
0.947375,-0.1182432432432437,1.0,30.0,70.0,0.0180915053933858,0.0196701008826494,fault1
2.166875,-0.0249999999999993,1.0,30.0,70.0,0.0192062482237815,0.0166065860539674,fault1
1.07375,-0.1581081081081069,1.0,30.0,70.0,0.0164213012903928,0.0134749086573719,fault1
1.986875,-0.170945945945946,1.0,30.0,70.0,0.013166625984013,0.020380025729537,fault1
1.007375,-0.1168918918918907,1.0,30.0,70.0,0.0206394530832767,0.0200271643698215,fault1
1.998875,-0.0891891891891877,1.0,30.0,70.0,0.0204361341893672,0.0226870235055685,fault1
2.097,-0.076351351351351,1.0,30.0,70.0,0.0235749054700136,0.0231375489383935,fault1
1.3465,-0.0837837837837829,1.0,30.0,70.0,0.0231996085494756,0.026257837191224,fault1
1.494375,-0.1560810810810798,1.0,30.0,70.0,0.0255988650023937,0.0241692084819078,fault1
1.179125,-0.1189189189189178,1.0,30.0,70.0,0.0240856558084487,0.0231708213686943,fault1
1.38775,-0.1128378378378365,1.0,30.0,70.0,0.0230501275509595,0.0292825512588024,fault1
2.170875,-0.0614864864864872,1.0,30.0,70.0,0.0290864631533622,0.0252826027572155,fault1
0.935,-0.0722972972972968,1.0,30.0,70.0,0.0255982130765914,0.0250055361539125,fault1
2.291375,-0.0945945945945949,1.0,30.0,71.0,0.0246725622564554,0.0252914056181907,fault1
1.456,-0.0716216216216203,1.0,30.0,70.0,0.0263101514428854,0.0244222562760114,fault1
2.012875,0.0155405405405403,1.0,30.0,70.0,0.0248132552951574,0.0285251755267381,fault1
1.8385,-0.1013513513513503,1.0,30.0,70.0,0.0287295114248991,0.0248080715537071,fault1
1.3905,-0.0912162162162148,1.0,30.0,70.0,0.0242800135165452,0.026010513305664,fault1
2.112875,-0.0885135135135136,1.0,30.0,70.0,0.0255783107131719,0.0273676384240388,fault1
1.00125,-0.0864864864864865,1.0,30.0,70.0,0.0269179008901119,0.0258262231945991,fault1
2.283,0.0344594594594607,1.0,30.0,70.0,0.0263872761279344,0.0276953671127557,fault1
1.2315,-0.1013513513513503,1.0,30.0,71.0,0.0278741121292114,0.0259889848530292,fault1
0.959875,-0.1067567567567576,1.0,30.0,71.0,0.0273485034704208,0.0254656393080949,fault1
1.876625,-0.087162162162163,1.0,30.0,70.0,0.0258677713572978,0.0278138667345047,fault1
1.687625,-0.0689189189189191,1.0,30.0,70.0,0.0282151475548744,0.0254889111965894,fault1
1.81425,-0.0932432432432419,1.0,30.0,70.0,0.0265923887491226,0.0316842198371887,fault1
2.11475,-0.0547297297297294,1.0,30.0,70.0,0.0310476366430521,0.0285568684339523,fault1
1.027375,-0.0331081081081077,1.0,30.0,67.0,0.0017463528783991,0.0169080458581447,fault1
2.007375,-0.0770270270270275,1.0,30.0,67.0,,0.0221672151237726,fault1
0.916875,-0.1027027027027033,1.0,30.0,68.0,0.0215949583798646,0.0244825016707181,fault1
2.2045,-0.1155405405405401,1.0,30.0,68.0,0.0244247056543827,0.0292144976556301,fault1
1.815875,-0.1236486486486485,1.0,30.0,68.0,0.0276500061154365,0.0195115078240633,fault1
1.644,-0.1182432432432437,1.0,30.0,68.0,0.0182047598063945,0.0134548265486955,fault1
1.342,-0.1222972972972979,1.0,30.0,68.0,0.0133808851242065,0.0112775461748242,fault1
1.91975,0.0337837837837842,1.0,30.0,69.0,0.011435012333095,0.025475637987256,fault1
1.24375,-0.1108108108108094,1.0,30.0,69.0,0.0246763341128826,0.0319182090461254,fault1
2.050375,-0.096621621621622,1.0,30.0,69.0,0.0310613587498664,0.0284522920846939,fault1
2.294625,-0.0675675675675661,1.0,30.0,69.0,0.0284409578889608,0.0286082085222005,fault1
0.9255,-0.08581081081081,1.0,30.0,69.0,0.0278884507715702,0.0255047157406806,fault1
2.0235,-0.0932432432432419,1.0,30.0,69.0,0.0247391201555728,0.0255734529346227,fault1
1.20525,-0.104054054054054,1.0,30.0,69.0,0.0250641349703073,0.0313496701419353,fault1
1.70575,0.0135135135135132,1.0,30.0,69.0,0.0300923809409141,0.0286619495600461,fault1
1.590625,-0.0770270270270275,1.0,30.0,69.0,0.0275110844522714,0.0294069591909647,fault1
1.715875,-0.1108108108108094,1.0,30.0,69.0,0.0280672442167997,0.0301474370062351,fault1
1.759875,-0.1006756756756762,1.0,30.0,69.0,0.0283221248537302,0.0150979524478316,fault1
1.355125,-0.170945945945946,1.0,30.0,69.0,0.0144525924697518,0.0238950010389089,fault1
1.0095,-0.0864864864864865,1.0,30.0,69.0,0.0241616182029247,0.0318337008357048,fault1
1.534,-0.0777027027027016,1.0,30.0,69.0,0.031922597438097,0.0337789878249168,fault1
2.184125,-0.1270270270270262,1.0,30.0,69.0,0.0322239249944686,0.0250459350645542,fault1
1.288875,-0.1087837837837823,1.0,30.0,69.0,0.0245395507663488,0.0303005296736955,fault1
1.379875,-0.0851351351351359,1.0,30.0,69.0,0.0302064791321754,0.0356474183499813,fault1
2.19625,-0.02972972972973,1.0,30.0,69.0,0.0351869761943817,0.0318604484200477,fault1
1.59675,-0.0999999999999997,1.0,30.0,69.0,0.0298569444566965,0.0191835779696702,fault1
2.14,-0.0959459459459455,1.0,30.0,69.0,0.0194300785660743,0.0251588150858879,fault1
1.8225,-0.05608108108108,1.0,30.0,68.0,0.0251290518790483,0.027367090806365,fault1
2.20775,-0.0601351351351342,1.0,30.0,69.0,0.0268492754548788,0.0279011838138103,fault1
0.91175,-0.048648648648648,1.0,30.0,69.0,0.0278349444270133,0.029372151941061,fault1
2.2945,-0.0520270270270258,1.0,30.0,69.0,0.028792131692171,0.0314162075519561,fault1
1.486625,-0.0655405405405414,1.0,30.0,69.0,0.0310848653316497,0.0256200470030307,fault1
0.923125,-0.1222972972972979,1.0,30.0,69.0,0.0243155062198638,0.014244214631617,fault1
1.0745,0.0270270270270264,1.0,30.0,69.0,0.0141823561862111,0.0301858782768249,fault1
2.313,-0.0810810810810817,1.0,30.0,69.0,0.029499378055334,0.0258930996060371,fault1
1.08925,-0.0979729729729726,1.0,30.0,69.0,0.0250319633632898,0.0308164078742265,fault1
2.236375,-0.0628378378378378,1.0,30.0,68.0,0.0294824577867984,0.0227408967912197,fault1
1.628375,-0.1027027027027033,1.0,30.0,69.0,0.0224792417138814,0.021619226783514,fault1
0.937375,0.0236486486486487,1.0,30.0,69.0,0.0217586811631917,0.0199692714959383,fault1
2.2475,-0.1013513513513503,1.0,30.0,69.0,0.0200267694890499,0.026250397786498,fault1
1.711125,-0.1114864864864859,1.0,30.0,69.0,0.025555046275258,0.0196335073560476,fault1
2.17025,-0.0743243243243239,1.0,30.0,69.0,0.0186139233410358,0.023787572979927,fault1
2.020375,-0.104054054054054,1.0,30.0,69.0,0.0241217650473117,0.0255126599222421,fault1
1.56,-0.0959459459459455,1.0,30.0,69.0,0.0257165264338254,0.0252457037568092,fault1
1.840125,-0.039189189189189,1.0,30.0,69.0,0.0248445197939872,0.0262473244220018,fault1
1.937625,0.0520270270270281,1.0,30.0,69.0,0.026719419285655,0.0292715542018413,fault1
0.924625,-0.0979729729729726,1.0,30.0,69.0,0.0289661083370447,0.0267644207924604,fault1
1.516375,-0.0743243243243239,1.0,30.0,69.0,0.0256167463958263,0.0322380438446998,fault1
1.43675,-0.0804054054054052,1.0,30.0,68.0,0.0311333611607551,0.0291343219578266,fault1
2.204,-0.087162162162163,1.0,30.0,69.0,0.0291633382439613,0.0288978144526481,fault1
0.918,-0.0905405405405407,1.0,30.0,69.0,0.0275257416069507,0.0256954543292522,fault1
2.055625,-0.0925675675675678,1.0,30.0,69.0,0.0236643329262733,0.0244934502989053,fault1
1.200375,-0.0310810810810806,1.0,30.0,69.0,0.0237176604568958,0.0241438262164592,fault1
2.287375,-0.0628378378378378,1.0,30.0,69.0,0.0233828239142894,0.0255209933966398,fault1
1.33475,-0.0418918918918926,1.0,30.0,69.0,0.0245411843061447,0.0248994156718254,fault1
1.147125,-0.0445945945945938,1.0,30.0,69.0,0.0244927927851676,0.0295494515448808,fault1
2.281625,-0.0770270270270275,1.0,30.0,69.0,0.0282760523259639,0.027554964646697,fault1
1.198,-0.0999999999999997,1.0,30.0,69.0,0.0261816885322332,0.0193354189395904,fault1
1.83875,-0.0885135135135136,1.0,30.0,69.0,0.0179060753434896,0.029025400057435,fault1
2.0415,-0.0878378378378371,1.0,30.0,69.0,0.0291166212409734,0.0256893374025821,fault1
1.050125,-0.0682432432432426,1.0,30.0,69.0,0.0255385003983974,0.0352320373058319,fault1
1.432125,-0.0310810810810806,1.0,30.0,69.0,0.0340130105614662,0.0319858528673648,fault1
1.29175,-0.1108108108108094,1.0,30.0,69.0,0.0311427172273397,0.0314134955406188,fault1
2.192875,-0.0499999999999986,1.0,30.0,69.0,0.0301384609192609,0.0332095064222812,fault1
0.9825,-0.0256756756756758,1.0,30.0,67.0,0.0010458602337166,0.016545295715332,fault1
2.238,-0.1108108108108094,1.0,30.0,67.0,,0.0157033279538154,fault1
0.983125,-0.1270270270270262,1.0,30.0,68.0,0.0152696464210748,0.0127936331555247,fault1
2.288125,-0.1114864864864859,1.0,30.0,68.0,0.0123685803264379,0.0134390071034431,fault1
1.843,-0.028378378378377,1.0,30.0,68.0,0.0132007068023085,0.0164537634700536,fault1
1.859375,-0.1824324324324321,1.0,30.0,69.0,0.0157601777464151,0.0134478025138378,fault1
1.30925,-0.1013513513513503,1.0,30.0,69.0,0.0132970074191689,0.0155841233208775,fault1
0.9645,-0.1148648648648636,1.0,30.0,69.0,0.015189622528851,0.0183301866054534,fault1
2.2745,-0.1202702702702708,1.0,30.0,69.0,0.0182119011878967,0.015042875893414,fault1
2.178125,-0.0945945945945949,1.0,30.0,69.0,0.0148805091157555,0.0250269751995801,fault1
1.160625,-0.0736486486486474,1.0,30.0,69.0,0.0242504999041557,0.0196642894297838,fault1
1.399375,-0.1527027027027021,1.0,30.0,69.0,0.0184479653835296,0.0107505396008491,fault1
0.986875,-0.1283783783783792,1.0,30.0,68.0,0.0102450000122189,0.0087829455733299,fault1
2.050875,-0.0783783783783781,1.0,30.0,69.0,0.0084501234814524,0.0136244930326938,fault1
0.919625,-0.113513513513513,1.0,30.0,69.0,0.0134380180388689,0.0103298611938953,fault1
1.9025,-0.0709459459459462,1.0,30.0,69.0,0.010020955465734,0.0093924803659319,fault1
0.97525,-0.1493243243243243,1.0,30.0,69.0,0.0091800959780812,0.0102603146806359,fault1
1.403,-0.1290540540540533,1.0,30.0,69.0,0.0099252089858055,0.0102804517373442,fault1
2.252,-0.113513513513513,1.0,30.0,69.0,0.0110320011153817,0.012597351334989,fault1
1.78375,-0.1168918918918907,1.0,30.0,69.0,0.0116748213768005,0.0085577722638845,fault1
1.6375,-0.1108108108108094,1.0,30.0,68.0,0.0087461853399872,0.0090348776429891,fault1
1.960875,-0.095270270270269,1.0,30.0,68.0,0.009020366705954,0.0102850124239921,fault1
0.913,0.0101351351351355,1.0,30.0,68.0,0.0101550323888659,0.0151117444038391,fault1
1.102125,-0.087162162162163,1.0,30.0,68.0,0.014981978572905,0.0183427184820175,fault1
1.269375,-0.1209459459459449,1.0,30.0,68.0,0.0174376536160707,0.0185611918568611,fault1
1.816,-0.1121621621621624,1.0,30.0,68.0,0.0171913895756006,0.022446246817708,fault1
1.906875,-0.1425675675675665,1.0,30.0,68.0,0.0212506763637065,0.0086405919864773,fault1
1.240125,-0.132432432432431,1.0,30.0,68.0,0.0086323851719498,0.0097604067996144,fault1
2.25425,-0.1263513513513521,1.0,30.0,68.0,0.009760932996869,0.0116951735690236,fault1
2.17825,-0.122972972972972,1.0,30.0,68.0,0.0118216797709465,0.0098217949271202,fault1
0.91575,-0.1074324324324317,1.0,30.0,68.0,0.0102133965119719,0.0107945380732417,fault1
2.056125,-0.1277027027027027,1.0,30.0,68.0,0.0105070080608129,0.0094935894012451,fault1
2.211625,-0.1378378378378382,1.0,30.0,68.0,0.0095047587528824,0.0107511971145868,fault1
0.93875,-0.122972972972972,1.0,30.0,68.0,0.0116563448682427,0.0104981018230319,fault1
1.66625,-0.0364864864864854,1.0,30.0,67.0,0.0106128165498375,0.0121412631124258,fault1
1.395,-0.0770270270270275,1.0,30.0,67.0,0.0122040417045354,0.0130022251978516,fault1
2.272,-0.0918918918918913,1.0,30.0,67.0,0.0128835663199424,0.0163458865135908,fault1
0.952875,-0.0864864864864865,1.0,30.0,67.0,0.0155066875740885,0.013924797065556,fault1
1.486875,-0.0959459459459455,1.0,30.0,67.0,0.0136660551652312,0.0119784884154796,fault1
2.230375,0.0277027027027029,1.0,30.0,67.0,0.011641314253211,0.0136602977290749,fault1
1.561,-0.113513513513513,1.0,30.0,67.0,0.0145757421851158,0.0179996136575937,fault1
0.963,-0.1121621621621624,1.0,30.0,67.0,0.0175989344716072,0.0122383860871195,fault1
1.27725,-0.1162162162162166,1.0,30.0,67.0,0.0114027997478842,0.0147191472351551,fault1
2.174875,-0.1371621621621617,1.0,31.0,67.0,0.0150109808892011,0.0124950725585222,fault1
0.916,-0.1425675675675665,1.0,31.0,67.0,0.0122495824471116,0.0100468574091792,fault1
2.221625,-0.1628378378378376,1.0,31.0,67.0,0.0103267123922705,0.0092767206951975,fault1
2.298875,-0.0979729729729726,1.0,31.0,67.0,0.0090753119438886,0.0104762902483344,fault1
1.16425,-0.1520270270270255,1.0,31.0,67.0,0.010517070069909,0.0142571134492754,fault1
2.3085,-0.1256756756756756,1.0,31.0,67.0,0.014009934850037,0.01137251034379,fault1
1.955875,-0.1371621621621617,1.0,31.0,67.0,0.0112781273201107,0.0121148284524679,fault1
0.990625,-0.0162162162162168,1.0,31.0,67.0,0.0116533478721976,0.0138268368318676,fault1
1.962875,-0.1189189189189178,1.0,31.0,67.0,0.0137663343921303,0.0131228426471352,fault1
0.927625,-0.1304054054054039,1.0,31.0,67.0,0.0128025393933057,0.0091911815106868,fault1
2.043125,-0.1087837837837823,1.0,31.0,67.0,0.0088088950142264,0.0103635620325803,fault1
2.093,-0.1391891891891888,1.0,31.0,67.0,0.0103030316531658,0.0100421449169516,fault1
1.083,-0.0459459459459444,1.0,31.0,67.0,0.0099644251167774,0.010784157551825,fault1
2.135,-0.1175675675675672,1.0,31.0,67.0,0.0103702610358595,0.0131281912326812,fault1
1.415625,-0.104054054054054,1.0,31.0,67.0,0.0130928922444581,0.0139666497707366,fault1
1.771125,-0.028378378378377,1.0,30.0,67.0,0.0015717037022113,0.0179902091622352,fault1
2.233375,-0.1648648648648647,1.0,30.0,68.0,,0.0184792857617139,fault1
2.304375,-0.143243243243243,1.0,30.0,68.0,,0.0156276300549507,fault1
1.819625,0.0060810810810813,1.0,30.0,68.0,0.0161050539463758,0.0156614128500223,fault1
2.28575,-0.132432432432431,1.0,30.0,69.0,0.0153532410040497,0.0193739850074052,fault1
0.9985,-0.1344594594594581,1.0,30.0,69.0,0.0194376688450574,0.018805643543601,fault1
1.665125,-0.0878378378378371,1.0,30.0,69.0,0.0187347065657377,0.0166598912328481,fault1
1.642375,-0.1054054054054046,1.0,30.0,69.0,0.0170292444527149,0.0152075113728642,fault1
2.03525,-0.122972972972972,1.0,30.0,69.0,0.0148396603763103,0.011733254417777,fault1
1.022375,-0.1047297297297305,1.0,30.0,69.0,0.0120580764487385,0.0132057033479213,fault1
0.931625,-0.1412162162162159,1.0,30.0,69.0,0.0138047887012362,0.0158114470541477,fault1
1.53475,-0.1121621621621624,1.0,30.0,69.0,0.0161661021411418,0.0141752902418375,fault1
1.441375,-0.1472972972972973,1.0,30.0,69.0,0.0147231817245483,0.0123509485274553,fault1
1.5285,-0.0979729729729726,1.0,30.0,69.0,0.0128759685903787,0.016613258048892,fault1
0.92425,-0.0945945945945949,1.0,30.0,69.0,0.0166052170097827,0.0187022034078836,fault1
1.755625,-0.1013513513513503,1.0,30.0,69.0,0.0192367527633905,0.0159698836505413,fault1
2.1765,-0.0939189189189184,1.0,30.0,69.0,0.0160326696932315,0.0162681117653846,fault1
1.038125,-0.1702702702702695,1.0,30.0,69.0,0.0160925630480051,0.0176993086934089,fault1
1.3945,-0.1344594594594581,1.0,30.0,69.0,0.0172816272825002,0.0169273186475038,fault1
2.17375,-0.1202702702702708,1.0,30.0,69.0,0.0172364246100187,0.0184606984257698,fault1
0.9505,-0.1304054054054039,1.0,30.0,68.0,0.018627805635333,0.0179730057716369,fault1
0.92075,-0.1148648648648636,1.0,30.0,68.0,0.0169183500111103,0.0117257395759224,fault1
1.779375,0.0709459459459462,1.0,30.0,69.0,0.0122179305180907,0.016606081277132,fault1
2.2845,-0.1344594594594581,1.0,30.0,69.0,0.0169163569808006,0.0167154055088758,fault1
1.08525,-0.1074324324324317,1.0,30.0,69.0,0.0165240224450826,0.0144575126469135,fault1
2.198,-0.0918918918918913,1.0,30.0,69.0,0.0148257715627551,0.0209253225475549,fault1
2.0805,-0.1013513513513503,1.0,30.0,69.0,0.0209846552461385,0.0177632234990596,fault1
1.007375,-0.1182432432432437,1.0,30.0,69.0,0.017808536067605,0.014905234798789,fault1
2.27575,-0.066891891891892,1.0,30.0,69.0,0.0149058578535914,0.0168756730854511,fault1
1.054,-0.132432432432431,1.0,30.0,68.0,0.0169458091259002,0.0192540250718593,fault1
0.91175,-0.1587837837837834,1.0,30.0,68.0,0.0190762821584939,0.0171208176761865,fault1
1.956625,-0.1385135135135123,1.0,30.0,68.0,0.0171705726534128,0.0166508685797452,fault1
1.4655,-0.1567567567567563,1.0,30.0,68.0,0.0165022797882556,0.0147614423185586,fault1
1.388,-0.1459459459459466,1.0,30.0,68.0,0.015094319358468,0.0129995122551918,fault1
1.951625,-0.1472972972972973,1.0,30.0,68.0,0.0129333976656198,0.0144480252638459,fault1
1.150625,-0.1439189189189195,1.0,30.0,68.0,0.0145708909258246,0.0172110069543123,fault1
1.268875,-0.1371621621621617,1.0,30.0,68.0,0.0168742146342992,0.015286766923964,fault1
2.16375,-0.1155405405405401,1.0,30.0,68.0,0.0154801560565829,0.0168790575116872,fault1
0.987625,-0.1168918918918907,1.0,30.0,68.0,0.0166897028684616,0.0154597414657473,fault1
1.920375,-0.0939189189189184,1.0,30.0,68.0,0.0163114517927169,0.0176154375076293,fault1
1.228875,-0.1378378378378382,1.0,30.0,68.0,0.0175005719065666,0.0154811730608344,fault1
1.855875,-0.1020270270270268,1.0,30.0,68.0,0.0162600148469209,0.0153585281223058,fault1
1.495125,-0.1371621621621617,1.0,30.0,68.0,0.0156194847077131,0.0163237899541854,fault1
2.30225,-0.1020270270270268,1.0,15.0,34.0,0.0160732492804527,0.0159248746931552,fault1
1.167375,-0.0932432432432419,1.0,30.0,68.0,0.015686796978116,0.0167690142989158,fault1
0.97175,-0.1148648648648636,1.0,30.0,68.0,0.0170641839504241,0.0145226651802659,fault1
1.208125,-0.1587837837837834,1.0,30.0,68.0,0.0145732229575514,0.012679036706686,fault1
1.90975,-0.1263513513513521,1.0,30.0,68.0,0.0123793138191103,0.014229848049581,fault1
1.107875,-0.1222972972972979,1.0,30.0,68.0,0.0144171407446265,0.0158879142254591,fault1
2.284875,-0.1162162162162166,1.0,30.0,68.0,0.0153861874714493,0.0107009578496217,fault1
1.0835,-0.1750000000000002,1.0,30.0,68.0,0.0110402908176183,0.012980593368411,fault1
1.630125,-0.1824324324324321,1.0,30.0,68.0,0.0134086487814784,0.013600680977106,fault1
2.119875,0.0081081081081084,1.0,30.0,68.0,0.0143159553408622,0.0126317236572504,fault1
1.381625,-0.1479729729729738,1.0,30.0,68.0,0.0122986463829875,0.0137425707653164,fault1
2.22875,-0.124324324324325,1.0,30.0,68.0,0.0130164809525012,0.0152552872896194,fault1
1.8815,-0.1567567567567563,1.0,30.0,68.0,0.0159226953983306,0.0149890994653105,fault1
2.158875,-0.1236486486486485,1.0,30.0,67.0,0.0150122819468379,0.0136756049469113,fault1
1.192375,0.0168918918918933,1.0,30.0,68.0,0.0136531768366694,0.0130140446126461,fault1
2.306375,-0.132432432432431,1.0,30.0,68.0,0.0131540521979331,0.0140672614797949,fault1
1.536375,-0.1547297297297292,1.0,30.0,68.0,0.0145325744524598,0.0122809242457151,fault1
1.943,-0.1087837837837823,1.0,30.0,68.0,0.0122392168268561,0.0127628250047564,fault1
1.91725,-0.1202702702702708,1.0,30.0,68.0,0.0130119482055306,0.0140491230413317,fault1
0.98,-0.1297297297297298,1.0,30.0,68.0,0.0143197402358055,0.0141660450026392,fault1
1.0235,-0.0439189189189197,1.0,29.0,69.0,0.0020007628481835,0.0230533797293901,fault1
2.2765,-0.1081081081081082,1.0,29.0,70.0,,0.0257820934057235,fault1
0.92275,-0.1020270270270268,1.0,29.0,70.0,0.0253435336053371,0.0189186222851276,fault1
2.24225,-0.0986486486486491,1.0,29.0,71.0,0.0186381712555885,0.030517453327775,fault1
1.128,0.0243243243243252,1.0,29.0,71.0,0.0298963338136672,0.027734950184822,fault1
2.280875,-0.1310810810810804,1.0,29.0,71.0,0.0274945255368948,0.0257610566914081,fault1
1.35,-0.1304054054054039,1.0,29.0,71.0,0.0255244318395853,0.0214124619960784,fault1
1.3625,-0.113513513513513,1.0,30.0,70.0,0.0214962437748909,0.0236105844378471,fault1
1.635875,-0.1189189189189178,1.0,30.0,70.0,0.0238463934510946,0.0230878833681345,fault1
0.914,-0.1148648648648636,1.0,30.0,70.0,0.0226705130189657,0.0206507891416549,fault1
2.149375,0.0033783783783777,1.0,30.0,70.0,0.0212379377335309,0.0239276904612779,fault1
1.2215,-0.1236486486486485,1.0,30.0,70.0,0.0246979240328073,0.0230672340840101,fault1
1.647625,-0.1094594594594588,1.0,30.0,70.0,0.0230545978993177,0.0276162829250097,fault1
2.26275,-0.0905405405405407,1.0,30.0,70.0,0.0266602523624897,0.0246001444756984,fault1
1.594875,-0.0993243243243232,1.0,30.0,70.0,0.0257256403565406,0.0251989047974348,fault1
1.386625,-0.0979729729729726,1.0,30.0,70.0,0.0249040741473436,0.0292771738022565,fault1
1.016125,-0.0844594594594594,1.0,30.0,70.0,0.0291202124208211,0.0271077193319797,fault1
0.951625,-0.1236486486486485,1.0,30.0,70.0,0.0266403779387474,0.026546424254775,fault1
2.1405,-0.1371621621621617,1.0,30.0,70.0,0.0262207444757223,0.0274812933057546,fault1
1.676875,-0.087162162162163,1.0,30.0,70.0,0.0273811593651771,0.026483105495572,fault1
0.939125,-0.0783783783783781,1.0,30.0,70.0,0.026238003745675,0.0211463142186403,fault1
1.89275,-0.1331081081081075,1.0,30.0,70.0,0.019998425617814,0.0122218197211623,fault1
0.914,-0.1736486486486472,1.0,30.0,70.0,0.0121277822181582,0.0119514930993318,fault1
2.11825,-0.1885135135135134,1.0,30.0,70.0,0.0123644145205616,0.0216569900512695,fault1
1.748,-0.1621621621621611,1.0,30.0,70.0,0.0216815080493688,0.0197600964456796,fault1
1.069125,-0.1628378378378376,1.0,30.0,70.0,0.0193983223289251,0.0204490255564451,fault1
2.05775,-0.1486486486486478,1.0,30.0,70.0,0.0202755257487297,0.0191972590982913,fault1
2.281375,-0.1486486486486478,1.0,30.0,70.0,0.0201863404363393,0.021034887060523,fault1
0.9205,-0.0777027027027016,1.0,30.0,70.0,0.0211008507758378,0.0166347436606884,fault1
1.71525,-0.1094594594594588,1.0,30.0,70.0,0.0168708860874176,0.0207949131727218,fault1
2.260125,-0.0445945945945938,1.0,30.0,70.0,0.0213791690766811,0.0240236446261405,fault1
1.68625,-0.1567567567567563,1.0,30.0,70.0,0.0244644749909639,0.0193541795015335,fault1
0.97975,-0.1493243243243243,1.0,30.0,70.0,0.0194327980279922,0.0243245381861925,fault1
1.641375,-0.1270270270270262,1.0,30.0,70.0,0.0243061296641826,0.0251080989837646,fault1
2.233375,-0.0716216216216203,1.0,30.0,70.0,0.0250651948153972,0.0222960598766803,fault1
1.583375,0.039189189189189,1.0,30.0,70.0,0.0227342192083597,0.0214538779109716,fault1
2.1005000000000003,-0.1087837837837823,1.0,30.0,70.0,0.0214795526117086,0.0203616190701723,fault1
1.203,-0.1033783783783775,1.0,30.0,69.0,0.0206663105636835,0.0230594426393508,fault1
1.283875,-0.0932432432432419,1.0,30.0,70.0,0.0230366270989179,0.020723158493638,fault1
2.00625,-0.143243243243243,1.0,30.0,70.0,0.0210622213780879,0.0227628201246261,fault1
2.305625,-0.1358108108108111,1.0,30.0,70.0,0.0237432643771171,0.0209932699799537,fault1
1.404125,-0.1094594594594588,1.0,30.0,70.0,0.0214048083871603,0.0229177735745906,fault1
2.304375,-0.1128378378378365,1.0,30.0,70.0,0.0228827651590108,0.0224374029785394,fault1
1.44275,-0.124324324324325,1.0,30.0,70.0,0.022959716618061,0.0211939942091703,fault1
1.158125,-0.1378378378378382,1.0,30.0,70.0,0.0213690232485532,0.0241212528198957,fault1
1.391,-0.1351351351351346,1.0,30.0,70.0,0.0239520911127328,0.0216640271246433,fault1
1.02625,-0.1114864864864859,1.0,30.0,71.0,0.021614970639348,0.0221583433449268,fault1
2.174875,-0.1108108108108094,1.0,30.0,70.0,0.022282226011157,0.0243057701736688,fault1
0.912125,-0.1114864864864859,1.0,30.0,70.0,0.0242420434951782,0.0237932614982128,fault1
2.30375,-0.1175675675675672,1.0,30.0,70.0,0.0235777292400598,0.0211705695837736,fault1
2.188375,-0.1493243243243243,1.0,30.0,70.0,0.021145075559616,0.0217231046408414,fault1
1.591875,0.0554054054054059,1.0,30.0,70.0,0.0216953195631504,0.0261040367186069,fault1
2.30275,-0.1472972972972973,1.0,30.0,70.0,0.0264893900603055,0.0216664001345634,fault1
1.114,-0.1385135135135123,1.0,30.0,70.0,0.0217884369194507,0.0228971652686595,fault1
2.282625,-0.1256756756756756,1.0,30.0,70.0,0.023277735337615,0.0281596761196851,fault1
0.920125,-0.1006756756756762,1.0,30.0,70.0,0.0278078392148017,0.0234565921127796,fault1
2.235375,-0.1385135135135123,1.0,30.0,69.0,0.023377114906907,0.024707481265068,fault1
1.94,-0.0520270270270258,1.0,30.0,69.0,0.0241116471588611,0.0264462009072303,fault1
1.047875,-0.1304054054054039,1.0,30.0,69.0,0.0264793615788221,0.0233339965343475,fault1
1.30175,-0.0405405405405396,1.0,30.0,67.0,0.0010570846498012,0.0106866331771016,fault1
1.689625,-0.161486486486487,1.0,30.0,67.0,,0.0089776283130049,fault1
1.01175,-0.1459459459459466,1.0,30.0,67.0,,0.013193198479712,fault1
2.26375,-0.1513513513513515,1.0,30.0,68.0,0.0133690861985087,0.0135154323652386,fault1
1.477,-0.1081081081081082,1.0,30.0,68.0,0.0142527883872389,0.0109132239595055,fault1
0.93075,-0.1513513513513515,1.0,30.0,68.0,0.0110127832740545,0.0119252661243081,fault1
1.31475,-0.1033783783783775,1.0,30.0,68.0,0.0123022720217704,0.0123610375449061,fault1
2.1505,-0.0756756756756745,1.0,30.0,68.0,0.0125497002154588,0.0138956010341644,fault1
1.632375,-0.1182432432432437,1.0,30.0,68.0,0.0140369441360235,0.0138766821473836,fault1
1.053125,-0.0959459459459455,1.0,30.0,68.0,0.0138059239834547,0.0120255798101425,fault1
2.230375,-0.1648648648648647,1.0,30.0,68.0,0.0121751017868518,0.0139966001734137,fault1
1.298,-0.1533783783783786,1.0,30.0,68.0,0.0141068575903773,0.0142673142254352,fault1
2.01925,-0.1405405405405394,1.0,30.0,68.0,0.0152150886133313,0.0136774107813835,fault1
1.291125,-0.1466216216216208,1.0,30.0,68.0,0.0133032631129026,0.0117901442572474,fault1
1.09875,-0.1385135135135123,1.0,30.0,68.0,0.0121568953618407,0.0143075054511427,fault1
2.303,-0.1148648648648636,1.0,30.0,68.0,0.0140053955838084,0.0100934021174907,fault1
1.77175,-0.1459459459459466,1.0,30.0,68.0,0.0103872492909431,0.0122148441150784,fault1
1.02525,-0.1391891891891888,1.0,30.0,68.0,0.0121537605300545,0.0132927233353257,fault1
0.915125,-0.1256756756756756,1.0,30.0,68.0,0.0130939921364188,0.0120257111266255,fault1
1.54,-0.1222972972972979,1.0,30.0,68.0,0.0122926738113164,0.0138262137770652,fault1
1.6415,-0.1344594594594581,1.0,30.0,68.0,0.0143623333424329,0.0136528657749295,fault1
2.30475,-0.1439189189189195,1.0,30.0,68.0,0.0137419337406754,0.0117696952074766,fault1
2.158625,-0.1081081081081082,1.0,30.0,68.0,0.0119089279323816,0.0097449757158756,fault1
1.043875,-0.0716216216216203,1.0,30.0,68.0,0.0104104941710829,0.014518741518259,fault1
0.944875,-0.1351351351351346,1.0,30.0,68.0,0.0148488571867346,0.0174069702625274,fault1
1.768,-0.133783783783784,1.0,30.0,68.0,0.0170193836092948,0.0183755327016115,fault1
1.294375,-0.08581081081081,1.0,30.0,68.0,0.0183439571410417,0.0186986662447452,fault1
2.08875,-0.0912162162162148,1.0,30.0,69.0,0.0185829009860754,0.0193168111145496,fault1
1.165,-0.0864864864864865,1.0,30.0,69.0,0.0189786609262228,0.0178888291120529,fault1
1.4955,-0.0750000000000004,1.0,30.0,69.0,0.0181558411568403,0.0209558736532926,fault1
2.2567500000000003,0.0506756756756751,1.0,30.0,69.0,0.0209692306816577,0.0201241429895162,fault1
0.956375,-0.1141891891891895,1.0,30.0,68.0,0.0196792092174291,0.0144594088196754,fault1
0.93775,-0.1344594594594581,1.0,30.0,68.0,0.0148668074980378,0.0141835389658808,fault1
2.087375,-0.0999999999999997,1.0,30.0,69.0,0.014830726198852,0.0156995505094528,fault1
2.044625,-0.133783783783784,1.0,30.0,69.0,0.015169208869338,0.0170565787702798,fault1
1.195,-0.1182432432432437,1.0,30.0,69.0,0.0170285105705261,0.0149021074175834,fault1
1.106625,-0.1081081081081082,1.0,30.0,69.0,0.0149790104478597,0.0137109393253922,fault1
1.977625,-0.1479729729729738,1.0,30.0,69.0,0.0139700826257467,0.0102923475205898,fault1
1.997625,-0.1222972972972979,1.0,30.0,69.0,0.0104198846966028,0.0136205833405256,fault1
0.95675,-0.1087837837837823,1.0,30.0,69.0,0.0137950936332345,0.014306453987956,fault1
2.2965,-0.1141891891891895,1.0,30.0,69.0,0.0143072977662086,0.0138178402557969,fault1
1.658625,-0.0777027027027016,1.0,30.0,69.0,0.0137870805338025,0.0115315066650509,fault1
1.206375,-0.132432432432431,1.0,30.0,69.0,0.0117417247965931,0.0112903686240315,fault1
2.172875,-0.1418918918918924,1.0,30.0,69.0,0.0108873704448342,0.0116790700703859,fault1
2.30225,-0.1459459459459466,1.0,30.0,69.0,0.0117659661918878,0.0130554819479584,fault1
1.511875,-0.0885135135135136,1.0,30.0,69.0,0.0132373971864581,0.0102570271119475,fault1
1.139625,-0.1067567567567576,1.0,30.0,69.0,0.0106522748246788,0.0090618804097175,fault1
2.199875,-0.1013513513513503,1.0,30.0,68.0,0.009241359308362,0.0122501226142048,fault1
2.30225,-0.143243243243243,1.0,30.0,68.0,0.0126049360260367,0.0139983231201767,fault1
0.9135,-0.1256756756756756,1.0,30.0,69.0,0.0136984828859567,0.0117174834012985,fault1
1.942,-0.133783783783784,1.0,30.0,69.0,0.0113863991573452,0.0123588787391781,fault1
2.010625,-0.0891891891891877,1.0,30.0,69.0,0.0118721472099423,0.0106814289465546,fault1
1.801625,-0.122972972972972,1.0,30.0,69.0,0.0106606893241405,0.0116686969995498,fault1
0.938375,-0.0999999999999997,1.0,30.0,68.0,0.0121553447097539,0.0094684902578592,fault1
0.996375,-0.1466216216216208,1.0,30.0,68.0,0.009530521929264,0.0104824285954236,fault1
1.771375,-0.1405405405405394,1.0,30.0,68.0,0.0107280360534787,0.0107593843713402,fault1
1.417,-0.0905405405405407,1.0,29.0,69.0,0.000775464810431,0.0216127354651689,fault1
0.908125,-0.1033783783783775,1.0,29.0,70.0,,0.0274543948471546,fault1
2.137,-0.1067567567567576,1.0,29.0,70.0,0.02680479362607,0.0246312003582716,fault1
1.415375,-0.0770270270270275,1.0,29.0,70.0,0.0234641414135694,0.0235201679170131,fault1
2.232375,-0.1054054054054046,1.0,29.0,70.0,0.0218419637531042,0.0220202878117561,fault1
2.232625,-0.0040540540540542,1.0,29.0,70.0,0.0211887490004301,0.0225693546235561,fault1
1.772,-0.1114864864864859,1.0,29.0,71.0,0.0218207873404026,0.0235393699258565,fault1
1.26525,-0.0864864864864865,1.0,29.0,71.0,0.0223216991871595,0.0210992507636547,fault1
1.534875,-0.1020270270270268,1.0,29.0,71.0,0.0205019861459732,0.0210377033799886,fault1
0.914375,-0.1162162162162166,1.0,29.0,71.0,0.0198098178952932,0.0241372939199209,fault1
1.8445,-0.0925675675675678,1.0,29.0,71.0,0.0236402936279773,0.0210827812552452,fault1
1.31325,0.0182432432432439,1.0,29.0,71.0,0.0198546815663576,0.0210955068469047,fault1
2.096875,-0.124324324324325,1.0,29.0,71.0,0.0206441171467304,0.0264425743371248,fault1
0.969125,-0.0864864864864865,1.0,29.0,71.0,0.0250564888119697,0.0259309038519859,fault1
2.264,-0.0837837837837829,1.0,29.0,71.0,0.0244137719273567,0.0227322671562433,fault1
0.9725,-0.1013513513513503,1.0,29.0,71.0,0.0211770962923765,0.0212144423276186,fault1
2.019,-0.096621621621622,1.0,29.0,71.0,0.0205402951687574,0.0222317781299352,fault1
1.114125,-0.1054054054054046,1.0,29.0,71.0,0.0218975935131311,0.0239885542541742,fault1
1.4565,-0.1351351351351346,1.0,29.0,71.0,0.0234192516654729,0.02189477160573,fault1
1.272375,-0.1270270270270262,1.0,29.0,71.0,0.0207052696496248,0.0212646964937448,fault1
1.480625,-0.1074324324324317,1.0,29.0,70.0,0.020807921886444,0.0243961885571479,fault1
0.9135,-0.1128378378378365,1.0,29.0,70.0,0.0237107332795858,0.0198406130075454,fault1
1.492625,-0.1168918918918907,1.0,29.0,71.0,0.0186106916517019,0.020378939807415,fault1
1.8895,-0.1277027027027027,1.0,29.0,71.0,0.0198100470006465,0.0238698460161685,fault1
1.4245,-0.096621621621622,1.0,29.0,71.0,0.0231657624244689,0.0203556604683399,fault1
2.199875,-0.1155405405405401,1.0,29.0,71.0,0.0192314367741346,0.0229221824556589,fault1
1.096,-0.1263513513513521,1.0,29.0,71.0,0.0218351744115352,0.02695700712502,fault1
2.2635,-0.1054054054054046,1.0,29.0,70.0,0.0263835042715072,0.0246282815933227,fault1
1.26075,-0.0945945945945949,1.0,29.0,70.0,0.0236243139952421,0.0224274657666683,fault1
1.096125,-0.1189189189189178,1.0,29.0,70.0,0.0217592623084783,0.0222836304455995,fault1
2.255375,-0.0716216216216203,1.0,29.0,70.0,0.0213014222681522,0.0235358960926532,fault1
1.063375,-0.1054054054054046,1.0,29.0,70.0,0.0216042231768369,0.0202023591846227,fault1
1.603875,-0.1128378378378365,1.0,29.0,70.0,0.0190342348068952,0.0225016269832849,fault1
1.3385,-0.1236486486486485,1.0,29.0,70.0,0.0217809621244668,0.0245326720178127,fault1
2.173875,0.0479729729729739,1.0,29.0,70.0,0.0235516391694545,0.0233706310391426,fault1
2.222,-0.132432432432431,1.0,29.0,70.0,0.0222141873091459,0.0240738987922668,fault1
1.33575,-0.0817567567567558,1.0,29.0,70.0,0.0231268294155597,0.0221394170075655,fault1
1.722125,-0.0662162162162155,1.0,29.0,70.0,0.0214329380542039,0.0251793265342712,fault1
0.947625,-0.0729729729729733,1.0,29.0,70.0,0.0239297673106193,0.0215275567024946,fault1
1.44725,-0.0689189189189191,1.0,29.0,70.0,0.0207703541964292,0.0220702085644006,fault1
2.125125,-0.0459459459459444,1.0,29.0,70.0,0.0212965570390224,0.0257807169109582,fault1
2.13275,0.0229729729729722,1.0,29.0,70.0,0.0246761329472064,0.0235619023442268,fault1
1.339125,-0.1027027027027033,1.0,29.0,70.0,0.0224398113787174,0.0202699769288301,fault1
2.282875,-0.1222972972972979,1.0,29.0,70.0,0.0190537646412849,0.0217485278844833,fault1
0.911,-0.095270270270269,1.0,29.0,70.0,0.020574839785695,0.0237313341349363,fault1
1.09075,-0.0932432432432419,1.0,29.0,70.0,0.0231305453926324,0.0201573241502046,fault1
1.488625,-0.0648648648648649,1.0,29.0,70.0,0.0197222381830215,0.0221808813512325,fault1
2.248625,-0.0641891891891884,1.0,29.0,70.0,0.0213611833751201,0.023417230695486,fault1
1.246375,-0.1060810810810811,1.0,29.0,70.0,0.0230219829827547,0.0205879267305135,fault1
2.302375,-0.0655405405405414,1.0,29.0,70.0,0.0202492363750934,0.0177936311811208,fault1
1.541125,-0.08581081081081,1.0,30.0,69.0,0.0168497301638126,0.0224127452820539,fault1
1.9775,-0.0999999999999997,1.0,30.0,69.0,0.0208224337548017,0.0158352460712194,fault1
2.060625,-0.0013513513513506,1.0,30.0,69.0,0.0152143202722072,0.0226772185415029,fault1
1.509,-0.1195945945945943,1.0,30.0,69.0,0.021110288798809,0.0187298618257045,fault1
1.607625,-0.1270270270270262,1.0,30.0,69.0,0.0176765844225883,0.0177149139344692,fault1
2.243375,-0.1405405405405394,1.0,30.0,69.0,0.016082776710391,0.0172042474150657,fault1
1.129,-0.0898648648648642,1.0,30.0,69.0,0.016569459810853,0.0201291516423225,fault1
1.98925,-0.0716216216216203,1.0,30.0,69.0,0.0193489603698253,0.0177226439118385,fault1
0.916,-0.0918918918918913,1.0,30.0,69.0,0.0172924846410751,0.0206250175833702,fault1
1.587625,-0.096621621621622,1.0,30.0,69.0,0.0196325946599245,0.0240010786801576,fault1
2.22775,-0.1175675675675672,1.0,30.0,69.0,0.0226737651973962,0.0228268858045339,fault1
1.351375,-0.0607572304429688,1.7262724944944885,28.0,68.0,0.0011261826271056,0.0150583823134536,fault2
2.235625,-0.1253397647765139,1.5384474043681788,28.0,68.0,,0.0119207953238332,fault2
0.924875,-0.1259857526023052,1.770030692954786,28.0,69.0,0.014294548644477,0.0099051016035475,fault2
2.30875,0.0687058304455325,1.672722190842922,28.0,69.0,0.010721356595262,0.0156208602550199,fault2
0.99775,-0.1644660600587978,1.4108697713906724,28.0,69.0,0.0180020901201296,0.0118497706615541,fault2
1.523,-0.11667742611837,1.7853690797930355,28.0,69.0,0.0116373418275817,0.0168378204876639,fault2
1.84175,-0.1375812514134458,1.693871931669828,28.0,70.0,0.0176700434388585,0.0116793790845489,fault2
1.719375,-0.1176552104587946,1.6561732611091513,28.0,70.0,0.0108576887126537,0.0150576393379295,fault2
0.93825,-0.131008171369367,1.5857205906592144,28.0,70.0,0.0151966747469672,0.0132892301714926,fault2
1.467,-0.1221982746577661,1.4078306691388205,28.0,70.0,0.0110977456576294,0.0191452310476319,fault2
1.613375,0.0104041685522102,1.7821514225808557,28.0,70.0,0.0200786456880927,0.0137620511253553,fault2
1.364875,-0.1742692215085328,1.6128012542047796,28.0,70.0,0.0119514306826895,0.0157587883932418,fault2
2.09175,-0.153215403102868,1.7903657512922702,29.0,70.0,0.0173280066085755,0.0118273490855765,fault2
2.2527500000000003,-0.1142987717008109,1.4268123469197624,29.0,70.0,0.0135530031525401,0.015014625499544,fault2
1.272,-0.0906102947798399,1.5428797075628142,29.0,70.0,0.0133762445994198,0.0115085173951096,fault2
1.033875,-0.1101400465076209,1.7933072178482987,29.0,70.0,0.0130615016786714,0.0127826033722338,fault2
2.30125,-0.1160828152054315,1.7009207593135154,29.0,70.0,0.0134447994746662,0.011784021553816,fault2
1.431375,-0.1527452162356769,1.6974546023773742,29.0,70.0,0.0107773763722494,0.0133651240144211,fault2
1.698,-0.1611561978282727,1.6995580946921014,29.0,70.0,0.0149981075998139,0.009960311864294,fault2
1.251125,-0.1157945054023761,1.4787470853779148,29.0,70.0,0.0121182357224086,0.0126680746722266,fault2
1.056875,-0.1145481663022457,1.7896200617820643,29.0,70.0,0.0135491054114445,0.0116105664716237,fault2
1.483125,-0.1464069564565342,1.6840467435464008,29.0,70.0,0.0098732050865646,0.0137033052157554,fault2
1.329375,-0.1489587427543311,1.6327057567644725,29.0,70.0,0.0155511697299243,0.0098178877545291,fault2
2.31075,-0.1315252924322042,1.7774173721410274,29.0,69.0,0.0097985484362544,0.0150480420537308,fault2
2.296125,-0.1670529736376688,1.7126471084951485,29.0,69.0,0.0128230950014353,0.014030077338786,fault2
1.206125,-0.0999352433221311,1.7739545808545405,29.0,70.0,0.0128942126923472,0.0138019712709264,fault2
1.279,-0.0821149939454808,1.6355223949288171,29.0,70.0,0.0133518763867694,0.0124799410673424,fault2
1.82175,-0.1050766324316775,1.4489905183742744,29.0,70.0,0.0108447009023167,0.0121675304630419,fault2
1.200625,-0.1416492979081068,1.4977614950572655,29.0,70.0,0.0140303465277684,0.0111570728721875,fault2
2.238875,-0.1221625384094872,1.5940669436116153,29.0,70.0,0.0102118795140679,0.0142693375125669,fault2
1.4315,-0.160096054621134,1.463466820984904,29.0,70.0,0.0144737695586271,0.0117885012982943,fault2
0.9715,-0.1602551065423313,1.5287778865469004,29.0,70.0,0.010299149967553,0.0105847281572593,fault2
0.915,-0.1414444117925498,1.704078299370413,29.0,70.0,0.0121139631332727,0.0123603699710781,fault2
2.115625,-0.1214300919001164,1.785058565690555,29.0,69.0,0.0117004137059951,0.014118205213538,fault2
1.7455,-0.1467711572491095,1.4133163958226551,29.0,69.0,0.013632660351401,0.0150642628697676,fault2
0.91375,-0.1365090612583369,1.4911758746409975,29.0,70.0,0.0173985933470699,0.0107161063072595,fault2
1.0195,-0.1496856008176123,1.442076530800502,29.0,70.0,0.0130969236441324,0.0135243165350274,fault2
1.992125,-0.1545495554659961,1.5255096450487415,29.0,70.0,0.0141969174904037,0.0130114775492828,fault2
1.021875,-0.1166995830426047,1.6974902675511316,29.0,70.0,0.0128069440271731,0.0154197899361814,fault2
2.290875,-0.1138676672277831,1.7127023895054367,29.0,69.0,0.0122940623677109,0.0116190688301003,fault2
1.550125,-0.0347296322573501,1.7954582269309611,29.0,69.0,0.0113382616880247,0.0170873197764879,fault2
2.310375,-0.1853618893668893,1.4637623591499505,29.0,69.0,0.0135158072155348,0.0099839570497755,fault2
0.958,-0.1418413157725227,1.698658742100706,29.0,69.0,0.0118680452174405,0.0143819785081981,fault2
2.21625,-0.1217643470989709,1.6217518755912426,29.0,69.0,0.0174933636644698,0.0114425899964126,fault2
0.9865,-0.1166723023319953,1.440427770423132,29.0,69.0,0.0126932432389815,0.0181992378369849,fault2
1.798125,-0.1301054299639204,1.6518374783446903,29.0,69.0,0.0138498916892229,0.0117826114355034,fault2
2.308875,-0.14077093803913,1.57844104768649,29.0,69.0,0.0110714428806235,0.0180011843146822,fault2
0.96675,-0.1400721212963539,1.4897813757374714,29.0,69.0,0.0190104462114605,0.0135970723427852,fault2
2.24475,-0.1224445729880616,1.6649035741734766,29.0,69.0,0.0132414832057834,0.0186682283007198,fault2
1.111,-0.1684415139949367,1.4430328168235689,29.0,69.0,0.0181135211275398,0.0115352180764558,fault2
1.826875,-0.1472649673126735,1.4905932497089822,29.0,69.0,0.0115566155608782,0.0169302263974115,fault2
1.896,-0.1829134756766045,1.402346479922847,29.0,69.0,0.017676924771239,0.0107672826562587,fault2
0.92225,-0.1396531077826037,1.5058218420619864,29.0,69.0,0.0119101320959851,0.0149941263200913,fault2
2.013,-0.1823728958956689,1.4711443214360953,29.0,69.0,0.0155647880752342,0.0121575967308115,fault2
1.485375,-0.1585520294176166,1.401086584586034,29.0,69.0,0.0109894918665973,0.014459169010869,fault2
0.964375,-0.1631072910599183,1.5066131484002243,29.0,69.0,0.0122413006341878,0.0097200682227596,fault2
1.821,-0.0745495892008863,1.6705381197452114,29.0,69.0,0.0106221603447422,0.0137033187056887,fault2
0.94075,-0.1163031026322911,1.482314208361287,29.0,69.0,0.0136165985176558,0.0101475030693051,fault2
1.484,-0.1150134955100534,1.4071896551053236,29.0,69.0,0.0102760965893058,0.011349346405394,fault2
2.070875,-0.1430285963920447,1.543626944582365,29.0,69.0,0.0119157597641441,0.0121072284232056,fault2
1.041125,0.0226598136381625,1.491195659234568,29.0,69.0,0.0121006868726367,0.0154956013808729,fault2
2.132375,-0.1597318782761868,1.5184015141675653,29.0,69.0,0.0123761789483619,0.0094596506188368,fault2
1.241875,-0.1311738278485336,1.4774999283342725,29.0,69.0,0.0114202890846052,0.012323767090053,fault2
1.941625,-0.1472737846421491,1.6640564407950162,29.0,69.0,0.0139758095874335,0.0092864262583747,fault2
1.60025,-0.0930599743434931,1.5415763921771537,29.0,69.0,0.0100132605945124,0.0158597721990384,fault2
1.311375,-0.0354935697491417,1.6831396688167428,28.0,70.0,0.0007058174373145,0.007080814354328,fault2
1.60575,-0.1582460917806134,1.5952940863211025,28.0,71.0,,0.0065571101740263,fault2
1.06225,-0.1463511618477319,1.458620833702625,28.0,71.0,0.0055527109788584,0.0072994383308463,fault2
1.36725,-0.1571208019449838,1.6581365459188349,28.0,72.0,0.0062674200268928,0.0067528858694884,fault2
1.499625,-0.1349735523344822,1.440247558280719,28.0,72.0,0.007191754573936,0.0082450057263979,fault2
1.518625,-0.139080996592265,1.605573214851328,28.0,72.0,0.0076339950290995,0.0073689174594197,fault2
1.391375,-0.1451931078916461,1.405209232908054,28.0,72.0,0.0061836950874383,0.0057764685024547,fault2
1.9585,-0.0135611018993662,1.7800208878059454,28.0,72.0,0.0062152872821123,0.0074113427237645,fault2
1.196625,-0.1217490433021813,1.650875198449392,28.0,72.0,0.0065721385297209,0.0083534289783774,fault2
1.869625,-0.1405362424467575,1.622409396237897,28.0,72.0,0.0080951006261996,0.0068446338235069,fault2
2.1565,-0.1658143533171852,1.5179520420306394,28.0,72.0,0.0069289203278709,0.0066913397333031,fault2
0.958375,-0.1009114358719395,1.7113215895588838,28.0,72.0,0.0057416803087437,0.0059024594345346,fault2
1.873875,-0.1098383995483679,1.4206331134317458,28.0,72.0,0.0067781971842212,0.0079234440510187,fault2
1.83025,0.1183143189696408,1.5154968677311935,28.0,72.0,0.007316885029664,0.0074220310392244,fault2
1.210875,-0.1558202311313501,1.7085629791335188,28.0,72.0,0.0078144318627561,0.0069637437463378,fault2
0.922125,-0.1284444918366304,1.6268340690005676,28.0,72.0,0.0064456745515425,0.0068883488647755,fault2
2.1725,-0.1357288128393931,1.773893873290237,28.0,72.0,0.0076164694975294,0.0075078348397665,fault2
1.255125,-0.1198171382449072,1.5251356810134993,28.0,72.0,0.0073799135319148,0.006488833862009,fault2
0.911375,-0.0600793093495907,1.62464920448974,28.0,72.0,0.0065963906802587,0.0063040072172106,fault2
1.423875,-0.1263062909888122,1.5159311671646936,28.0,72.0,0.005887967619437,0.0060951222519096,fault2
2.3095,-0.1370125329560306,1.5250881776629237,28.0,72.0,0.0062333704949976,0.0092050611933362,fault2
1.45275,-0.1448305406726373,1.753235830231203,28.0,72.0,0.0095364907537749,0.0061947590747525,fault2
0.917125,-0.1654022806424331,1.5638745740014668,28.0,71.0,0.0061507515818566,0.0052182818338266,fault2
0.917375,-0.1315121323569429,1.5824169312283145,28.0,72.0,0.006557518434983,0.0077765668665484,fault2
1.296,-0.1694575419183425,1.4600713360295172,28.0,72.0,0.0082946986777193,0.0060287553484366,fault2
2.09275,-0.1468281337574096,1.7493721624544591,28.0,72.0,0.0063961611757949,0.0094808566039881,fault2
1.724375,-0.1228876933114926,1.540966538630468,28.0,72.0,0.0103414324497798,0.0073996968046496,fault2
1.25575,-0.1010376584665909,1.5994640172429713,28.0,72.0,0.0079141017342181,0.0092120418679158,fault2
1.540125,-0.0863165658254954,1.7441245044425588,28.0,72.0,0.0090051967004209,0.0076023679342307,fault2
2.1765,-0.178283669247843,1.7203233123783317,28.0,71.0,0.0087384772673163,0.0085513232926795,fault2
2.131875,-0.1202967435437266,1.5159363649534463,28.0,71.0,0.007038001809701,0.008106085058975,fault2
2.30625,-0.0978099639348804,1.7412419160520591,28.0,71.0,0.0084159882385314,0.0102920520067317,fault2
1.73425,-0.1253254134131681,1.457431993365918,28.0,71.0,0.0104177803029497,0.0132093343141522,fault2
2.2965,-0.1526529067430078,1.581638644174871,28.0,72.0,0.0134582834724561,0.0095473247667264,fault2
1.757375,-0.1511263984764423,1.6797558802814536,28.0,72.0,0.009422674413747,0.0126834642671863,fault2
0.9575,-0.1294256939443502,1.6080479911435162,28.0,72.0,0.0104741297763524,0.0097461280528231,fault2
1.92825,-0.1122612589945974,1.5062387491866438,28.0,71.0,0.0097346439560669,0.0133316376242452,fault2
2.012875,-0.1798139112631297,1.4825005404667675,28.0,71.0,0.0131623077543573,0.0135340440828842,fault2
1.569375,-0.1753126123214094,1.4593588308750065,28.0,71.0,0.0109116772086828,0.015514284790989,fault2
1.119,-0.009231539307774,1.485832109984322,28.0,71.0,0.0163347649645491,0.0128061255476486,fault2
2.05325,-0.1610638211627279,1.6346400433391894,28.0,71.0,0.0145827062051502,0.0146906837192461,fault2
0.983,-0.1667311584176913,1.4240559877925745,28.0,71.0,0.0138328848658334,0.0127739097303263,fault2
1.027375,-0.1638976296368464,1.4637826714148472,28.0,71.0,0.0120128815060712,0.0100901262489717,fault2
2.1045000000000003,-0.1150796157565785,1.517180358596271,28.0,71.0,0.0110523483005486,0.0131809781456232,fault2
0.98275,-0.1551424922403119,1.738866646904476,29.0,71.0,0.0148446154163387,0.0107925311362816,fault2
1.979375,-0.1082562243254183,1.6414745493992058,29.0,71.0,0.0100447892364147,0.0117251277363477,fault2
1.078375,-0.194414335950568,1.5036118180498388,29.0,71.0,0.0114168693742747,0.009892258223966,fault2
1.463125,-0.0876362617309231,1.5810321166172532,29.0,71.0,0.0096956929914866,0.0129290412339762,fault2
2.29575,-0.1286709917418774,1.7950592749950176,29.0,71.0,0.0137133503959494,0.0105883831916966,fault2
2.0848750000000003,-0.1140230857411767,1.7516193144048864,29.0,71.0,0.0122274734969584,0.0109874534802981,fault2
2.287,-0.1338162395965437,1.73601136434105,29.0,71.0,0.0092553018088086,0.0119410989773817,fault2
1.55225,-0.0546808902700049,1.4191684349588174,29.0,71.0,0.0117111069929507,0.010773025951496,fault2
2.13,-0.1663265680813926,1.530633293495387,29.0,71.0,0.013118123729581,0.0100301587880727,fault2
0.91325,-0.1277852642128062,1.647630804857817,29.0,71.0,0.0106034215244274,0.0118988482977118,fault2
1.2205,-0.116164486333245,1.592035396850731,29.0,71.0,0.0110212053256325,0.0103933082195712,fault2
1.397125,-0.0953717458648466,1.7791555030350077,29.0,71.0,0.0109217775658274,0.0146586636667857,fault2
0.938375,-0.1286648634128838,1.4604062548424253,29.0,71.0,0.0170287093934663,0.0101694634745804,fault2
1.92525,-0.0866807500025532,1.648877712621299,29.0,70.0,0.0108578236007871,0.0112111504944476,fault2
1.613875,-0.1166888875558861,1.633233334652651,28.0,71.0,0.0006182219513244,0.0072664281188684,fault2
1.762125,-0.1480649008591479,1.4178558279755833,28.0,71.0,,0.0070860254998763,fault2
0.97375,0.0330398946875037,1.4748893342825575,28.0,72.0,0.0064698448230278,0.0060151664720929,fault2
2.309375,-0.1089844827925689,1.7518770803889523,28.0,72.0,0.0073927358302029,0.006065216426409,fault2
1.0725,-0.0951458443395649,1.6478906821633588,28.0,72.0,0.0050849205548602,0.0063747751481484,fault2
1.00975,-0.0911345066598278,1.4351249683554643,28.0,72.0,0.0071200425763902,0.0056496826525086,fault2
2.086875,-0.1530013730848593,1.5457273920945809,28.0,72.0,0.0065521690125444,0.0063004218896648,fault2
2.143875,-0.1366207927899763,1.6715111071702806,28.0,72.0,0.0076740342177425,0.0060382940987307,fault2
1.29325,-0.1044715002886991,1.4486000385330673,28.0,72.0,0.006665750947681,0.0086235461001937,fault2
2.303,-0.2544495383802503,1.495527825561904,28.0,72.0,0.0085881263964084,0.005971941625288,fault2
1.603625,-0.1507888887380208,1.607435171085874,28.0,72.0,0.0053254506302746,0.0088515972848685,fault2
1.138375,-0.145786584530654,1.5181120875108225,28.0,72.0,0.0094602294374809,0.0082158003862204,fault2
2.02225,-0.1395726684346218,1.4383963683487644,28.0,72.0,0.0082004815094669,0.0059088078637844,fault2
1.178375,-0.0634639595084496,1.531304306254288,28.0,72.0,0.0067081180758934,0.0073327986269309,fault2
1.078875,-0.2043014326327422,1.723774387969955,28.0,72.0,0.0074904583952999,0.0093560259185237,fault2
1.5765,-0.1556235587852246,1.4495459493938734,28.0,72.0,0.0087260193420995,0.007751643757006,fault2
2.1145,-0.156044491444193,1.6648365563605418,28.0,72.0,0.007905727441867,0.0067996244090532,fault2
1.132625,-0.1003976015833227,1.5591774412004835,28.0,72.0,0.0070930573384257,0.0065566219067427,fault2
2.254125,-0.1177281405362778,1.7662491089301842,28.0,72.0,0.0065117754509163,0.0064266937112989,fault2
1.608375,0.0145196791717797,1.4708343624046374,28.0,72.0,0.0057276132215165,0.0098097654943606,fault2
0.9345,-0.1554747500591321,1.677886097841991,28.0,72.0,0.0081271326769173,0.0063854009534383,fault2
2.019125,-0.142386260830313,1.6440538522661856,28.0,71.0,0.0067160895277596,0.006991699558918,fault2
1.942375,-0.1218802209956247,1.7216073688947855,28.0,72.0,0.0058833587505432,0.0089496114144758,fault2
1.292875,-0.0874727846121394,1.6507195365053209,28.0,72.0,0.0075828389568599,0.0061110352094532,fault2
1.51025,-0.122921385988811,1.7585795507766346,28.0,72.0,0.006555495332541,0.0097060106630635,fault2
1.465625,-0.1812577183033977,1.5550748731336022,28.0,72.0,0.0083226055949122,0.0070394345869938,fault2
2.10025,-0.0996462771058465,1.7768020712666532,28.0,72.0,0.0061395213697762,0.0065816184265659,fault2
1.4985,-0.120090600554685,1.695844476102205,28.0,71.0,0.0075003788634728,0.0058409998823949,fault2
2.2865,-0.136342184667787,1.7476679107042397,28.0,72.0,0.0064051450276115,0.0057729802674214,fault2
1.555375,-0.1007785165572612,1.7047432439417398,28.0,72.0,0.005971942608096,0.0059406794346326,fault2
1.318875,0.0384962110614746,1.603101427822355,28.0,72.0,0.0052315341078292,0.0087300113879832,fault2
0.9715,-0.1491133135566932,1.44350461477171,28.0,72.0,0.0075295707360134,0.0073960659154448,fault2
2.291875,-0.1360774152735414,1.5281149337922597,28.0,72.0,0.0066465044666552,0.0060971008468741,fault2
0.9425,-0.1240507386323174,1.6232039778290572,28.0,72.0,0.0079265374028921,0.0051068701591107,fault2
2.3065,-0.1125681410428252,1.7535827961851984,28.0,71.0,0.0061689791837176,0.0060289283195522,fault2
1.561125,-0.2001861250373097,1.4644673529957908,28.0,72.0,0.0060147923242792,0.0081170367980167,fault2
1.074875,-0.1528649050376039,1.4058060240274974,28.0,72.0,0.0081193606783425,0.0058861179395185,fault2
2.3040000000000003,-0.130249388157343,1.4619451432781378,28.0,72.0,0.0065038698451201,0.0101759752343784,fault2
1.027375,-0.1078951952754778,1.5181517110994052,28.0,72.0,0.0081266135039989,0.0056684073145277,fault2
1.8095,-0.1173811676009026,1.7725682401942309,28.0,72.0,0.0061510011959539,0.0116932877281499,fault2
2.278875,-0.1374837734456117,1.5868241947489836,28.0,72.0,0.0112986241525182,0.0061854158564031,fault2
1.809125,-0.1092498199345547,1.7366649263697684,28.0,72.0,0.0066116672951821,0.006132260996986,fault2
0.988625,-0.1538579108143414,1.457875042895168,28.0,72.0,0.0075473074441942,0.0095802098599347,fault2
1.688,-0.1350055891864327,1.7364202963036586,28.0,72.0,0.0085221645823721,0.0066105896883391,fault2
1.88475,-0.1533121084405902,1.6380630697282146,28.0,72.0,0.006514165903791,0.0094624030885603,fault2
1.409375,-0.0801408354197578,1.613257060236853,28.0,72.0,0.0086814995849906,0.0073503820603705,fault2
0.9575,-0.1392023286771805,1.758775831159682,28.0,72.0,0.0063146143767395,0.0095177906121808,fault2
1.92675,-0.1455208632945136,1.552322414811658,28.0,71.0,0.0083202771974196,0.0095160422029181,fault2
1.546375,-0.1639609140448652,1.594159284502578,28.0,71.0,0.0104461479949558,0.007145926940128,fault2
2.13725,-0.1384186831421947,1.7047855853016145,28.0,71.0,0.008615716342398,0.0076979421176795,fault2
2.24625,-0.0696904578391922,1.527322608543184,28.0,72.0,0.0075161179303457,0.008473249715839,fault2
1.651125,-0.0885077792488192,1.4638206984376594,28.0,72.0,0.0083430434458445,0.0061951765255845,fault2
1.928375,-0.0585193097889788,1.4137040545091568,28.0,72.0,0.0067106142728744,0.0098052781683057,fault2
0.922625,0.0190834205732696,1.7181077124163142,28.0,72.0,0.0093027146132869,0.0066548944842661,fault2
2.163375,-0.1172692032810994,1.6506194825263274,28.0,72.0,0.0064179330588517,0.0066371064727102,fault2
0.912,-0.1337322261924894,1.69814803230402,28.0,72.0,0.0074682593091366,0.006754144304815,fault2
1.215625,-0.0988588279743303,1.4395643906563371,28.0,72.0,0.0076997449495907,0.0066224502999783,fault2
2.30325,-0.131967286438544,1.5095672915190108,29.0,72.0,0.0057559773803495,0.0086382456530899,fault2
1.38675,-0.1353724743909424,1.626526914609593,29.0,72.0,0.0089490012305676,0.0073041988729866,fault2
1.17375,-0.0953447001323933,1.7320801492092193,29.0,72.0,0.0085098247184622,0.0090476231257827,fault2
1.158875,-0.0022644542178557,1.5701890473554665,28.0,68.0,0.0010622089853788,0.0120929289626997,fault2
2.308875,-0.1193625190049698,1.7803886826440245,28.0,69.0,,0.0119829823382068,fault2
1.13625,-0.0484713678213977,1.5790470754492207,28.0,69.0,0.0105096867692002,0.0115480612256789,fault2
1.30475,-0.1570436068480168,1.6616258761191594,28.0,70.0,0.0131972105334271,0.0107068875032155,fault2
2.304125,-0.1441462461855144,1.6920653686220208,28.0,70.0,0.0124504317842914,0.0122951215733896,fault2
1.265,-0.1031442534001008,1.6337589173545906,28.0,70.0,0.012098604037753,0.0121954964802236,fault2
2.308875,-0.1362330364663767,1.5806180238222691,28.0,70.0,0.011151213828349,0.0109904751743779,fault2
1.1575,-0.1234258411080954,1.4142898497116163,28.0,70.0,0.0133357431561622,0.01260204965394,fault2
2.161125,-0.1597327519908049,1.6600541525417485,28.0,70.0,0.0133717901607169,0.010067013018584,fault2
1.867875,-0.0972260485793085,1.690945141175008,28.0,70.0,0.010774436486421,0.0129018310614723,fault2
1.621625,-0.1425884460335112,1.5615106866138193,29.0,70.0,0.0162409843587246,0.0108013240192124,fault2
2.2925,-0.0823323709477645,1.476316182367819,29.0,70.0,0.010342777125311,0.0168648563830596,fault2
1.08625,-0.1174130801175649,1.7821766423193164,29.0,70.0,0.0169692735244327,0.0116134332091472,fault2
2.267375,-0.0959291130661775,1.525153868340699,29.0,70.0,0.0135243851639256,0.0161738724566435,fault2
1.22875,-0.1323156220723676,1.7766959075990376,29.0,70.0,0.0134404409560135,0.0146112933537498,fault2
1.500125,-0.1493294883419254,1.7598592303657017,29.0,70.0,0.0137283834168894,0.0120906512641308,fault2
2.09575,-0.1630818055763135,1.6278904934514011,29.0,70.0,0.0119381856119678,0.0153023960441982,fault2
1.159375,-0.1612212428375045,1.749694267673204,29.0,70.0,0.0156420560314532,0.009794873110472,fault2
2.24175,-0.1280022985575565,1.6130399875848551,29.0,70.0,0.0120842206936045,0.0144966677315524,fault2
1.654625,-0.1575756932743888,1.795645235488939,29.0,70.0,0.0134329233506386,0.0110297759979111,fault2
0.93025,-0.1345306775517105,1.427883663940796,29.0,70.0,0.0125704591439189,0.0125682822466149,fault2
2.13925,-0.1360103071602861,1.6744444555510416,29.0,70.0,0.0125948950303843,0.011125065605081,fault2
1.403125,-0.2055455337670614,1.6937127877645295,29.0,70.0,0.011990439582574,0.0123473634787445,fault2
1.319875,-0.1386809450492032,1.5365406896150826,29.0,70.0,0.0114222946264776,0.0111035059637501,fault2
1.03375,-0.1462663201668582,1.5669980642402,29.0,70.0,0.011201928026146,0.0125382521959519,fault2
2.3035,-0.1241003667956113,1.4082137398367025,29.0,69.0,0.0109171052657186,0.0111193949762973,fault2
2.265125,-0.1519989518794162,1.635192539377815,29.0,69.0,0.0098688611809557,0.0104848753369923,fault2
1.463375,-0.2092837584450184,1.6806697831846025,29.0,69.0,0.0123766556237146,0.0112184522265182,fault2
1.954875,-0.1416820754448573,1.6421147492803767,29.0,70.0,0.0120661001853369,0.0158142337054559,fault2
0.936625,-0.1537094014991515,1.4524631910495025,29.0,69.0,0.015860352404913,0.0114740023117147,fault2
2.045625,-0.0957373504371588,1.5312228215848096,29.0,69.0,0.0113126510048065,0.0143218160031948,fault2
1.73325,-0.1458178434739818,1.4658353785598703,29.0,69.0,0.0125352910252313,0.0101783062272809,fault2
0.932125,-0.1033960125673038,1.646953421940243,29.0,69.0,0.009640473637919,0.0128296537490107,fault2
1.035625,-0.0915096509931514,1.5094830221500803,29.0,69.0,0.015127064471311,0.0119386101795598,fault2
2.272625,0.0628725061738619,1.4943187399465183,29.0,69.0,0.0111177021004426,0.0132986737968456,fault2
1.709625,-0.1419525335626168,1.491360973712962,29.0,69.0,0.0129251178075731,0.0143755755333946,fault2
1.847,-0.1367739836403334,1.720269776217125,29.0,69.0,0.011655147151925,0.0115973944073416,fault2
1.95575,-0.1394049549887985,1.588985083423788,29.0,69.0,0.0116556756938232,0.0134262591185699,fault2
1.432,-0.1182358145320673,1.7750802822014462,29.0,69.0,0.0128395238653581,0.0116424928029501,fault2
1.517625,-0.1347008864191725,1.406506923848146,29.0,69.0,0.0100745078513319,0.0131725695265245,fault2
2.17325,-0.1450895023986496,1.4825412653741894,29.0,69.0,0.0124010551542238,0.0141052494864423,fault2
1.0035,-0.0762189915403521,1.7177897361605334,29.0,69.0,0.0108959675224675,0.0116156729608453,fault2
2.043125,-0.15728471363993,1.7186749643912118,29.0,69.0,0.0109629704088566,0.0114716949968167,fault2
1.054625,-0.1363886006668211,1.463856770655732,29.0,69.0,0.0111941324855849,0.0118036958420475,fault2
2.267625,-0.1173063443251495,1.6191412875703746,29.0,69.0,0.0113762375867393,0.0103519191894625,fault2
1.5685,-0.1339872588182679,1.5269552153403858,29.0,69.0,0.0121007739974626,0.0150787333010137,fault2
2.10675,-0.1950671071615037,1.4559223855869532,29.0,69.0,0.0118731332518169,0.0122404497226734,fault2
2.191375,-0.1387371955552873,1.6542629735502197,29.0,69.0,0.0114117828238789,0.0122228247119764,fault2
0.9915,-0.1567002405527158,1.6214391331604068,29.0,69.0,0.0128845539415128,0.0125921077203619,fault2
2.09575,-0.1442005915618014,1.555852312190533,29.0,69.0,0.0099347899200291,0.0126442785960376,fault2
2.288875,-0.1669011449795699,1.5799240193118007,29.0,69.0,0.0128253053536557,0.0098857342705651,fault2
1.450875,-0.1695235640248617,1.5412987282565138,29.0,69.0,0.0107294059948875,0.0147502381821066,fault2
2.307,-0.1498219237276172,1.5521807029418546,29.0,69.0,0.0146598697821554,0.01163097454613,fault2
1.0435,-0.1161582124961254,1.572021694091688,29.0,69.0,0.0111231280534997,0.0141586661890803,fault2
2.17125,-0.1214903880291009,1.5562947484649636,29.0,69.0,0.0152111788643244,0.0125065322070414,fault2
1.59625,-0.1395700217642315,1.7495261497287802,29.0,69.0,0.0099275976628578,0.0125017176848412,fault2
1.458875,-0.1317631630245759,1.5594298544847782,29.0,69.0,0.0136473249781951,0.0113980038528013,fault2
1.243,-0.1613713928224796,1.419309899704814,29.0,69.0,0.0131057179649312,0.0131417190856708,fault2
1.9075,-0.1315907631478037,1.5140634159115745,29.0,69.0,0.0111059354584575,0.0133796670383857,fault2
2.27025,-0.1422588878381277,1.7647250049688703,29.0,69.0,0.0155350678180511,0.0102203968959321,fault2
1.988375,-0.1774281683249003,1.557813101630675,29.0,69.0,0.010574051166183,0.0161388278171772,fault2
1.875125,-0.1533103746770764,1.519684536880905,29.0,69.0,0.0158342199085903,0.0121599549280921,fault2
1.089375,-0.159901532246403,1.6185924533173492,29.0,69.0,0.0156002032671966,0.0133058238976768,fault2
2.268125,-0.1453507911943905,1.7159908290870152,29.0,69.0,0.0141450642929757,0.0114352588696381,fault2
1.462625,-0.1423026983446539,1.5730855367081693,29.0,69.0,0.0117275107156188,0.0107367213435318,fault2
1.458,-0.1050841842527011,1.4957018001297948,29.0,69.0,0.011072168343546,0.0133077525341857,fault2
0.911375,-0.1163214750394103,1.691145473840607,29.0,69.0,0.0113085038325583,0.0120330051285276,fault2
2.01725,0.0447510740190125,1.6130285483220153,28.0,68.0,0.0013738847588664,0.0211550218099942,fault2
2.160875,-0.0967459610629622,1.7710403084331732,28.0,69.0,,0.0138279857158479,fault2
0.918375,-0.1176818986927186,1.6445312777216368,28.0,69.0,0.0147340431393073,0.0199831440378106,fault2
1.6755,-0.1206314320363533,1.4004409180204216,28.0,70.0,0.0173840977698159,0.0175594657327025,fault2
2.05275,-0.0775707023138166,1.742237760341379,28.0,69.0,0.0166747290906936,0.0161271534802883,fault2
1.838625,-0.127950154742263,1.454424571195739,28.0,70.0,0.0197886659428202,0.0159526096221292,fault2
1.93325,-0.1385412480233568,1.722861636698405,28.0,70.0,0.0143945843350977,0.0248423497699722,fault2
0.97725,-0.1086562198446838,1.422560519293414,28.0,70.0,0.0231486542178801,0.0128955174378106,fault2
2.11975,-0.1057285715247351,1.7630199922720593,28.0,70.0,0.0144375650481458,0.0183465480701886,fault2
2.170125,-0.1247043983028477,1.7539096945769366,28.0,70.0,0.0190623514124653,0.0136167717302474,fault2
1.993,-0.0951016974637229,1.4781902479394204,28.0,70.0,0.0164400366874573,0.0237391735455064,fault2
2.283,0.0213973926802937,1.4542868169875418,28.0,70.0,0.0242004937182649,0.0165770554023194,fault2
1.42125,-0.1459924360769222,1.7071745543233092,29.0,70.0,0.0143369634751658,0.0226821370922162,fault2
2.29,-0.1426644757771287,1.5892057446972228,29.0,70.0,0.0225469451384458,0.0160383864316754,fault2
0.911375,-0.0953925259305492,1.5270596048794916,29.0,70.0,0.0136167860457932,0.0188038502023506,fault2
1.846625,-0.1424421205663845,1.5151544371631442,29.0,70.0,0.019603551352747,0.0146359738894566,fault2
1.5875,-0.1177653967862807,1.7491497245150986,29.0,70.0,0.0133236790386406,0.0208567224158648,fault2
1.02575,-0.1376991851829564,1.7537024594873571,29.0,70.0,0.0207644779900991,0.0187796518275861,fault2
1.725,-0.1124991935442377,1.6551206394661635,29.0,70.0,0.0172728150820523,0.0166124726189116,fault2
2.01825,-0.1339134379013038,1.5832574776679291,29.0,70.0,0.0145455155073598,0.0157177360312516,fault2
0.952625,-0.1405772296621366,1.6332971668820115,29.0,70.0,0.0134574070595387,0.0218990983211857,fault2
1.720125,-0.1180518389078406,1.6438549914497222,29.0,70.0,0.0209540939743714,0.0146407789630226,fault2
1.291375,-0.1257915508870233,1.5504298513553083,29.0,70.0,0.0145639155991197,0.0148410938950079,fault2
2.295375,-0.1213563469501909,1.6358037506065712,29.0,70.0,0.0152472742139485,0.0130144622163375,fault2
1.4545,-0.2149793739576552,1.5615017325027485,29.0,70.0,0.0150793091212057,0.0240573888976805,fault2
1.975,-0.1665188904241002,1.7040552396614348,29.0,70.0,0.0208064810440419,0.0163482452742997,fault2
2.22375,-0.1513928311417146,1.5682911444982983,29.0,70.0,0.0155248438212393,0.0197227157409148,fault2
0.9235,-0.1279306019782886,1.7294488010439997,29.0,70.0,0.0183720390574212,0.0174703737036176,fault2
1.7525,-0.1416970672748461,1.4277717937610992,29.0,70.0,0.0175056701724349,0.018255856677243,fault2
2.282,-0.1164327136051893,1.6807527170394638,29.0,70.0,0.0157624624314485,0.022873992389857,fault2
1.04725,-0.1185139367341276,1.547078101405596,29.0,70.0,0.0219266327088369,0.0154437072464652,fault2
2.240625,-0.1476794872679637,1.5419228800460936,29.0,70.0,0.0117379681261936,0.0219682991013329,fault2
1.627875,-0.1699950798286595,1.4710795325921655,29.0,70.0,0.0231629247995397,0.0146678542003168,fault2
1.093375,-0.1390724163172282,1.5364043860946404,29.0,70.0,0.0166925043309819,0.0189950573567157,fault2
2.303,-0.0985222931986342,1.4093967222717037,29.0,70.0,0.0170466312731105,0.0143233164057151,fault2
1.86175,-0.0875247986403429,1.780626879511478,29.0,70.0,0.0155766861374459,0.0253897757458264,fault2
1.964625,-0.1351994570728154,1.7958917255462954,29.0,70.0,0.0292584193360249,0.0154395939291557,fault2
2.104375,-0.1470800393039904,1.7621505076776107,29.0,70.0,0.0193188343017331,0.0167217846081837,fault2
1.120625,-0.1578775025689261,1.7349146249499316,29.0,70.0,0.0194135307845957,0.0153622859368235,fault2
2.16475,-0.1094224540078194,1.4048971644432109,29.0,70.0,0.0126897841158861,0.0245894946236896,fault2
1.7645,-0.0789816566439349,1.6577957114973807,29.0,70.0,0.0256344538322474,0.0163207294629491,fault2
1.47775,-0.1455806383895677,1.6238657236818257,29.0,70.0,0.0176612796719948,0.0147239856382533,fault2
0.959125,-0.120853562050679,1.7783158912008266,29.0,70.0,0.0179920554992739,0.0126930816123292,fault2
2.105125,-0.154661902925583,1.7385727361605503,29.0,70.0,0.0146297186347553,0.0167797201785268,fault2
1.25725,-0.1103896686032007,1.7761386938011905,29.0,70.0,0.0173074429825098,0.0191512944385728,fault2
0.91175,-0.1712255504178401,1.5531134279878118,29.0,70.0,0.0179428851449201,0.0170755834343758,fault2
1.764125,-0.1107275708711086,1.662792299944868,29.0,70.0,0.014308239183782,0.0144312476919285,fault2
2.1415,-0.1606962693969023,1.4322533488670148,29.0,70.0,0.0152696601715838,0.0166465631026657,fault2
1.189625,-0.1246375911256894,1.7384833366303318,29.0,70.0,0.0146844188948275,0.020951057064416,fault2
2.1575,-0.1194500499732675,1.425724338862187,29.0,70.0,0.0183697701149042,0.015485987344177,fault2
1.101625,-0.1066250710301782,1.7244399391067815,29.0,70.0,0.0157223465034965,0.0160516734925172,fault2
2.130125,-0.0713252799535233,1.6304525652394402,29.0,70.0,0.0169475195049008,0.0173031084627855,fault2
1.688625,-0.1062260139444357,1.7797419826885423,29.0,69.0,0.0174980230425495,0.0123383495254121,fault2
0.96475,-0.1001559730982606,1.6809223149096035,29.0,69.0,0.0111685242023308,0.023911763272901,fault2
2.1815,-0.0773721175643413,1.7383997036123593,29.0,70.0,0.0220399425540773,0.0180937787920589,fault2
2.208,-0.1037264965716776,1.7971003881531376,29.0,70.0,0.0167389225882117,0.0151553501659962,fault2
0.934,-0.1082996751226961,1.610936586854908,29.0,70.0,0.0163965848013964,0.0145151321337765,fault2
2.067875,-0.1471062230616185,1.483754603805154,29.0,70.0,0.0132922562878547,0.0219483058887189,fault2
2.2075,-0.1481356437099126,1.431459723092141,29.0,70.0,0.0189526086381136,0.013862639637303,fault2
1.1675,-0.1549137505848199,1.4387042113778752,29.0,70.0,0.0182296757116882,0.0199754803451132,fault2
2.191375,-0.1629955413007662,1.5665082352495148,29.0,70.0,0.0178371654750078,0.0147809419655392,fault2
1.602125,-0.1572916162300603,1.6052348836452548,29.0,70.0,0.0134514716681719,0.0222240298800509,fault2
0.90925,-0.108012366964763,1.7123285885385462,29.0,70.0,0.0238958323157486,0.0147672036641516,fault2
2.000125,-0.0881588674389454,1.606445276084415,29.0,70.0,0.017800970755554,0.0172093950983573,fault2
2.24,-0.157443331267093,1.4271818908465326,29.0,70.0,0.0183693605167559,0.0155034354756519,fault2
0.982625,-0.1574347549705528,1.688180011701225,29.0,70.0,0.0190392479084875,0.0179976125249555,fault2
2.30525,-0.1226921736039076,1.561848403284903,29.0,70.0,0.0183782769627614,0.0175912818033743,fault2
1.162875,-0.0875138761311636,1.6042080827766465,28.0,72.0,0.0005648616352763,0.0077203560464797,fault2
1.506625,-0.1559840784974782,1.4904750068604078,28.0,72.0,,0.0097339839255409,fault2
1.858625,-0.1350139181949271,1.7745208532115693,28.0,72.0,0.0082268780335926,0.0066993079780504,fault2
1.1445,-0.1267596104704887,1.6530557478837005,28.0,72.0,0.0079981400472896,0.0087165616029678,fault2
1.717125,-0.1372020757756936,1.745058236794215,28.0,72.0,0.0069157107842199,0.0075154138377358,fault2
1.099875,-0.1053452901629064,1.4427092369247136,28.0,73.0,0.0081092339248287,0.0121964038308531,fault2
2.240625,-0.1109314160761039,1.5403715180264244,28.0,73.0,0.010165133028718,0.0090314094152344,fault2
1.89275,-0.1451033329297349,1.5567569881872787,28.0,73.0,0.0081294656350595,0.0105558607391235,fault2
2.279625,-0.1243734668576963,1.7744521197705931,28.0,73.0,0.0115750964332069,0.0091516595662007,fault2
1.891375,-0.1454557594231668,1.7279847479160095,28.0,72.0,0.0090711675522703,0.0086209857047006,fault2
2.27375,-0.1435997797988589,1.769107029349226,28.0,72.0,0.0083039067247694,0.0173222310086839,fault2
2.052625,-0.1003849208528587,1.425889193331054,28.0,72.0,0.0164027520207469,0.0098182232286954,fault2
1.600875,-0.2134038791715953,1.5400263370470877,28.0,73.0,0.0090493488411178,0.0074558016142291,fault2
2.25725,-0.1480113704556858,1.4367979817035554,28.0,73.0,0.0076297778458661,0.0070660775408591,fault2
1.140375,-0.1407431657290005,1.798127943957312,28.0,72.0,0.0086016606247422,0.0075027211648161,fault2
0.929375,-0.1191138753624517,1.796754367294239,28.0,72.0,0.006538183894021,0.0057837033310094,fault2
0.92375,-0.0036237541083202,1.746534186166344,28.0,70.0,0.0012377357820116,0.0139845844705959,fault2
1.22,-0.1795975862225318,1.486820206874377,28.0,70.0,,0.0176507719038849,fault2
2.13875,-0.1259471024978234,1.5311489308292638,28.0,70.0,,0.0163756667980972,fault2
1.328125,-0.1649685329458533,1.6904554098924516,28.0,71.0,0.0135103242189128,0.013261090253857,fault2
1.3995,-0.1234751194722889,1.6503589226377289,28.0,71.0,0.0160905183117025,0.0206943996052596,fault2
1.631125,-0.1337412083713393,1.49850454692396,28.0,71.0,0.0179212898420279,0.0163429288037079,fault2
0.93525,-0.0533980354559566,1.7784987473292286,28.0,71.0,0.0150954923095709,0.017976900278897,fault2
1.3735,-0.1590043974373863,1.4321244928040997,28.0,71.0,0.0210649629168661,0.0163238916040515,fault2
2.002,-0.1209265711579,1.6796439317221967,28.0,71.0,0.0189118202127685,0.0220956942551996,fault2
1.4215,-0.1267256120324868,1.5024074778596708,29.0,71.0,0.0175596909828212,0.0152866909678739,fault2
1.15175,-0.1063344716874575,1.6575832217804976,29.0,71.0,0.0146123314727433,0.0149548620843675,fault2
1.972125,-0.1755837036708166,1.6302151960360824,29.0,71.0,0.016312321025705,0.01324110540549,fault2
0.995875,-0.1348330157149872,1.6409326662664057,29.0,71.0,0.0151749345966396,0.0179112950894868,fault2
0.974625,-0.0712918778429993,1.507091638327785,29.0,71.0,0.0193645174349966,0.0161021443354775,fault2
2.308,-0.1445492683953002,1.723264924616829,29.0,71.0,0.0183227720651271,0.0175674187353686,fault2
1.9645,-0.1211995759394311,1.7685032370237534,29.0,71.0,0.016699895191771,0.0160425021096301,fault2
1.04525,-0.1981674125089897,1.6699852582294477,29.0,71.0,0.0156378170341471,0.0117237968423764,fault2
1.85625,-0.1104861669466352,1.7008412065428,29.0,71.0,0.013009317340982,0.0214051160964615,fault2
0.93475,-0.1392570717266935,1.758270344693076,29.0,71.0,0.0191803437529761,0.0158933948303859,fault2
1.81575,-0.1294883586491258,1.6074595972301076,29.0,71.0,0.0183649938458623,0.0199885139068257,fault2
1.2585,-0.1277975344441638,1.6133173945160366,29.0,71.0,0.0168013341297441,0.0132643395719549,fault2
0.915375,-0.1084393824955331,1.6349205896514527,29.0,71.0,0.0126195161653049,0.0235302431701886,fault2
1.679375,-0.1323953781117663,1.6355584984287588,29.0,71.0,0.0202040341608768,0.0132650585270358,fault2
1.59275,-0.1481113923668353,1.509823485967284,29.0,71.0,0.0137042747147601,0.0211944158002199,fault2
2.179375,-0.1693199248102259,1.6335148084470683,29.0,71.0,0.0205125994291202,0.0151701008677492,fault2
1.36575,-0.0185867553287481,1.45825296192235,29.0,71.0,0.0151407494118372,0.0257286716995969,fault2
1.42125,-0.1447541553577752,1.705051542876662,29.0,71.0,0.0241309327509363,0.015608347519129,fault2
1.20575,-0.1626720973960864,1.513046975797913,29.0,71.0,0.014305184385682,0.0228390341731793,fault2
2.139875,-0.1266074173894465,1.4786906642123956,29.0,71.0,0.0183406748269756,0.0165016391971994,fault2
2.243625,-0.1240549194549633,1.6912065063343047,29.0,70.0,0.0165468904020037,0.0170385558101691,fault2
2.193875,-0.1524256228661536,1.5167570845901832,29.0,71.0,0.0148549932594822,0.0192039984783106,fault2
0.90975,-0.1118507930220536,1.429531816215284,29.0,71.0,0.0203963935177786,0.0188951540016621,fault2
2.25725,-0.1296370093477581,1.6614348815285118,29.0,71.0,0.0154958848188896,0.0161400327486232,fault2
1.910375,-0.0865942197114774,1.714436829461877,29.0,71.0,0.0156207064316824,0.013276860481826,fault2
1.080625,-0.1009594125852489,1.7503122473002397,29.0,71.0,0.017785387497595,0.016966576945106,fault2
1.94625,-0.0859337085327876,1.629666067789975,29.0,71.0,0.0154022953281507,0.0190487937847737,fault2
1.103625,-0.1070313191473266,1.600430802947604,29.0,70.0,0.0186688737381489,0.0193681874834918,fault2
1.0015,-0.1731510612822561,1.43711405653847,29.0,71.0,0.0180917194018998,0.0169697905661987,fault2
1.517875,-0.1326304143340941,1.7013408463322972,29.0,71.0,0.0147458872995643,0.0173827703652757,fault2
1.048875,-0.1355453097265621,1.4182699211914502,29.0,71.0,0.0172793347263107,0.015563712115799,fault2
2.099,-0.0679852581863318,1.5206593572885745,29.0,71.0,0.0137184483105025,0.0225108813391028,fault2
1.609375,-0.1080974946935145,1.740141010767163,29.0,71.0,0.0219368072933325,0.0161488526261116,fault2
1.409125,-0.1168962657124398,1.712739476225753,29.0,71.0,0.0145859753784862,0.0157385362060369,fault2
2.1445,-0.1289270039828125,1.5436082305617205,29.0,71.0,0.0149684617082445,0.0169766136836626,fault2
2.070125,-0.1463115612218198,1.5586085965419152,29.0,71.0,0.0136607453085945,0.0217563525480661,fault2
1.326125,-0.1594695497367391,1.506641199984296,29.0,71.0,0.0221300878750589,0.0140534999131243,fault2
2.28875,-0.1252168793042708,1.6661329543901084,29.0,71.0,0.0156004225938619,0.0206531752501063,fault2
1.47825,-0.1354000685191563,1.646777514456048,29.0,71.0,0.0200305394505409,0.0156683879044882,fault2
2.14675,-0.1475956826469626,1.74896399147359,29.0,71.0,0.0161817591193359,0.025203280381563,fault2
1.3695,-0.1371719285842548,1.633585597436646,29.0,71.0,0.0218810961967112,0.0127744136722198,fault2
0.931125,-0.1237907842898056,1.740176642734107,29.0,71.0,0.0132080561636539,0.0212026660176974,fault2
2.270875,-0.1505409754504922,1.6332102108532711,29.0,71.0,0.0167178273436505,0.0141230083801429,fault2
1.873125,-0.1356558952688308,1.7689757275127502,29.0,71.0,0.0159467575212746,0.0242576933892358,fault2
1.124625,-0.081326862565853,1.4690546876028363,29.0,71.0,0.0190112039586729,0.0132719312344596,fault2
2.238125,-0.1627879337823407,1.5555542233617583,29.0,71.0,0.0162587616968388,0.0188349272878428,fault2
1.114625,-0.1454938077555767,1.4309186615892844,29.0,71.0,0.0216624945516265,0.018771267118916,fault2
1.1495,-0.0640177348424295,1.5918602434001217,29.0,71.0,0.0193227473873955,0.0188228145135344,fault2
1.732875,-0.1213942526195648,1.6913013192370512,29.0,71.0,0.0167598712587819,0.0161343121328599,fault2
2.290375,-0.1199115977646344,1.7758112816780018,29.0,71.0,0.0146291325934806,0.0204940159037446,fault2
2.305375,-0.1430955315050735,1.4485764088158115,29.0,71.0,0.0164497584242703,0.019558565791891,fault2
0.927125,-0.1522889631786846,1.4731583281343168,29.0,71.0,0.0179813830291611,0.0155356539585791,fault2
2.258125,-0.1231181236191136,1.5543529978022288,29.0,71.0,0.0147156856328607,0.0160960399767167,fault2
1.02675,-0.1498934509226961,1.777174085435388,29.0,71.0,0.0160205787488382,0.0177510306919454,fault2
2.118,0.0103493655313674,1.6466865108208872,29.0,71.0,0.0163276584218421,0.0174415395343207,fault2
1.378375,-0.1382321035708686,1.462738995797133,29.0,69.0,0.0009465447696539,0.0212248388353889,fault2
1.58775,-0.1802500438681149,1.613103587736483,29.0,70.0,,0.0123982742541157,fault2
2.228,-0.1491232995617039,1.6009196299582729,29.0,70.0,0.0104632627919469,0.0179610067688201,fault2
2.181875,-0.1489260920158442,1.4103265015785715,29.0,70.0,0.0181356353982214,0.0119200536189128,fault2
0.944875,-0.1297960531018996,1.5967629556328742,29.0,71.0,0.0139378834533705,0.0225006431136722,fault2
1.714375,-0.1544849507078581,1.4670266293621388,29.0,71.0,0.0182976215259553,0.0115710879221011,fault2
0.911625,-0.1648921251402406,1.5135571151791345,29.0,71.0,0.0142809022868482,0.0137921431694729,fault2
1.203,-0.1676288056228809,1.625481484386384,29.0,71.0,0.0143849393797307,0.016157821896579,fault2
2.260125,-0.1598134331791831,1.5427683320567098,29.0,71.0,0.0145555527799657,0.0145238926538767,fault2
1.757375,-0.1604688354944456,1.5003384093168122,29.0,70.0,0.0158888792074529,0.0132482945624782,fault2
2.271375,-0.1300076782603437,1.4010577165276732,29.0,71.0,0.0143786743371828,0.0198953347361971,fault2
1.741375,-0.0261087060084989,1.667363627972124,29.0,71.0,0.0185779763577697,0.0112954132311956,fault2
0.963125,-0.1491318109295966,1.7571674696204147,29.0,71.0,0.0106036625641732,0.0140093767372054,fault2
1.782875,-0.1321121810929996,1.4188073657437963,29.0,71.0,0.0151723649359587,0.0140408620915574,fault2
1.94075,-0.0977040040535066,1.4773153683761766,29.0,71.0,0.0162783053730314,0.0153194610458206,fault2
1.744125,-0.1230737388024951,1.4130869879341057,29.0,71.0,0.014414125493937,0.0152706354440999,fault2
1.0025,-0.1357767280177541,1.460941653223491,29.0,71.0,0.013830051834065,0.0103518901242319,fault2
1.41375,-0.1572916216359026,1.6539159604326803,29.0,71.0,0.0103664232923501,0.0204834153974829,fault2
2.017375,0.0385231927314313,1.4603516176201603,29.0,70.0,0.0176658432122614,0.0138377394074804,fault2
1.32725,-0.1398657532857043,1.4273910042627744,29.0,70.0,0.0157775579729108,0.013882882973795,fault2
2.303125,-0.1527811919665953,1.5714813639435952,29.0,70.0,0.0151639756677537,0.0150827326304956,fault2
2.13025,-0.1245581651306937,1.648403886494771,29.0,70.0,0.0149693023778993,0.0191741268135938,fault2
1.60375,-0.0979715204281631,1.4385759379833192,29.0,71.0,0.0211575584640183,0.0133276153232095,fault2
1.236375,-0.1255806411192155,1.5549987847260205,29.0,71.0,0.0135247386522995,0.015371574274462,fault2
2.306375,-0.1475749312975457,1.5374258651771229,29.0,71.0,0.0157666935072479,0.0158741196889636,fault2
1.08225,-0.1593996901107726,1.5702247800762938,29.0,71.0,0.0165399056916124,0.0157474094563849,fault2
1.448,-0.1241637994657978,1.7144769531970738,29.0,71.0,0.0161480488571206,0.0133944511933549,fault2
1.70175,-0.202014730036323,1.6126827626503584,29.0,71.0,0.0130372859214769,0.0139821893941899,fault2
1.41425,-0.1594246485799825,1.6003496822972036,29.0,71.0,0.0139550924696886,0.0167814684284075,fault2
1.021125,-0.1407210744383502,1.4451816145960936,29.0,71.0,0.0163988788561102,0.0154706667332523,fault2
1.402625,-0.1328676798257599,1.4420035818768897,29.0,71.0,0.0165016568770532,0.0141220067188017,fault2
2.188,-0.1710403732703439,1.7223866734695217,29.0,71.0,0.0127262933591409,0.0117066228754288,fault2
1.0735,-0.1587408490286883,1.4886901127136798,29.0,71.0,0.0142843141627099,0.0171264938838331,fault2
1.4495,-0.136960264647656,1.5561385593264974,29.0,71.0,0.0173031186804522,0.021413651528242,fault2
1.11725,-0.1913619390465299,1.442678817981588,29.0,71.0,0.0247972277251222,0.0131006093570028,fault2
2.262625,-0.1391024250542916,1.722702145260049,29.0,71.0,0.0124891678649038,0.0171230886422776,fault2
1.89325,-0.1800955014771776,1.5312575702392437,29.0,71.0,0.0141563992758908,0.0148238327921189,fault2
1.501375,-0.1379408922846876,1.7037277484753035,29.0,71.0,0.0157928584686552,0.0148152199454491,fault2
1.90775,-0.1149104975807424,1.5458361413032944,29.0,71.0,0.0159840264866894,0.0138348347103353,fault2
0.952625,-0.1239136589539601,1.712949074261928,29.0,71.0,0.013231126215548,0.0148447023814747,fault2
1.0045,-0.1432443564484165,1.555683433450994,29.0,71.0,0.0115514565348101,0.0189606049652217,fault2
2.191875,-0.16178490659783,1.598139842484047,29.0,71.0,0.018918153936485,0.0123603634067892,fault2
1.979,-0.1689748993828937,1.5031222081714095,29.0,71.0,0.0128937246680531,0.0175448180511911,fault2
0.927625,-0.1355905840350943,1.748114505595497,29.0,71.0,0.0172946017931467,0.0128167907152026,fault2
2.207625,-0.0979598356078409,1.6251644916013284,29.0,71.0,0.0138415777627007,0.020370897377566,fault2
1.104875,-0.1328342624733823,1.675561429096086,29.0,70.0,0.0196209147835719,0.0133674579493079,fault2
0.936125,-0.0117619190689533,1.694076230222029,29.0,70.0,0.0162979078532441,0.0169629410961575,fault2
2.183125,-0.1721726388690647,1.7701151892844738,29.0,70.0,0.015339747721148,0.0161927373253767,fault2
2.285,-0.1768270915844127,1.6526143866948806,29.0,70.0,0.0160579617606761,0.0191982991516588,fault2
1.0085,-0.1342594084516409,1.5779868279864573,29.0,70.0,0.0198587933185879,0.0124834356442011,fault2
1.268625,-0.1385322189150447,1.5444636198308246,29.0,70.0,0.0110858907286247,0.016312686907545,fault2
1.02325,-0.0899544018822552,1.5767957472062908,29.0,70.0,0.0163983226337858,0.0128983850537102,fault2
1.33875,-0.1720257408802698,1.4867564822543873,29.0,71.0,0.0137816575635918,0.0168971946883883,fault2
1.084625,-0.124757721406358,1.6319760029711567,29.0,71.0,0.0192385672457069,0.0131462155023276,fault2
1.879,-0.1648805271343581,1.603397706098432,29.0,71.0,0.0129180800799595,0.0137841908824843,fault2
0.917625,-0.1665304268467777,1.7002188740633766,29.0,71.0,0.0152032793054683,0.0158800764260578,fault2
1.762875,-0.1638891018864243,1.7279435988200726,29.0,71.0,0.0159578824649511,0.0110509021092751,fault2
1.288625,-0.1560198045511159,1.6238331542899138,29.0,71.0,0.0110988675852736,0.0159096921787429,fault2
1.9355,-0.1668195734862612,1.5594661197410071,29.0,71.0,0.0126340191387127,0.0136525726235544,fault2
2.07075,-0.1626941159208631,1.5821348178236387,29.0,71.0,0.0115792126091795,0.0215041194545204,fault2
0.912875,-0.1503059145620434,1.5513750114853253,29.0,71.0,0.0206253617052648,0.0145538485599392,fault2
1.684875,-0.1114411989307448,1.4749006365644388,29.0,71.0,0.0147034284846147,0.0148045129389874,fault2
2.024375,-0.1739726174870014,1.6945346878790104,29.0,69.0,0.0010097244439245,0.0185492140806112,fault2
1.19725,-0.1267030809145217,1.7548266719496566,29.0,70.0,,0.0152376999818298,fault2
2.22875,-0.1293232700913436,1.7595785045629524,29.0,70.0,0.0153405511052006,0.0159045678510508,fault2
0.925625,-0.1234375835555638,1.7398854537151194,29.0,70.0,0.0155571574781254,0.0183400192654818,fault2
2.2945,-0.1026788483439427,1.4036333527569247,29.0,70.0,0.0174853942535479,0.0177978825876302,fault2
0.947375,-0.1033104387081207,1.4219451939457362,29.0,71.0,0.0156727354777854,0.0128796226290725,fault2
2.048125,-0.1402446264224631,1.5709544243836493,29.0,71.0,0.0131450293240035,0.0146612158450921,fault2
1.98825,-0.1942247800153956,1.7015756600024832,29.0,71.0,0.0121893225466176,0.0177324967646921,fault2
1.41525,-0.1277557393946791,1.5691215841404904,29.0,71.0,0.0225890453611667,0.0146787298872507,fault2
2.193875,-0.130482102786353,1.6317480192556368,29.0,71.0,0.0156124437922617,0.0164579075118979,fault2
0.9275,-0.1819397913409625,1.4001188789423418,29.0,71.0,0.0136922721423181,0.0158782232647464,fault2
0.914875,-0.1470528084684939,1.4321740339791733,29.0,71.0,0.0164040859115308,0.0150052287483605,fault2
2.3040000000000003,-0.1120201483983912,1.700236407447516,29.0,71.0,0.0145539492766673,0.0177392357724357,fault2
0.91225,-0.112773262741098,1.738632251304805,29.0,71.0,0.0146558227238547,0.0133925300366732,fault2
1.538625,-0.1886725958490166,1.607887601353828,29.0,71.0,0.0147367441809909,0.0164142514031703,fault2
0.979125,-0.1616585618769737,1.4863910976242598,29.0,71.0,0.0173431040919817,0.0141617901063254,fault2
2.006,-0.1319800609089278,1.675467695815175,29.0,71.0,0.0145765537893522,0.0201153629525389,fault2
1.01025,-0.1276292693241131,1.77665302840976,29.0,70.0,0.0195476112746102,0.0184196191553298,fault2
0.92775,-0.1511324538373488,1.521667737278227,29.0,71.0,0.0182031246794436,0.0143594016677822,fault2
1.798875,-0.1634922749664853,1.5229711641777506,29.0,71.0,0.0134206687757288,0.0154074197739203,fault2
2.298875,0.0,1.7192045513529317,29.0,71.0,0.0152226422233601,0.0166195261699715,fault2
0.97025,-0.1516768430442274,1.736426902749984,29.0,71.0,0.0141523644936109,0.0150364091684986,fault2
1.119625,-0.125330815395939,1.5365333038005309,29.0,71.0,0.0131219279155328,0.0177608345917616,fault2
2.212625,-0.1329625650989894,1.6191199799532416,29.0,71.0,0.0197437712703434,0.0150752624441849,fault2
1.89225,-0.1149031232630089,1.7016691754867466,29.0,71.0,0.015445059229662,0.0152240615779493,fault2
0.99075,-0.1123052492180165,1.4868964306294945,29.0,71.0,0.0152401274985415,0.014815998947212,fault2
1.20025,-0.1313530204852731,1.7304401573597787,29.0,71.0,0.0123060499937827,0.0231155913521533,fault2
0.94825,-0.1502350266374792,1.4977430837310248,29.0,71.0,0.0219066018205034,0.0121053914081545,fault2
0.938125,-0.1370786834066795,1.6401469126387032,29.0,71.0,0.0144270175385788,0.0159249080245494,fault2
2.220375,-0.0802785019962554,1.6115041330108717,29.0,71.0,0.0160816372145246,0.0141050784842483,fault2
1.326125,-0.1095877308766669,1.404040527238869,29.0,71.0,0.0171782176823454,0.01879755483411,fault2
2.306375,-0.1222332835445479,1.7080818194061076,29.0,71.0,0.0154972300875827,0.0126556435108047,fault2
1.19525,-0.1254899519340697,1.7883135774546202,29.0,71.0,0.0140482520845459,0.0162082731053678,fault2
1.943125,0.0076374762797498,1.4434444406631215,29.0,71.0,0.0156770726245584,0.0186020249794439,fault2
1.05325,-0.1656681689333823,1.407950354765085,29.0,71.0,0.0186023360854716,0.0145227617387766,fault2
1.25275,-0.1592479543620381,1.5467971240226412,29.0,71.0,0.0161867784309387,0.0132035752312165,fault2
1.155875,-0.0978597093940128,1.5222251646659,29.0,70.0,0.0131611180037138,0.0143830492701658,fault2
1.475625,0.0022114872103941,1.506552534691551,29.0,70.0,0.0154542299781858,0.0157449085633247,fault2
0.9785,-0.1358044198608971,1.654234455312178,29.0,71.0,0.0184777826302942,0.0175618628262172,fault2
1.866,-0.1568319127362802,1.4183420093551176,29.0,71.0,0.0188004735065395,0.0124359743879543,fault2
2.198,-0.1215377546595131,1.535869363881079,29.0,71.0,0.0118908448180677,0.0153851727614605,fault2
0.920375,-0.1583220074289008,1.460950262793051,29.0,71.0,0.0132703061609554,0.0130774345416084,fault2
1.81925,-0.1285739826012473,1.5580448474461883,29.0,71.0,0.0126756126105184,0.0216908881981335,fault2
2.04425,-0.1706554153357928,1.7763238306070512,29.0,71.0,0.0232608224756238,0.0119025865565327,fault2
1.178375,-0.1575400403173736,1.5794706163534848,29.0,71.0,0.0137153358372386,0.016329165819186,fault2
2.276125,-0.1574070530249212,1.5912565666887564,29.0,71.0,0.0172076091046912,0.013099746263766,fault2
2.150375,-0.1761027072736779,1.6549567811554091,29.0,71.0,0.0153927352021163,0.0191230943243145,fault2
1.15575,-0.1345315160071259,1.6709798025078195,29.0,71.0,0.0170876056691105,0.0125442441061758,fault2
2.26425,-0.1417501719421685,1.407474443822156,29.0,71.0,0.014111626149037,0.0146249730327966,fault2
0.908875,-0.134798069272102,1.4067118215191028,29.0,71.0,0.0161076356027847,0.0168185155520428,fault2
2.306,-0.1500188801951555,1.669372710282223,29.0,71.0,0.0156421612594917,0.0173937058054658,fault2
2.123625,-0.1952625316354807,1.7824616659555936,29.0,71.0,0.0164736423043382,0.012477065088183,fault2
1.778,-0.1729525543433579,1.485347471409896,29.0,71.0,0.0136278728556937,0.011082707218498,fault2
0.965375,-0.0980873418699881,1.6243108092273923,29.0,71.0,0.0120876186217248,0.0196295984962866,fault2
2.113625,-0.1185841155544419,1.6383596451296014,29.0,71.0,0.0152499310214932,0.0173500293083853,fault2
1.014625,-0.094660869713179,1.751103169447139,29.0,71.0,0.0147333705190106,0.0159332161174922,fault2
1.355625,-0.1393499948227602,1.65992624407946,29.0,71.0,0.0160872955446269,0.0129242588698516,fault2
1.14175,-0.1803021289441027,1.6553467073814496,29.0,71.0,0.0145785770543696,0.0156222698329536,fault2
2.153,-0.159959916194137,1.4485191837269191,29.0,71.0,0.0164459341109556,0.0175554832215018,fault2
1.31225,-0.1398101817609066,1.6345036108253437,29.0,70.0,0.0194811415086657,0.0211763113768181,fault2
1.841625,-0.1287886805003791,1.6368596675418543,29.0,70.0,0.0191926364604138,0.0141129452194778,fault2
2.01625,-0.1075134800393587,1.6104687922817114,29.0,70.0,0.0140377700416102,0.0132125966037362,fault2
1.18575,-0.0304084882003633,1.6551012467908723,28.0,69.0,0.0010842465972882,0.0188073349356164,fault2
1.2915,-0.1525839880364108,1.7271569786809755,28.0,70.0,,0.0148254543753954,fault2
1.57325,-0.1535767790042441,1.6865280846538564,28.0,70.0,0.0170461366091764,0.02280493892168,fault2
2.125125,-0.0903262760744766,1.7610805303203614,28.0,71.0,0.0210229713227681,0.0156545147880144,fault2
1.849625,-0.1102887767842533,1.6127089299713968,28.0,71.0,0.0145756976234649,0.0183002013681229,fault2
0.9555,-0.078598432047935,1.7681126041397452,28.0,71.0,0.0201918978371478,0.0191369615021403,fault2
2.0425,-0.0962432526679247,1.7061009033840602,28.0,71.0,0.0177842954331996,0.0161768864096324,fault2
1.744125,-0.0752771750030666,1.7443243595632127,29.0,71.0,0.0174429859752019,0.0125719959011266,fault2
1.15025,-0.1535205802153253,1.6283012037256164,29.0,71.0,0.0151563568578638,0.0201169478812026,fault2
0.929625,-0.1427594626879098,1.7202722264893604,29.0,71.0,0.0196861651529963,0.0153938933208079,fault2
2.20275,-0.1548409736398867,1.4195085562384298,29.0,71.0,0.0172834904327268,0.0152825684447897,fault2
1.17375,-0.1073019202022003,1.7947220258328211,29.0,71.0,0.018202746010566,0.0150705569176228,fault2
1.1685,-0.1313039807443133,1.598499628748543,29.0,71.0,0.0158094320988974,0.0163428081100469,fault2
2.289875,-0.1195542739390283,1.461509591257957,29.0,71.0,0.0172013505639832,0.018425179236808,fault2
1.04575,-0.1020388163829334,1.658120347489212,29.0,71.0,0.0167465479851079,0.0166373547012346,fault2
1.146125,-0.1369256767674247,1.4925962824287686,29.0,71.0,0.01753220348593,0.0151443498647071,fault2
1.811875,-0.1295385849670297,1.464411296925833,29.0,71.0,0.0135784946801263,0.0158908170999738,fault2
2.125125,-0.0993438892033323,1.7593251595149724,29.0,71.0,0.0184615216005367,0.0119362728798422,fault2
1.922625,-0.1009843792455822,1.589108538437633,29.0,71.0,0.0148206357693143,0.0179062426179184,fault2
1.151875,-0.1027022327547939,1.6555795992537674,29.0,71.0,0.0206197360937481,0.0180722910880624,fault2
2.29,-0.095786889342181,1.4110847441443397,29.0,71.0,0.0161735508856022,0.0174995559159023,fault2
1.33925,-0.1643646070404482,1.504597387713684,29.0,71.0,0.0153920555849392,0.0150364710950725,fault2
1.062625,-0.1191941941737678,1.584074464686455,29.0,71.0,0.014482034741301,0.0186395272954053,fault2
2.3105,-0.1456443774418719,1.7606072875104015,29.0,71.0,0.0197759316944828,0.0174005803090252,fault2
1.051125,-0.1075521676113687,1.4234897576075602,29.0,71.0,0.0160699572450662,0.0165737272912225,fault2
0.941125,-0.1094306764206434,1.6814159764922647,29.0,70.0,0.0162428747477951,0.0159474178623888,fault2
1.002375,-0.1270335157157613,1.6307469015657936,29.0,71.0,0.0160323168798889,0.0174556033703599,fault2
1.241375,-0.115925049562408,1.652164498705384,29.0,71.0,0.0192826140585183,0.0203085682349283,fault2
2.205625,-0.1207190209307807,1.585299809682261,29.0,71.0,0.0211140476418712,0.014227714375385,fault2
1.9645,-0.1387333787134471,1.6800699037708275,29.0,71.0,0.0160676091081006,0.0204565843807416,fault2
2.304125,-0.1250415455782585,1.54283700967446,29.0,71.0,0.0197566890101989,0.0138388404549107,fault2
0.93575,0.0468721259781596,1.723551796866269,29.0,71.0,0.0158487184611611,0.0157031527825482,fault2
1.133375,-0.1180894463205163,1.6798560266903704,29.0,71.0,0.0144219462883721,0.01776530158187,fault2
2.224125,-0.0975436315803776,1.6116267845175514,29.0,71.0,0.018657862485945,0.0175322405839055,fault2
1.868625,-0.1157578205124937,1.4733172371982053,29.0,70.0,0.0170593334527111,0.0193385174726103,fault2
1.717125,-0.0084321454581525,1.6046477994647594,29.0,71.0,0.014796045439716,0.0172440380759509,fault2
1.849375,-0.1354411274315888,1.6801999158613017,29.0,71.0,0.0181709266830787,0.0179594159570244,fault2
2.2595,-0.143236028993945,1.4332101438456053,29.0,71.0,0.0162043408069797,0.0134553877827602,fault2
1.19775,-0.1246344047492547,1.7960054977769533,29.0,71.0,0.0127857641581951,0.0169709192597621,fault2
2.283,-0.1453265245263752,1.6696650705343974,29.0,70.0,0.0172334745597457,0.0165593223280469,fault2
2.19275,-0.1167764464557164,1.4170605730317771,29.0,71.0,0.017547484844664,0.0152406700502046,fault2
1.029375,-0.1487007991505069,1.612034305994669,29.0,71.0,0.016575950136331,0.021178620251826,fault2
2.264625,-0.1307292000608548,1.4389242122871624,29.0,71.0,0.0250466903316065,0.0145163982342506,fault2
1.79,-0.1400286132606847,1.7127139604303905,29.0,71.0,0.0120967730452622,0.0187478849727713,fault2
0.921875,-0.1302426651110568,1.7776847873424515,29.0,71.0,0.0169555598771435,0.0164154642228762,fault2
1.852625,-0.0841583609673674,1.4241664546088113,29.0,71.0,0.0164994399237441,0.0247933948320298,fault2
2.031625,-0.1086904119094473,1.7307894651928897,29.0,71.0,0.018275027414112,0.0123636498978759,fault2
0.939375,-0.1568973636349551,1.4660277901734684,29.0,71.0,0.0130320325808658,0.0199164524922762,fault2
2.07075,-0.1120411152996633,1.5716844210735597,29.0,71.0,0.0204728225336119,0.0162645572987683,fault2
1.30375,-0.1312776505925529,1.643927859848067,29.0,71.0,0.015614356329013,0.0213526370161323,fault2
1.689,-0.0953195826177003,1.447560066442355,29.0,70.0,0.0193658563354927,0.0127483797727078,fault2
2.194375,-0.1380321449915224,1.6205172813421471,29.0,71.0,0.0130706045083802,0.0176187264726921,fault2
0.93775,-0.1485253765930665,1.530093978216151,29.0,71.0,0.0183100768271289,0.0153973292571762,fault2
1.071625,-0.1820409546652037,1.6311022690242178,29.0,71.0,0.0162625238763788,0.0164047575281665,fault2
1.4605,-0.1270368156395047,1.6633982993667409,29.0,71.0,0.0171218866946505,0.0132759855004075,fault2
2.1975,-0.135967287087779,1.4643544945782017,29.0,70.0,0.0123888947770969,0.0145392757897379,fault2
2.305875,-0.147577669535589,1.463861534353994,29.0,71.0,0.0128189431123305,0.0214912307050838,fault2
1.112625,-0.1227824225517303,1.5757628691378471,29.0,71.0,0.0183163134848651,0.0161641930093622,fault2
1.800625,-0.0780938103014177,1.7987364108059911,29.0,69.0,0.0019970580646197,0.0127146112158208,fault2
0.9165,-0.1441805342647861,1.495729132787196,29.0,70.0,,0.0134820651210383,fault2
2.134,-0.1511887608662559,1.6854156961101685,29.0,70.0,0.014424341619897,0.0116633841255794,fault2
1.992875,-0.1058648120891726,1.7812388769238052,29.0,70.0,0.0099015430593773,0.0146436360522789,fault2
1.2145,-0.2147012944956146,1.461238190409982,29.0,71.0,0.0162686411181255,0.0157412887851771,fault2
2.237,-0.1490140061124514,1.7801520786284848,29.0,71.0,0.0121649736645182,0.0181301189199165,fault2
1.79725,-0.1617448637973795,1.5404027013387636,29.0,71.0,0.0184599457528813,0.0105683548219994,fault2
2.219,-0.1624635488001405,1.789667530212931,29.0,71.0,0.0118680373364307,0.0166606116904345,fault2
2.20425,-0.160695330393223,1.7427992294751502,29.0,71.0,0.0136046813673138,0.0134624507513136,fault2
0.945375,-0.1421658105395825,1.7467124371966445,29.0,71.0,0.0136849049372735,0.0153772892425841,fault2
2.302875,-0.114792232449892,1.5771313662211397,29.0,71.0,0.017533323057342,0.013898118700818,fault2
1.995875,-0.1635651729594139,1.7572734099208944,29.0,71.0,0.0149527096664571,0.0114033478726362,fault2
1.641625,-0.174482586545839,1.62645923139298,29.0,71.0,0.0112531369751497,0.0146671468678415,fault2
1.358125,-0.1481209515488734,1.723254150902603,29.0,71.0,0.0174065707139896,0.0152146956723992,fault2
1.535,-0.1325083117749284,1.695521766024473,29.0,70.0,0.0138588632373215,0.0121010474507938,fault2
2.01375,-0.1344188358557394,1.6980169737026305,29.0,71.0,0.0146382154976489,0.0143378618198289,fault2
2.257125,-0.1895760622290856,1.7706847919188389,29.0,71.0,0.0147120925975886,0.0137471302836249,fault2
0.949125,-0.1556041503046214,1.5974092005813572,29.0,71.0,0.0124092826342122,0.0126956432846525,fault2
2.193625,-0.16680253306319,1.5564768945445058,29.0,71.0,0.010795328655557,0.0180916370699535,fault2
2.1445,-0.0863596814907564,1.6521247904080494,29.0,71.0,0.0153234706927957,0.0142638601209193,fault2
0.95725,-0.1560314610414623,1.6709793274806213,29.0,71.0,0.0119887391841169,0.014350010152136,fault2
2.100375,-0.1144438770555596,1.7134054127267293,29.0,71.0,0.0149038510013048,0.011662319190882,fault2
2.01975,-0.0876248800686541,1.7814772443731952,29.0,71.0,0.0129654258167293,0.0183446705186504,fault2
1.6285,-0.1868052176963779,1.7960580297424933,29.0,71.0,0.0174873542762684,0.0136235651932977,fault2
1.1235,-0.1456109140297217,1.7496645357442362,29.0,71.0,0.0151637670402873,0.0131991981312611,fault2
1.927625,-0.1201608808980483,1.64768720294027,29.0,71.0,0.0119142072877708,0.0106795608199436,fault2
1.236375,-0.1122733699339538,1.5996257852640434,29.0,71.0,0.0127086661308476,0.0122439974581662,fault2
0.9185,-0.1130651824685204,1.4124161784505391,29.0,70.0,0.0140319997321146,0.0108015815915775,fault2
1.529875,0.0133425834449061,1.6142297231101133,29.0,71.0,0.0111263786056489,0.0161233263544558,fault2
1.234,-0.1474643639686928,1.4310775509074425,29.0,71.0,0.0176285861840567,0.0147358395635707,fault2
2.174375,0.0547822693142724,1.5187951123775127,29.0,71.0,0.0164237674609124,0.025378257463042,fault2
1.2655,-0.1547115688355121,1.57651826237098,29.0,71.0,0.0250301734578909,0.0123263913452448,fault2
1.05575,-0.1639874799760894,1.4709447987919633,29.0,71.0,0.0108777525516325,0.0119752328612534,fault2
2.091,-0.1653657309110466,1.5306579632483397,29.0,71.0,0.0108296134298087,0.0148077998988541,fault2
1.335875,-0.1343387503340232,1.420070043725848,29.0,71.0,0.0146103022567474,0.0149860103206623,fault2
1.1515,-0.1653464310537058,1.4853052558387976,29.0,71.0,0.0145571582886849,0.0156384881478077,fault2
2.047,-0.1539885395455169,1.5934133363606575,29.0,71.0,0.0148279892382558,0.01292963982742,fault2
1.864,-0.1283183886899765,1.7539522890845043,29.0,71.0,0.013790171509127,0.0116968131154673,fault2
1.101625,-0.1842724476697457,1.5534839287974316,29.0,71.0,0.0143586915501712,0.0157445255340037,fault2
2.023,-0.1611078349628823,1.4749628953625722,29.0,71.0,0.015751309100238,0.0117376714903281,fault2
1.395875,-0.1532892821674875,1.6116381631534575,29.0,71.0,0.0102065718261087,0.0128389998875975,fault2
2.278625,-0.149025147383352,1.7138691131353307,29.0,71.0,0.0107177956472951,0.0126643042741806,fault2
1.499,-0.1606899506217164,1.549492143883688,29.0,71.0,0.0119137815319218,0.0220978656818235,fault2
0.97825,-0.1301708161523826,1.4651997072732577,29.0,71.0,0.0202092836886748,0.0109558107352038,fault2
2.149875,-0.1629950222687856,1.4248854969141596,29.0,71.0,0.0123815794581914,0.0119646637787775,fault2
1.180375,-0.1176316479309525,1.600046352318006,29.0,71.0,0.0146286970802292,0.0163121757727113,fault2
1.0285,-0.1027541076834088,1.7377434628307562,29.0,71.0,0.0131147392028223,0.013255503321784,fault2
2.15475,-0.140490763132268,1.5885315463484295,29.0,71.0,0.0148488337469136,0.0157260498539215,fault2
1.4625,-0.1776588182847621,1.5804063790684335,29.0,71.0,0.0148522801140819,0.0139200581403616,fault2
2.291125,-0.1652866327519055,1.515740342352534,29.0,71.0,0.0129450588743359,0.0153577051992422,fault2
2.2865,-0.1446319257509689,1.7448098225169244,29.0,70.0,0.013279433861639,0.012257879915046,fault2
1.240625,-0.1436989530756208,1.5609146303239598,29.0,70.0,0.0112944469188151,0.0124078426753542,fault2
1.07875,-0.1738298995719371,1.542026338716962,29.0,70.0,0.0108256411121367,0.0103919184561684,fault2
1.047625,-0.1534375081566783,1.748595997560089,29.0,70.0,0.0134069068444166,0.0141935576173784,fault2
1.596125,-0.1459962794631943,1.4184698180988196,29.0,70.0,0.0149241900817234,0.0099864870601717,fault2
1.75075,-0.1278929424099794,1.7836708139576676,29.0,70.0,0.0113983596409248,0.0131245470793134,fault2
0.983125,-0.141409343643779,1.5665090156101231,29.0,70.0,0.0158539807019477,0.0106265279041482,fault2
1.021,-0.1588936873852527,1.4148944522411038,29.0,70.0,0.0109713469154143,0.0123375604391251,fault2
1.3305,-0.1416257095978811,1.451989651941332,29.0,70.0,0.0128327067917397,0.0102465573832631,fault2
2.038375,0.0455675844395263,1.626701166245312,29.0,70.0,0.0110093458729205,0.0164600441142535,fault2
2.299125,-0.1566707839203102,1.4950994879643342,29.0,70.0,0.014941505430854,0.0105752974007556,fault2
2.23475,-0.1644573294002214,1.43345296916143,29.0,70.0,0.0117736662233008,0.0152424717090301,fault2
1.664,-0.1736290704625553,1.4505378107806068,29.0,70.0,0.0137135875087357,0.0121695387854241,fault2
1.274125,0.0113880000066024,1.6559478934814469,28.0,69.0,0.0013882635954315,0.0166152070457968,fault2
2.243125,-0.1320400725896833,1.502845130208002,28.0,69.0,,0.0153895247082084,fault2
1.156125,-0.1390727540382307,1.7234249975345215,28.0,70.0,0.015799317126039,0.022345424404178,fault2
1.19075,-0.1523821491148036,1.722951007237744,28.0,70.0,0.02270578975323,0.0163004146352843,fault2
0.9435,-0.1576775140111971,1.6486759777282016,28.0,70.0,0.0159191320507766,0.0185376698322537,fault2
1.551,-0.1357968087239567,1.7007869918810736,28.0,70.0,0.0172709994866682,0.014225735278154,fault2
2.110125,-0.14626545739288,1.791991653939553,28.0,70.0,0.0165457601680633,0.0242685191627857,fault2
1.3975,-0.1208651936135138,1.6469889355958198,28.0,70.0,0.0200105002623795,0.0161420756211778,fault2
0.9175,-0.1411829928802643,1.4625098425325778,28.0,71.0,0.0146991200017987,0.0183196088952624,fault2
2.045125,-0.1391667461146834,1.7698966267068197,28.0,71.0,0.0208034626342416,0.0172583629553288,fault2
0.96525,-0.1030191362585109,1.6366111917023138,28.0,71.0,0.0182149939027421,0.0237862082262721,fault2
2.1982500000000003,-0.1581833661884638,1.6112927428382269,28.0,71.0,0.0204989384136647,0.016798965474865,fault2
1.714,-0.1269257613203661,1.614047450385414,28.0,71.0,0.013860941701013,0.01690499132456,fault2
1.518875,-0.1374996748437995,1.5415892358225978,28.0,71.0,0.0177482090483727,0.0140001041931297,fault2
1.37,-0.1087943803933212,1.435527978507304,28.0,71.0,0.0156223233458256,0.0206002129755216,fault2
0.91,-0.0799648893510795,1.7417264432927049,28.0,70.0,0.0222708971764513,0.0189626315646593,fault2
1.1595,-0.1769333227303579,1.7866120116116355,28.0,70.0,0.0198051313700571,0.0203158635228726,fault2
1.804375,-0.1436347534771615,1.431939048088639,28.0,71.0,0.0194504728563606,0.0193185225485808,fault2
1.483875,-0.1820044231789017,1.6605816135663034,29.0,71.0,0.0155415156608037,0.0149213766498541,fault2
0.993125,-0.1392355033717044,1.4490749500844184,29.0,71.0,0.0148792873746171,0.0155118368896768,fault2
2.29125,-0.1398420258493466,1.7695810944536845,29.0,71.0,0.0167659347155614,0.0186348199917351,fault2
1.828375,-0.1587681102411021,1.7843442169943955,29.0,71.0,0.0199674592663063,0.0190192687945767,fault2
0.926875,-0.0919904644966708,1.725481051603867,29.0,71.0,0.0182662606421193,0.0177954036446845,fault2
1.322375,-0.1598889364732596,1.4300935370133825,29.0,71.0,0.0170371209005112,0.0211365537420491,fault2
1.90475,-0.1081345525217795,1.5242849123618478,29.0,71.0,0.0197455358004122,0.0140751644356951,fault2
2.29125,-0.1590738163392679,1.5227284736989912,29.0,71.0,0.0178072504265075,0.0194389424332156,fault2
0.9125,-0.0815203396935033,1.583207817192707,29.0,71.0,0.0181433146828025,0.0182452258612487,fault2
2.2455,-0.1076069972521135,1.7191111414910694,29.0,71.0,0.0203296457430405,0.0175426266573455,fault2
2.2725,-0.1194884552830258,1.4294403038033128,29.0,71.0,0.0172269737658808,0.0165303083247898,fault2
0.9295,-0.1462002827171989,1.411651374392913,29.0,71.0,0.0157115265401988,0.0161051553038394,fault2
1.4115,-0.1937402523888726,1.6042909705486577,29.0,71.0,0.0169597630072012,0.0154723303271905,fault2
2.207125,-0.1505520779931834,1.6228931360011842,29.0,71.0,0.0156878730273421,0.0181654169507164,fault2
1.374375,-0.1048553458441835,1.7842476299483532,29.0,71.0,0.0173951837604001,0.0166961133800152,fault2
1.618875,-0.145845407163532,1.7418859982022863,29.0,71.0,0.0167003764926583,0.0174501302692739,fault2
0.944125,-0.1396521997524492,1.5266826617511022,29.0,71.0,0.0152891247110789,0.0181303538355481,fault2
2.23425,-0.0975161138691753,1.5249904527931886,29.0,71.0,0.0161782328666347,0.0182847946443818,fault2
1.4545,-0.1203049097129171,1.52902925836461,29.0,71.0,0.0177177319153163,0.01799251731573,fault2
0.917875,-0.1852073830431955,1.5374193035841663,29.0,71.0,0.0163664669302355,0.0180680270808905,fault2
2.174125,-0.1351690004825427,1.5910405020947012,29.0,71.0,0.0158948997541901,0.0196208463153612,fault2
0.92525,-0.148139891759136,1.542346160712992,29.0,71.0,0.017472604238873,0.0149069063913634,fault2
2.122,-0.1378031429275206,1.6800843010441753,29.0,71.0,0.0168243989532077,0.0170138580015706,fault2
0.935625,-0.1031916161456075,1.4726889625823851,29.0,71.0,0.0143862265217734,0.0165310052943979,fault2
1.79925,-0.129795341427066,1.794649362710641,29.0,70.0,0.0152234869643379,0.0144615685095895,fault2
0.94,-0.12262083964056,1.511935963592152,29.0,70.0,0.0139098448779967,0.0248104629514854,fault2
1.771875,-0.118163223010626,1.6517559320903286,29.0,70.0,0.0239705385227483,0.0178568872831622,fault2
2.1685,-0.1266171115287965,1.715321041161992,29.0,70.0,0.0189128328378435,0.0224763431351287,fault2
1.168,-0.1645812694251923,1.401453082975388,29.0,70.0,0.0173246819873882,0.0169186837168646,fault2
2.212,-0.1292834017991272,1.6055720023449414,29.0,71.0,0.0173520616778871,0.0210723917410833,fault2
0.91375,-0.1141709258460234,1.6321592507057698,29.0,71.0,0.0200671478302757,0.018893043783373,fault2
0.91925,-0.1848133124180563,1.7631802330352124,29.0,71.0,0.0208471811563962,0.015677660732905,fault2
2.174125,-0.1299240086027289,1.797088092874544,29.0,71.0,0.0161958605593695,0.0161798660094037,fault2
1.618875,-0.1251228204751439,1.6959862889239474,29.0,71.0,0.0151877983781812,0.0221593647507521,fault2
2.25225,-0.1258460578974727,1.6942785569882504,29.0,71.0,0.0175051120991577,0.0168257917878951,fault2
0.92025,-0.1455257010248994,1.7491669502758906,29.0,71.0,0.0171798142840939,0.0199127040485247,fault2
1.949875,-0.1438303668080722,1.590165467895556,29.0,71.0,0.0177830403424439,0.0172609164909283,fault2
0.944875,-0.1410935338119817,1.5966704178490392,29.0,71.0,0.018262551428943,0.0252264195907245,fault2
2.06775,-0.1742765366963369,1.4432352061811915,29.0,71.0,0.0226384080093455,0.0155764802273402,fault2
2.231875,-0.1385239795975553,1.4499971932385696,29.0,71.0,0.0141047764867263,0.0171670724103178,fault2
1.16125,-0.1507328309562583,1.7986767620004966,29.0,71.0,0.0177726937287226,0.0153657220305176,fault2
1.38975,-0.1016416867908049,1.6521760742542622,29.0,71.0,0.0130730490645307,0.0191504296440905,fault2
2.033625,-0.09746869978608,1.4188021215748574,29.0,71.0,0.0222263261019441,0.0151295730451462,fault2
0.91275,-0.128943934008608,1.771723678812992,29.0,71.0,0.0126308734658367,0.0180038955331566,fault2
1.854625,-0.1262695254141594,1.4338856112748064,29.0,71.0,0.0173518238434074,0.0142006763749438,fault2
2.308375,-0.1352749414382531,1.526412989682375,29.0,70.0,0.0151449027145893,0.0157693897131513,fault2
1.80475,-0.0735172755971996,1.460919171895897,29.0,70.0,0.0143146607583019,0.0182512437896139,fault2
1.14875,-0.1544235029473807,1.4659533248157457,29.0,69.0,0.0016782135130098,0.0188433504433759,fault2
1.668875,-0.0936683789997567,1.4205584288782296,29.0,70.0,,0.014137330881484,fault2
2.258625,-0.0857179098413278,1.7035419856860703,29.0,70.0,0.0132401001834408,0.0158820539994469,fault2
1.24675,-0.0918283421973002,1.7228095442753526,29.0,70.0,0.0164478713163955,0.0199702825169573,fault2
1.006375,-0.213964131656807,1.512396644604362,29.0,70.0,0.0156426153571446,0.0147864445818425,fault2
1.803,-0.148310305736475,1.633535253097392,29.0,71.0,0.0146160323017477,0.012455663375302,fault2
1.284,-0.1522367705253929,1.5557081878926162,29.0,71.0,0.014982986463843,0.0136291420229229,fault2
1.09625,-0.1095568431560296,1.4166733177846265,29.0,71.0,0.0172083868779818,0.018946365578873,fault2
2.0455,-0.0888643207893057,1.6473771525331895,29.0,71.0,0.0192021706549386,0.012667560895935,fault2
2.2411250000000003,-0.1263563777733268,1.5520308548619317,29.0,71.0,0.0131086497530054,0.0173969895459289,fault2
0.947125,-0.1371539950340471,1.6807641942319498,29.0,71.0,0.0155716122759374,0.0150140781419584,fault2
1.59125,-0.1419190466417928,1.5392871467660252,29.0,71.0,0.0171209211958993,0.0187203523804894,fault2
1.809,-0.1447320379780972,1.46392523251984,29.0,70.0,0.0245822912495719,0.018322827001049,fault2
0.908875,-0.0943729532767938,1.6147124392498236,29.0,70.0,0.0190861569113201,0.0125478252858123,fault2
0.9785,-0.1336916578513983,1.7099838622075818,29.0,70.0,0.0140090029114308,0.017366579881936,fault2
2.140125,-0.101606933486927,1.7837907469705394,29.0,70.0,0.0194086064761266,0.01377802482568,fault2
2.022,-0.1451323409014691,1.5960147597021286,29.0,70.0,0.0139324202232892,0.0187301718633658,fault2
0.908,-0.1241626393773675,1.562993686911113,29.0,71.0,0.0188736200948961,0.0122266518119181,fault2
1.2455,-0.1331756748309752,1.6036461053932032,29.0,71.0,0.0136609161650797,0.0179867871018234,fault2
2.138875,-0.1005493717649576,1.781267248306026,29.0,71.0,0.02011656291654,0.0175389401112396,fault2
0.941,-0.1459931408667118,1.7358468151095154,29.0,71.0,0.0172528498032227,0.020072053739832,fault2
1.266625,-0.1667504514870808,1.7686387854631416,29.0,71.0,0.0153113616914717,0.018418417634292,fault2
2.1315,-0.1359327965228221,1.455004654006003,29.0,71.0,0.0149009317843684,0.0175238584778327,fault2
1.909,-0.1355408619769249,1.662295017031875,29.0,71.0,0.0144173598814428,0.017668409069713,fault2
1.232625,-0.1471960518921728,1.7973353618955998,29.0,70.0,0.0168575333517434,0.0165974999630869,fault2
2.2763750000000003,-0.1570811997174104,1.5216249706138472,29.0,70.0,0.0162921838092092,0.0155567736301683,fault2
1.565875,-0.1136770262176244,1.4910194892924844,29.0,70.0,0.0147985836345412,0.0156817048802004,fault2
1.291125,-0.1143900305490358,1.733019934322709,29.0,70.0,0.0166366325982756,0.0203192886549249,fault2
2.3005,-0.1529601872350695,1.7181178720638282,29.0,70.0,0.0197359200848245,0.0140396547086519,fault2
1.668,-0.1396429342426655,1.4804995426129175,29.0,70.0,0.0142897087488943,0.0188162579383525,fault2
1.34775,-0.1376038516623525,1.420352646081027,29.0,70.0,0.0174996659326283,0.0135423930345911,fault2
1.631,-0.1226074107530228,1.4666576536337108,29.0,70.0,0.0149323517788958,0.0204858726205137,fault2
0.9155,-0.1480612911602326,1.6091899602989357,29.0,70.0,0.0208784452961364,0.0143524130888595,fault2
1.077125,-0.1556682888997293,1.5598536022757272,29.0,70.0,0.0134013319209586,0.0171011681100196,fault2
2.242125,-0.1540699837949515,1.7940492917042912,29.0,70.0,0.0175620810685986,0.0176117378831265,fault2
0.914625,-0.1315763794436431,1.5026048156536569,29.0,70.0,0.0158258780646367,0.0205740453370806,fault2
1.638625,-0.1212182676088732,1.7009285872954063,29.0,70.0,0.0193212444285892,0.012924434621213,fault2
1.337875,-0.1340777229203025,1.782477618089216,29.0,70.0,0.0150491346499956,0.0161571802067269,fault2
1.984,-0.0976021235165388,1.4192962660020825,29.0,70.0,0.0162535035543041,0.0182507498728955,fault2
1.482125,-0.144171740874896,1.6836346311870782,29.0,70.0,0.0150456969925086,0.0153410197491935,fault2
1.202,-0.0603756540434285,1.670642651868067,29.0,70.0,0.0180171867151384,0.0146033548052397,fault2
2.146125,-0.1022573823366761,1.623967686343364,29.0,70.0,0.0120770764811011,0.011689014528717,fault2
2.128,0.0262759642672516,1.4696932417087527,29.0,70.0,0.0119663971484703,0.0159214579192681,fault2
1.46175,-0.1390911749861876,1.495924306229249,29.0,70.0,0.0174291963733403,0.0178948998738184,fault2
0.991,-0.1190242084362775,1.6563076166610504,29.0,70.0,0.0130069079721811,0.0143006827314324,fault2
2.143875,-0.1428401824575883,1.4913153219491224,29.0,70.0,0.0173199521388646,0.0122206248327582,fault2
1.7815,-0.1505245637749619,1.416190065512979,29.0,70.0,0.0121165225274801,0.0204587119475721,fault2
0.93425,-0.1407320431262657,1.6333842167964103,29.0,70.0,0.0204541683556219,0.019079666498535,fault2
2.278,-0.1308546286946432,1.5535945417446275,29.0,70.0,0.016608825085833,0.0172975422709974,fault2
1.81125,-0.2080864088488937,1.4049935814804946,29.0,70.0,0.0155096554542156,0.0150685394683048,fault2
1.201625,-0.1203013950269543,1.5039036518453923,29.0,70.0,0.0144677071695063,0.0185120204906348,fault2
2.307875,-0.1475387938427768,1.7285691757604678,29.0,70.0,0.0142491735824036,0.0170268787585623,fault2
1.1015,-0.1417340433605005,1.7212916404537728,29.0,70.0,0.0177615304599358,0.0139647172065944,fault2
2.30925,-0.1553398852210129,1.4408912274454766,29.0,70.0,0.0115911532578494,0.0185557257912779,fault2
2.019375,-0.1638804092524947,1.7550781751460671,29.0,70.0,0.0150552046177623,0.0177861178541772,fault2
2.294125,-0.1358533319961173,1.4838823047378984,29.0,70.0,0.0149768119208365,0.0151927592623986,fault2
1.22625,-0.157397788296053,1.6375877434323802,29.0,70.0,0.0132846084988904,0.0160474307169055,fault2
0.92275,-0.0999503077070751,1.7619736822524588,29.0,70.0,0.0195954445256265,0.0172511893602492,fault2
1.664375,-0.1255048007960161,1.7364175463497669,29.0,70.0,0.0168810159365432,0.0135889681138294,fault2
1.264125,-0.1328479941851691,1.4882121899239462,29.0,70.0,0.0146148121513015,0.0153823362841498,fault2
1.433,-0.1221231423419695,1.7049229966089936,29.0,70.0,0.0148383314788631,0.0171766508811602,fault2
1.96875,0.014456926599369,1.719629036895107,29.0,69.0,0.0169507785446414,0.0134061672169645,fault2
1.98725,-0.1355128743242884,1.664918096487989,29.0,70.0,0.0153021591272,0.0190306673285837,fault2
1.562375,-0.0442452319171833,1.6259344743137023,28.0,69.0,0.0014772074951089,0.0106783101224424,fault2
2.056625,-0.15726613879836,1.5816507335018746,28.0,69.0,,0.0124896799915251,fault2
1.492,-0.123790929809699,1.559315079942575,28.0,70.0,,0.0117054624383627,fault2
1.061375,-0.1206571706415289,1.531472071577454,28.0,70.0,0.0120664882635044,0.014576490295097,fault2
2.30875,-0.1501652425907266,1.4869661930500704,28.0,70.0,0.0134201533772588,0.0122352440006274,fault2
1.58925,-0.1703726041310364,1.5844205569283614,28.0,70.0,0.0145535397389093,0.0116471191374186,fault2
1.12925,-0.1233102441655192,1.7618919388752567,28.0,70.0,0.009983597008167,0.0130626203928967,fault2
2.303375,-0.038854884798014,1.785206374902222,28.0,70.0,0.014635717899086,0.0124864609218664,fault2
1.179125,-0.0916567639592883,1.7983802654748744,28.0,70.0,0.0129122921254893,0.0113818341114507,fault2
2.300875,-0.1267398194117877,1.4134904796707022,28.0,70.0,0.0131203364196203,0.0171683224669571,fault2
2.307375,-0.1599862172799911,1.729402629290426,28.0,70.0,0.0179988698063868,0.0129641884734271,fault2
1.169875,-0.1607768294939601,1.73320705566041,28.0,70.0,0.0116850272143426,0.0149567961843253,fault2
2.253625,-0.105168588930697,1.533422171437962,28.0,70.0,0.0149324060322887,0.0106608609136173,fault2
0.918,-0.1115867569089885,1.762114420013034,28.0,70.0,0.0095629649408684,0.0094035911309428,fault2
1.533875,-0.0859197489163238,1.6158701727195168,28.0,70.0,0.0114508807854267,0.0104861475776757,fault2
2.306125,-0.1176966995769158,1.5109231851175458,28.0,70.0,0.0134199339350572,0.0111605531418942,fault2
1.074125,0.0445174334027102,1.5539554020338904,28.0,70.0,0.0091454104201718,0.0160668542233453,fault2
2.081125,-0.1514730698130073,1.543027333885626,28.0,70.0,0.016284569890154,0.0100979467928198,fault2
2.06025,-0.1294746834897941,1.6028804093972069,28.0,70.0,0.0114776895232414,0.0109724390132729,fault2
0.934125,-0.1557615826177764,1.5294231340340123,28.0,70.0,0.009792059604879,0.0123242311740809,fault2
1.460875,-0.1260462305216486,1.5444862023267023,28.0,70.0,0.0109595268421933,0.0100372619950261,fault2
2.259625,-0.1001268938818297,1.504154444714274,28.0,70.0,0.0117793909251252,0.012380877307205,fault2
1.032375,-0.1218996032929215,1.790890982089123,28.0,70.0,0.0131649366994179,0.0119575062825548,fault2
2.236,-0.1332363872215382,1.6302840995825243,28.0,70.0,0.0110266377930884,0.0124899187850193,fault2
1.10375,-0.1138337222043068,1.698626890776718,28.0,70.0,0.0114089655167747,0.0146722999284426,fault2
1.024125,-0.131432136070119,1.742834682199376,28.0,70.0,0.0122352946430769,0.0105172617023136,fault2
2.28625,-0.1015007277198227,1.6856690123389986,28.0,70.0,0.0127105582733573,0.0128021742868246,fault2
0.91325,-0.1534877884007171,1.572878534417218,28.0,70.0,0.0148168617210931,0.0107434141330625,fault2
2.082,-0.1528085728424408,1.6695919306953724,28.0,70.0,0.0131246394323829,0.0159712961610393,fault2
2.296125,-0.192969344301242,1.7917599653578191,28.0,70.0,0.0165916425292968,0.0144463550624296,fault2
1.053375,-0.1606693747641871,1.5543837676782015,28.0,70.0,0.0116410782357355,0.0145663315883646,fault2
1.919625,-0.1476527018597061,1.7783230602944349,28.0,70.0,0.0128039172143871,0.0155508366483631,fault2
1.04375,-0.1301038208023687,1.4944481345224794,28.0,70.0,0.0134343804464005,0.0128743613275625,fault2
2.310625,-0.1497154906071736,1.726321998296998,28.0,70.0,0.0153267879184157,0.0125078974282402,fault2
2.204875,-0.1682145185181675,1.4280516752173655,28.0,70.0,0.0122762714282158,0.0131788293915757,fault2
1.023625,0.0390074273044427,1.785237385080588,28.0,70.0,0.0118780566841045,0.014561410114783,fault2
1.539875,-0.1203378666692253,1.727204779168236,28.0,70.0,0.0116526244034592,0.0114678191543213,fault2
1.137125,-0.1352729056722018,1.4613383291314954,28.0,70.0,0.0117663453953161,0.0117653943167627,fault2
1.953,-0.1167736417754372,1.779123495652695,28.0,70.0,0.013603550778209,0.0097251008814181,fault2
2.194,-0.1218139417969553,1.7547129748871018,28.0,70.0,0.0093874773931926,0.0124787938805761,fault2
1.264625,-0.0949075999832394,1.4397559699301792,28.0,70.0,0.0115632728315038,0.0097276032167617,fault2
2.2375000000000003,-0.0932216395101376,1.5651086583317424,28.0,70.0,0.012121910481618,0.0108593103618815,fault2
1.217375,-0.1532578369805314,1.6560459067720308,29.0,70.0,0.0132388478382819,0.0130043833094955,fault2
1.480125,-0.1449299899999929,1.7051622958511143,29.0,70.0,0.0146768437396611,0.0129952402086968,fault2
1.396,-0.1402045484171394,1.5173844715912896,29.0,70.0,0.011992493506824,0.0142534843487767,fault2
2.096125,-0.1201058852793913,1.509039746310116,29.0,70.0,0.013557690752553,0.010113807625833,fault2
0.934,-0.1007483913302081,1.5769207909516494,29.0,70.0,0.0117734759368773,0.0147210104740879,fault2
1.445,-0.1178063768346503,1.7372924557203833,29.0,70.0,0.0120938840011398,0.0119509494276669,fault2
0.9305,-0.0015365459582674,1.7036742009851067,29.0,70.0,0.0115645280613985,0.0159688349764892,fault2
2.2845,-0.1507291207894832,1.5472542257167283,29.0,70.0,0.0174859987435558,0.0125617361927913,fault2
2.146875,-0.1644266179842366,1.548001553784241,29.0,70.0,0.0121722236358147,0.0174870085834926,fault2
1.59425,-0.1499621957184983,1.7044726018606091,29.0,70.0,0.0146433463495407,0.0122783324910393,fault2
1.304,-0.1266397302508949,1.715813480705979,29.0,70.0,0.0111998632131038,0.0116354946733436,fault2
1.748,-0.1613247492369457,1.6315073373895688,29.0,70.0,0.0113683000489249,0.0114811037882634,fault2
1.065875,-0.1394240486327788,1.5292584617045903,29.0,70.0,0.0100051282243734,0.0099990554098311,fault2
2.28275,-0.1792457593565273,1.4434081545795856,29.0,70.0,0.0091510223351929,0.0149886145641946,fault2
0.9515,-0.1392083457456573,1.6227096084142243,29.0,70.0,0.0145844962428423,0.0108038036982456,fault2
1.765625,-0.078099101987659,1.5858989864387356,29.0,70.0,0.0102951913463682,0.0126708209186036,fault2
2.291125,-0.1195491069966982,1.6989834982428773,29.0,70.0,0.0123678511985444,0.0116119163074533,fault2
1.809375,-0.0990757642284648,1.7400365692007336,29.0,70.0,0.0113950132270719,0.0163571456290217,fault2
0.9155,-0.1135584175355494,1.5038324802761318,29.0,70.0,0.0142824984405004,0.0115095443631541,fault2
2.084125,-0.178874880452461,1.6379825165400663,29.0,70.0,0.0095929312695763,0.0112166732806771,fault2
0.971375,-0.1932959490698959,1.6994262472104016,29.0,70.0,0.0126547603538943,0.0131772266142733,fault2
2.28125,-0.1603374039860982,1.467394697482166,29.0,70.0,0.0111537638277487,0.0126529503503931,fault2
1.203875,-0.1391021511954788,1.4085441690891871,29.0,70.0,0.0135075011964398,0.0145191083187348,fault2
1.64625,-0.1683180992488967,1.7973709772609592,29.0,70.0,0.0149646077243625,0.0103507787503375,fault2
1.047375,-0.1517494772711701,1.754611668190564,29.0,70.0,0.0134007110940535,0.0160562096889697,fault2
1.737625,0.0074741034631205,1.7826479393348154,28.0,69.0,0.0010363529198758,0.0119955088821468,fault2
1.735,-0.1235379134725477,1.6044851509648297,28.0,70.0,,0.0074836720904384,fault2
1.697625,-0.1584240184421498,1.7039589176486192,28.0,70.0,0.0090673051814241,0.0124495242887143,fault2
1.8515,-0.1739381298731888,1.7478062367457663,28.0,70.0,0.0137245720868827,0.0082827952324198,fault2
1.484375,0.0007664862993514,1.7844837357128047,28.0,71.0,0.0089920656883497,0.0203499696148168,fault2
2.003625,-0.160165076252808,1.4454182962042068,28.0,71.0,0.0228421618298746,0.0094529973009513,fault2
2.247875,-0.1319883610609573,1.7449919864810108,29.0,71.0,0.0096471962038731,0.0144076163623788,fault2
1.26025,-0.1498473428391607,1.661311245281912,29.0,70.0,0.0142734071608483,0.0163292368005244,fault2
1.89625,-0.1666835395424284,1.7729484412300376,29.0,70.0,0.0174934707526202,0.011800766976581,fault2
0.94475,-0.1874064036710923,1.4997612044455868,29.0,71.0,0.0124835902992541,0.0152988126949338,fault2
1.791375,-0.134430369424027,1.4304012919171198,29.0,71.0,0.018442945921186,0.0131003870365075,fault2
0.9555,-0.1199554466140957,1.419831375299578,29.0,71.0,0.011092939620964,0.0129689572356518,fault2
2.113875,-0.1197271149268317,1.6306812964706126,29.0,70.0,0.0120654376313692,0.0148992466059076,fault2
0.927625,-0.1584404529766593,1.748147906219648,29.0,70.0,0.0124462133596684,0.0170427992554322,fault2
2.306375,-0.1519140974702877,1.460370168263581,29.0,70.0,0.0168026798290107,0.0143676058719924,fault2
2.0215,-0.1996169163265032,1.6330606203335536,29.0,70.0,0.0148962344314498,0.0130883505367492,fault2
1.156125,-0.1570785649909988,1.400501786250746,29.0,70.0,0.0116823341684621,0.0140790850057063,fault2
0.9875,-0.1269713154318489,1.7208713974868544,29.0,70.0,0.0151467504649501,0.0118773713594398,fault2
1.780125,-0.167069404683472,1.7072472663736924,29.0,70.0,0.0116388313489947,0.0122345510564844,fault2
1.19225,-0.1502980417912628,1.461952297208274,29.0,70.0,0.0139237405067768,0.0124270570922232,fault2
2.213125,-0.0109264863129536,1.529679052572552,29.0,70.0,0.0118948405043255,0.0164957729698012,fault2
1.125875,-0.1625729657656601,1.586516723820525,29.0,70.0,0.0163847251197843,0.0157987096888926,fault2
2.250125,-0.182080246995695,1.6126643409743082,29.0,70.0,0.0129241695273904,0.0139139306664728,fault2
2.189125,-0.15809707750954,1.7773967077635584,29.0,70.0,0.0136754770209416,0.0111890521351263,fault2
1.337,-0.1560533487233615,1.52240122549288,29.0,70.0,0.0109580289849427,0.0111360922177798,fault2
2.21475,-0.1659312531159161,1.763776580335811,29.0,69.0,0.0131430224817543,0.012527622014884,fault2
2.220375,-0.1850038510758719,1.6783894320470107,29.0,70.0,0.0117643982873923,0.0151884257374587,fault2
1.660375,-0.1578708315813985,1.7614470523745238,29.0,70.0,0.0144620337220659,0.0117216313427442,fault2
2.258,-0.1192732184777475,1.5064173066574809,29.0,70.0,0.0126050081405149,0.0100096923215492,fault2
1.000125,-0.0208897053465868,1.633228407960836,29.0,70.0,0.0111999705264088,0.0160821074966378,fault2
1.24475,0.0129797053943766,1.75559944224672,29.0,70.0,0.01433174802803,0.0164162051146384,fault2
0.970625,-0.171898333677138,1.478390835405925,29.0,70.0,0.0136358276400161,0.012820692620788,fault2
2.062125,-0.0513260457506637,1.547044163580737,29.0,70.0,0.0155240250905992,0.0150989187088818,fault2
1.582375,-0.1101580607059946,1.5032814551306393,29.0,69.0,0.0140909621247432,0.0113986732391096,fault2
1.265,-0.0843858218762144,1.7950523228706634,29.0,70.0,0.0124209521033591,0.0147863991512367,fault2
0.974375,-0.0352974303239383,1.7883758190908048,29.0,69.0,0.0137021121491942,0.0130846524544401,fault2
2.142,-0.0478240373427226,1.6593343778132266,29.0,70.0,0.0110503629112016,0.0154324403109123,fault2
1.320375,-0.0981953995428767,1.4119634647266075,29.0,69.0,0.0137923378806216,0.0129997134354815,fault2
1.57575,-0.1222721918890207,1.4317953226364395,29.0,70.0,0.0159421575098822,0.0143125630080149,fault2
1.136875,-0.0359109650115066,1.4723295853308755,29.0,70.0,0.0131884495251862,0.0134418229631882,fault2
2.16625,-0.0388857065859706,1.4233999136490008,29.0,70.0,0.0144516483017855,0.016300051945219,fault2
1.136,-0.1310217593912497,1.4221290598098375,29.0,69.0,0.0167544029717737,0.0141616980702237,fault2
2.3055,-0.0354570049423769,1.5781634132103586,29.0,69.0,0.0112406259276339,0.0124601217022431,fault2
1.819375,-0.0370746618191347,1.6253036618625931,29.0,69.0,0.0119069585208612,0.0123776288765843,fault2
2.2665,-0.0729606484064756,1.512651800053168,29.0,70.0,0.0114817418692917,0.0135778022229474,fault2
1.577375,-0.038470813767867,1.451122799663756,28.0,71.0,0.0009788053217132,0.0094939163774766,fault2
0.997375,-0.1414725423193638,1.508822397991266,28.0,71.0,,0.006474947053103,fault2
0.990625,-0.1363924874299086,1.667219490149625,28.0,72.0,0.008126226525901,0.0076955799011607,fault2
1.758875,-0.0354605451752089,1.411905156845787,28.0,72.0,0.0087849624140978,0.0098739410033931,fault2
0.927125,-0.1576837233058027,1.5159536009067156,28.0,72.0,0.0085597838778572,0.0073829256553252,fault2
1.081875,-0.1450886863374197,1.6775782748024035,28.0,71.0,0.0077331558214564,0.0091556892102293,fault2
1.844125,-0.1443496631107643,1.5264548523014536,28.0,72.0,0.0081171946416266,0.0073523070578417,fault2
2.282375,-0.1344360922965328,1.435001251214636,28.0,72.0,0.0082592721819429,0.0077024505540561,fault2
0.913375,-0.1834729474880222,1.5076483827133351,28.0,72.0,0.0077976349344474,0.0092555598425395,fault2
2.312125,-0.1930693550927424,1.6557077839520142,28.0,72.0,0.0090112270216006,0.0078328886950194,fault2
1.32475,-0.1380295672244899,1.465617631730172,28.0,72.0,0.0073123877751585,0.0080698681770427,fault2
2.105625,-0.1493150837648867,1.7476847202630696,28.0,72.0,0.0087808073147021,0.0064769171126816,fault2
2.304625,-0.1320427759129763,1.6629759454024755,28.0,72.0,0.006945544816648,0.007130871055837,fault2
0.94975,-0.1078150080627393,1.791626726781163,28.0,72.0,0.007483959061768,0.0068203249763027,fault2
2.178375,-0.0883875790750583,1.4578097485388355,28.0,71.0,0.0083621541441405,0.0077433828916115,fault2
2.134375,-0.1573701191705196,1.7081790930879397,28.0,72.0,0.0092606883937354,0.0067658587546304,fault2
1.266,-0.1244212267304232,1.649322827207416,28.0,72.0,0.0067482629376367,0.0107400856395314,fault2
1.44625,-0.1024422051296237,1.7400030802300752,28.0,72.0,0.0086152885327669,0.0068378775194138,fault2
0.929625,-0.0933240147078812,1.608588399009952,28.0,72.0,0.0066354623553688,0.0064908568980551,fault2
2.20125,-0.0804842946593129,1.718022138466074,28.0,71.0,0.0081192331895931,0.0094482814454561,fault2
0.929375,-0.1557914063212776,1.6622894759307767,28.0,72.0,0.0084785117102737,0.0063816140749345,fault2
2.306625,-0.1489075397427823,1.5668663758716488,28.0,72.0,0.0065031188413879,0.0086862804293144,fault2
0.965,-0.1185399406036256,1.580874501648348,28.0,72.0,0.0083014011127407,0.0086717777545599,fault2
1.74075,-0.0284470765251286,1.5934861173627854,28.0,71.0,0.0073843670391543,0.0082130436107607,fault2
2.307,0.0023021057778034,1.466533958365514,28.0,71.0,0.0064494726500509,0.0077401151495643,fault2
1.797125,-0.1569186936826259,1.6127558566773783,28.0,71.0,0.0087642380682454,0.0061608654304728,fault2
0.93675,-0.1435346258836193,1.573989659881783,28.0,71.0,0.0065378884778122,0.0085959086278713,fault2
2.043375,-0.1841458227517472,1.7160614541734245,28.0,71.0,0.0093273826298363,0.0053349939734928,fault2
1.805625,0.0382419816636471,1.4762495330808478,28.0,71.0,0.0063290188678372,0.0061947063318513,fault2
1.459625,-0.1180633080858405,1.6148919763990852,28.0,70.0,0.0062008288865482,0.0066724302763252,fault2
1.234375,-0.0920412958008039,1.691851060998908,28.0,71.0,0.0083846988897549,0.0082573666222987,fault2
1.016125,-0.0523476268363545,1.6774220520447805,28.0,71.0,0.0069165904938392,0.0073595577447154,fault2
1.261875,-0.1300947954568917,1.713725808047372,28.0,71.0,0.0078378290127313,0.0058134829018886,fault2
1.2655,-0.1618828346054769,1.4516513455110611,28.0,71.0,0.0058086181663299,0.0067267362593407,fault2
1.7005,-0.0945579903060698,1.4297405777307275,28.0,71.0,0.0072159551705701,0.0081603830466097,fault2
1.733375,-0.1345924406990427,1.7440517454607796,28.0,71.0,0.0082060339051236,0.006875605356814,fault2
1.8345,0.0127830556961435,1.7947486711937062,28.0,71.0,0.0102932748298557,0.0111265662175282,fault2
2.066625,-0.1451974155864768,1.4856136251827343,28.0,71.0,0.0145315531539029,0.0086864864243176,fault2
0.963,-0.1469328552745812,1.529969013260844,28.0,72.0,0.0066550912379014,0.0077416145405803,fault2
1.9385,-0.1347195355429787,1.6610093673944597,28.0,72.0,0.0061958690484563,0.0078200247504095,fault2
1.04725,-0.1361234887914082,1.473388301361651,28.0,72.0,0.0079661400922293,0.005943011307655,fault2
1.036875,-0.0179549477646202,1.6536879443979309,28.0,71.0,0.0004438815005642,0.0059501825848126,fault2
1.1955,-0.1016689663586149,1.6949849509160702,28.0,72.0,,0.005946551790384,fault2
1.8865,-0.1047997767923558,1.5555464020728669,28.0,72.0,0.0060911733968041,0.0057744237499832,fault2
1.328875,-0.1391706098206197,1.506942115546006,28.0,72.0,0.0055484965356923,0.005630074902012,fault2
2.012375,-0.1267570344559912,1.6840282918965992,28.0,72.0,0.0055719534496997,0.0065637375316968,fault2
1.438375,-0.1234301834825001,1.7246188892762484,28.0,72.0,0.0065349310911626,0.0083967323388689,fault2
2.2395,-0.0805820994194501,1.7151926930712231,28.0,72.0,0.00716244282227,0.0083922745286896,fault2
1.040875,-0.1195787954016735,1.4815964053402153,28.0,72.0,0.0085476291743782,0.0093487896841914,fault2
2.032625,-0.1599572868656106,1.5404854089181803,28.0,72.0,0.009549177339722,0.0074070997070574,fault2
1.15425,-0.0994065499274035,1.6445054843512972,28.0,72.0,0.0073761784223255,0.0085813760926568,fault2
2.299875,-0.1258195818534041,1.5126538457197292,28.0,72.0,0.0072668843192141,0.0108308178559956,fault2
0.931625,-0.1243664455506048,1.4548430076944472,28.0,72.0,0.0082993349562704,0.0079551157911488,fault2
1.072625,-0.1753337833297822,1.6762717571575942,28.0,72.0,0.0071334491691474,0.0098829668107131,fault2
2.211,-0.1680989016778906,1.5865771784542706,28.0,72.0,0.009257154864403,0.0090945828144186,fault2
2.2935,-0.1345071935506219,1.766739167633132,28.0,72.0,0.0090003160416971,0.008736211098996,fault2
2.258625,-0.1165386541452278,1.407300843438471,28.0,72.0,0.0087562357488392,0.0077925132824882,fault2
1.483125,-0.0989375432375153,1.4928352760930286,28.0,72.0,0.0080740675675481,0.0080232694491496,fault2
1.034125,-0.1104397404082439,1.4825011985652723,28.0,72.0,0.0089046531654618,0.0091263078587528,fault2
2.042625,-0.1662365723297751,1.4873819070823584,28.0,72.0,0.0092596703744391,0.0092878267377764,fault2
1.453125,-0.2194200951463983,1.541827585310093,28.0,72.0,0.0079638587949231,0.0090474917350375,fault2
0.944625,-0.1520265634423001,1.4544153083851916,28.0,72.0,0.0086256453705439,0.0092475351139314,fault2
1.355375,-0.1504565275158155,1.758448884579887,28.0,72.0,0.008508374583868,0.0080730665384544,fault2
2.018,-0.1213945790111151,1.7290940697576374,28.0,72.0,0.0089208419089765,0.0067306473644828,fault2
1.606875,-0.1163539399071512,1.7408812306596404,28.0,72.0,0.0080800847871357,0.0070382258597186,fault2
0.921,-0.1232862298657501,1.6019747809833924,28.0,72.0,0.0083225869661714,0.0071739442095628,fault2
2.26225,-0.0874683629196646,1.733765036030088,28.0,72.0,0.0060383485347184,0.0087813648665773,fault2
1.182,0.0046540799968827,1.4263476628863965,28.0,72.0,0.0102133376646087,0.0104356118834429,fault2
1.451875,-0.106964787012658,1.4327999118257786,28.0,72.0,0.0089719327991092,0.0083437071482144,fault2
2.040375,-0.1325357502414584,1.4417094395327568,28.0,72.0,0.0089782080359646,0.0068883789174475,fault2
1.45525,-0.1187015569211379,1.730327307479804,28.0,72.0,0.0064742779865064,0.0077581892467212,fault2
1.466875,-0.1041071182052458,1.635323465163037,28.0,72.0,0.0077295892947766,0.0080213671141001,fault2
2.302625,-0.1430858135265834,1.6058833985310363,28.0,72.0,0.008612008365769,0.0080056795906281,fault2
1.202625,-0.1181300006264996,1.5404780344459923,28.0,72.0,0.0062420904994338,0.0100663209902037,fault2
1.185625,0.0468979776290733,1.5226939308731906,28.0,72.0,0.0081607013663387,0.0079727868028095,fault2
2.307,-0.1804082152811892,1.4730242366010438,28.0,72.0,0.0097118938031286,0.009974440266988,fault2
1.57025,-0.1634635824360867,1.6737595947226316,28.0,72.0,0.0084993403277258,0.0078854643626962,fault2
1.0655,-0.1048893154033534,1.7588413187975562,28.0,72.0,0.0088657039399789,0.0069305777443576,fault2
2.0385,-0.0933376652793749,1.484043640193484,28.0,72.0,0.0078734946691288,0.0069218404824446,fault2
1.600125,-0.0857584736575839,1.476952888415464,28.0,72.0,0.0081800796884211,0.0077919393126536,fault2
2.161125,-0.1170809802284542,1.730294935328386,28.0,72.0,0.0078912315272716,0.0114013731012002,fault2
1.078875,-0.1817209165577268,1.4271796689054157,29.0,72.0,0.0104021049989455,0.0082782492576888,fault2
0.922,-0.1026816214289671,1.7164585020245613,29.0,72.0,0.0074758858518715,0.0095408248005148,fault2
1.22525,-0.1456812075442846,1.6412771437633018,29.0,72.0,0.0086791841620753,0.0084861054133496,fault2
2.2022500000000003,-0.0937796779834131,1.5473937797922264,29.0,72.0,0.0077535087104892,0.0076114068118252,fault2
0.9215,-0.1111155058124474,1.5581815782557222,29.0,72.0,0.0089390336420834,0.0065455082107216,fault2
1.222625,-0.1119886187389638,1.572078196503665,29.0,72.0,0.0072123247771353,0.0068202552439085,fault2
1.252,-0.1421210955084933,1.4110194313836777,29.0,72.0,0.006913316753217,0.0112939786002153,fault2
1.7605,-0.1469323691882308,1.497060891817241,29.0,72.0,0.0109087298111367,0.0121925704175244,fault2
0.999875,-0.1439180026828062,1.445023217999469,29.0,72.0,0.0099001386378014,0.0125556592688615,fault2
1.29,-0.1162687606590077,1.6893534458521249,29.0,71.0,0.0118631619456977,0.0075900534247811,fault2
0.935,-0.1435947499751568,1.4994751586312602,29.0,71.0,0.0080431835868654,0.0091700989078728,fault2
2.003625,-0.1458522915561066,1.4403643211544757,29.0,71.0,0.009299740323625,0.0066243219745719,fault2
1.137,-0.1541848170718725,1.4428628349929573,29.0,72.0,0.0061714941551603,0.0076951632402317,fault2
2.303,-0.1187448234943186,1.4386483381357311,29.0,72.0,0.0074978945276405,0.0069022069820818,fault2
0.93225,-0.0680780531275604,1.6515962622593956,29.0,72.0,0.0073216837034571,0.0106713517500567,fault2
1.62125,-0.1047186976009859,1.617520636557379,29.0,72.0,0.0114298692117781,0.0085992216217401,fault2
1.028125,-0.1188161082892529,1.430831095979897,29.0,72.0,0.0075023870853434,0.0115352025113486,fault2
1.815125,-0.2182917396131701,1.5396162162814238,29.0,72.0,0.0103684932013301,0.0085718309838288,fault2
1.977875,-0.1250777652717674,1.456900790137914,29.0,72.0,0.0083329314430565,0.0086609888146089,fault2
2.17425,-0.1591766229839121,1.6669059702746,29.0,72.0,0.0084574561177222,0.0098008792604994,fault2
1.453375,-0.1303386461692124,1.5711573724812489,29.0,72.0,0.0109225838384299,0.0074337532823433,fault2
2.153125,-0.1428563136806632,1.7686025946698058,29.0,72.0,0.0087436532293536,0.0075204486010865,fault2
2.269875,-0.1480290364516343,1.64681989132629,29.0,72.0,0.0078429780313898,0.009482592435971,fault2
1.308,-0.134774319616836,1.6192457182313664,29.0,72.0,0.0095864981191843,0.0107697886450369,fault2
2.2275,-0.0426710328811215,1.649754173705773,28.0,69.0,0.0011434479955191,0.0135395796537061,fault2
2.12975,-0.1293951764197276,1.576395900176138,28.0,70.0,,0.0161365891080886,fault2
2.30925,-0.1397401103392247,1.491144559549739,28.0,70.0,0.0160916021745998,0.02190356017489,fault2
1.865125,-0.1639860876060778,1.5281395735664058,29.0,71.0,0.0235203425098577,0.0138519064618591,fault2
0.9945,-0.1265886262835701,1.4606898165202973,29.0,71.0,0.0111986755855123,0.0195317356820502,fault2
2.02725,-0.0979504529179781,1.6490813096370132,29.0,71.0,0.0171837371019188,0.0161761478660185,fault2
0.913875,-0.0886628397244506,1.6828177177928696,29.0,71.0,0.0152574233431861,0.0246410973917065,fault2
1.0205,-0.1252326686647485,1.5946524749656992,29.0,71.0,0.0219801540021489,0.0151506647932991,fault2
1.636125,0.008027657930226,1.5726188290272722,29.0,71.0,0.0114928070994093,0.0214398186761978,fault2
0.912875,-0.1374587592344783,1.6740486060084805,29.0,71.0,0.0173754337457365,0.0160467806959149,fault2
1.4825,-0.1306790012909786,1.502768944572317,29.0,71.0,0.0162674838212253,0.0168943372384184,fault2
2.1055,-0.1345915406015167,1.460929062103363,29.0,71.0,0.0173344173121707,0.0134885369045059,fault2
2.154375,-0.1402971768352889,1.7370070306377892,29.0,71.0,0.016749836449379,0.019871733111033,fault2
2.2065,-0.1917774772795172,1.6016306068454047,29.0,71.0,0.0231320684426826,0.0143853346677079,fault2
0.94775,-0.1645879010299422,1.4556258370428183,29.0,71.0,0.0130787897503341,0.0197915729192702,fault2
1.811875,-0.1155212745986021,1.7617153228081437,29.0,71.0,0.0185436957438312,0.0127898935733474,fault2
1.14925,-0.1228304624490402,1.731221273100392,29.0,71.0,0.0156593362324368,0.0251208881902973,fault2
2.239375,-0.1350957311087237,1.504306993572287,29.0,71.0,0.0251405970980714,0.0144967546916356,fault2
2.22775,-0.1533791522622189,1.5745955803480507,29.0,71.0,0.0128645152166211,0.019977072351306,fault2
0.940125,-0.1507134602376867,1.6926571267201636,29.0,71.0,0.0177079411839486,0.0165735613304686,fault2
1.949375,-0.1542514234965808,1.7486899885431035,29.0,71.0,0.0181390355598937,0.018004400286931,fault2
1.52575,-0.128785292015255,1.4058308456983568,29.0,71.0,0.0207553866783624,0.0136762790017183,fault2
1.238125,-0.1566831664643016,1.5571522570344778,29.0,71.0,0.0150539728074945,0.0203639136824997,fault2
2.2975,-0.0974112402003325,1.6173227650594078,29.0,71.0,0.0157663828420777,0.0148085018759579,fault2
1.693625,-0.1421337977935593,1.7108777100643962,29.0,71.0,0.0169780030597614,0.0145659405562226,fault2
2.292125,-0.1296684440199882,1.6809515462223046,29.0,71.0,0.0149204907892441,0.0131334671008694,fault2
0.9415,-0.1251612855176171,1.7056692031497835,29.0,71.0,0.0131399301848882,0.0165021893636739,fault2
2.230625,-0.147672628115259,1.4584932019808343,29.0,71.0,0.0182531931606987,0.0194530309992159,fault2
2.075875,-0.1597956723336269,1.4558948207790814,29.0,71.0,0.0181899548259257,0.0138990050511408,fault2
1.10275,-0.1601013442454089,1.6256857173601744,29.0,71.0,0.0162796642497363,0.0168561223319627,fault2
0.910625,-0.1314455086953237,1.7700859365291806,29.0,71.0,0.0156002410001511,0.0140522532286568,fault2
2.1405,-0.2014842971007314,1.6427432798098849,29.0,71.0,0.0148744986064536,0.0223697683130256,fault2
1.302,-0.1455870445260142,1.4882289980691457,29.0,70.0,0.0247961974031201,0.0210868680329124,fault2
1.65975,-0.1484090008467973,1.5406195164784948,29.0,71.0,0.016571497267429,0.0180525555180779,fault2
0.9265,-0.1478992554630056,1.4756318964811337,29.0,71.0,0.0189345740351863,0.0171514292601318,fault2
1.150625,-0.1109118214859238,1.6794241446013825,29.0,71.0,0.0151941594742452,0.012771470034344,fault2
1.706,-0.1340593106049715,1.4918186673177027,29.0,71.0,0.0126866968281554,0.0148196959389547,fault2
2.234,-0.1237962641687233,1.6925475909306438,29.0,71.0,0.0144063722445788,0.0204190592883995,fault2
1.67025,-0.1344474715825526,1.5477040139705451,29.0,71.0,0.0201621543180055,0.0141459165593871,fault2
1.651625,0.0469326665946287,1.5110977298749015,29.0,71.0,0.0129748950327474,0.0191491234883408,fault2
2.229875,-0.1582211918480502,1.705296167914253,29.0,71.0,0.0166653922421989,0.0166612451722882,fault2
1.7055,-0.1660109753886095,1.690824517390451,29.0,71.0,0.016349045241386,0.0233743577117817,fault2
0.94775,-0.1265615930319105,1.4276623189905169,29.0,71.0,0.0193351249779329,0.0157126725626438,fault2
1.64975,-0.1407169750531765,1.6759561524103752,29.0,71.0,0.0174890048470003,0.0161490951815268,fault2
1.8485,-0.1555905640861775,1.792697416603729,29.0,71.0,0.0133652063148697,0.014636510860013,fault2
1.228375,-0.1203674931267335,1.7869688740427594,29.0,71.0,0.0174048310355225,0.016649750518287,fault2
2.245875,0.0608852926906898,1.5094721435514546,29.0,71.0,0.0175738818279288,0.0155873023749605,fault2
1.329375,-0.1605824327775548,1.5284842293829908,29.0,71.0,0.0167459035764789,0.0134226062886821,fault2
1.11075,-0.1499849645241706,1.6599692936252417,29.0,71.0,0.0137393779671484,0.0175234765299741,fault2
1.964875,-0.1363503005424958,1.4859345115187932,29.0,71.0,0.0202215867647121,0.0160276470689446,fault2
0.967375,-0.0838858407367267,1.727937642339409,29.0,71.0,0.0150207078544729,0.0151800659854936,fault2
2.180125,-0.136363855249151,1.6241793985138009,29.0,70.0,0.0160533378001819,0.0206450954085725,fault2
0.922625,-0.1457617027796394,1.4875748340603516,29.0,70.0,0.0177843172138098,0.0166401714087809,fault2
1.4805,-0.1374455470320356,1.4368274081498964,29.0,70.0,0.0147975791949366,0.0138802031005369,fault2
0.950375,-0.1298137162869498,1.572836422131191,29.0,71.0,0.0141405720262795,0.015077147323988,fault2
1.268,-0.0886884985778843,1.523548893647493,29.0,71.0,0.0150218472625517,0.0176073024925331,fault2
0.917625,-0.1204816854952782,1.4299663394082738,29.0,71.0,0.0180600703168097,0.0170570105766004,fault2
1.968625,-0.0887511866217369,1.44536249525462,29.0,71.0,0.0173577602825407,0.0154679678162027,fault2
1.28,-0.121109384200611,1.5025775471477807,29.0,71.0,0.0133649408891112,0.0163595083940414,fault2
2.224875,-0.1586067660165004,1.41561328026973,29.0,70.0,0.0208693645188032,0.0171770091584826,fault2
1.2265,-0.1421362584530749,1.752373590695262,29.0,70.0,0.0151489937384889,0.0127036902103895,fault2
1.09275,-0.1512696637971869,1.6204884153518324,29.0,70.0,0.01328792742674,0.0195481905562617,fault2
1.962375,-0.1365338097488378,1.4288473623845268,29.0,70.0,0.019247987638511,0.0166962684207179,fault2
2.3075,-0.1321103365366893,1.4538964035034758,29.0,70.0,0.0155798094129847,0.0160057433190103,fault2
0.912,-0.0564293451221309,1.6823141717992558,28.0,71.0,0.0011437795102872,0.0082107214233633,fault2
2.30825,-0.1851721874155355,1.5789786778156152,28.0,71.0,,0.0087021435652699,fault2
1.086625,-0.1474289883140477,1.7911236338814711,28.0,72.0,0.0080889229568916,0.0078786331850028,fault2
1.9015,-0.1451765960708556,1.41380768577104,28.0,72.0,0.0065821022291479,0.0088667956943577,fault2
1.111125,-0.1368398383328874,1.5891287487982813,28.0,72.0,0.0076793565924979,0.0062691664845694,fault2
0.997625,-0.0766346641839188,1.57727691670847,28.0,72.0,0.0056086829202096,0.0077290844002303,fault2
0.983875,-0.0936245111499104,1.4268436505259523,28.0,72.0,0.0076655212171232,0.0071581978524381,fault2
0.927125,-0.087851479156456,1.5441692547194483,28.0,72.0,0.0065736641935132,0.0051651411554348,fault2
1.328625,-0.1540707908213759,1.5327193407329356,28.0,72.0,0.0067206805484025,0.0086487699516484,fault2
0.994875,-0.1389056272587618,1.7967983775442655,28.0,72.0,0.0079959825218864,0.0062437652022678,fault2
2.201375,-0.1240005462833309,1.741872581206493,28.0,72.0,0.0076096365820357,0.0066077271388575,fault2
1.472375,-0.1493537568735441,1.67583942824542,28.0,72.0,0.0078156096678559,0.0069716993664167,fault2
1.312625,-0.09414604404359,1.6200701872522272,28.0,72.0,0.0071583299325854,0.0085350040843598,fault2
2.282125,-0.1355036895278089,1.6286720683876117,28.0,72.0,0.0078308312216519,0.0053736129346142,fault2
2.300375,-0.0951419439343884,1.5825531054431945,28.0,72.0,0.0061573448231488,0.0110280709391628,fault2
1.065,0.0431768705508193,1.7030628967688115,28.0,72.0,0.0090246571090112,0.0072343135917217,fault2
2.232625,-0.144479381713502,1.4857334558737536,28.0,72.0,0.0061874892449954,0.0097408658066114,fault2
0.959625,-0.1459835786219123,1.461451830152393,28.0,72.0,0.0077158856390113,0.0079493877584419,fault2
2.189875,-0.0841508779813425,1.6153900023664436,28.0,72.0,0.0061593990834379,0.0070261018019991,fault2
0.989125,-0.0927470954133716,1.6042792572362972,28.0,72.0,0.0080591098342823,0.007026176108042,fault2
2.1710000000000003,-0.0849818017874096,1.6870808248111653,28.0,72.0,0.0067227100976801,0.0066970312835243,fault2
1.440125,-0.1332764277416044,1.4446780927894995,28.0,72.0,0.0058988162161131,0.0079273763101958,fault2
0.944,-0.165973376457497,1.4097198077842483,28.0,72.0,0.0081413556505529,0.0081510150386607,fault2
2.2745,-0.1355437825969998,1.5260109708572944,28.0,72.0,0.0095720956447426,0.0087593655881014,fault2
1.397875,-0.1543746033971861,1.5373235044946183,28.0,72.0,0.008549349178976,0.0081531638612428,fault2
2.24775,-0.1311675819916858,1.6861471577559062,28.0,72.0,0.0075776126515152,0.0055601426569209,fault2
1.447125,-0.1396801761505834,1.6547901609388411,28.0,72.0,0.0065583778633659,0.0078275559657845,fault2
1.839375,-0.1364765527001001,1.6584241887008624,28.0,72.0,0.0071457976778242,0.007678834690444,fault2
1.496,-0.0675787390291291,1.7747402142230817,28.0,72.0,0.0070478168242921,0.0123474825953565,fault2
2.195625,-0.164961780712945,1.4451287663965375,28.0,72.0,0.0119184053537871,0.0074198941666759,fault2
1.172875,-0.1537561403104213,1.7873485287036035,28.0,72.0,0.0066965101042854,0.0103694304567656,fault2
1.363,-0.128953591766262,1.5720290593770443,28.0,72.0,0.0099306711969286,0.0069448800931349,fault2
1.286375,-0.1103108128390669,1.7856742243286252,28.0,72.0,0.0069813952028654,0.0101017230604722,fault2
1.78275,-0.1068768736160816,1.408220438261589,28.0,72.0,0.0093603431776766,0.0093007485786461,fault2
1.327125,-0.1186972192920144,1.7078547269679176,28.0,72.0,0.0088675980605988,0.0079312841995853,fault2
2.008125,-0.1074563103486477,1.6045665210209874,28.0,71.0,0.0082704293451544,0.0062791849724752,fault2
1.135875,-0.1544574273845163,1.5353132830119058,28.0,71.0,0.0063199390623511,0.0104014411204618,fault2
1.950125,-0.1166189520067686,1.7755072450270113,28.0,72.0,0.0099569481885049,0.0060939914673664,fault2
1.92175,-0.0739753607255751,1.7575487256919022,28.0,72.0,0.0058915153071124,0.010390820512096,fault2
1.31775,-0.0785141106710934,1.6034279264047535,28.0,72.0,0.0102529912782561,0.0077125284508164,fault2
1.60425,-0.1188293663740025,1.5265086704229027,28.0,72.0,0.0076999335664179,0.0075747584729742,fault2
2.3065,0.000772486540318,1.421172277461507,28.0,72.0,0.0080756417144758,0.0070387538515599,fault2
1.035375,-0.1487010946645122,1.502649044492559,28.0,72.0,0.0069063011134131,0.0064798811025493,fault2
2.2825,-0.1434389168593502,1.6060742119022602,28.0,72.0,0.0074022377027623,0.0071910550549118,fault2
0.93175,-0.1480674534995124,1.4617062936848677,28.0,72.0,0.0065915009461721,0.0061136235345924,fault2
1.456625,-0.0783109735420404,1.4850550665052638,28.0,72.0,0.0056824662641447,0.0096101361093181,fault2
2.00125,-0.1204133666629276,1.4670091452156342,28.0,72.0,0.0094360307833202,0.0057827395908091,fault2
1.097625,-0.0747815938822241,1.4246268918416125,28.0,72.0,0.0066718894547739,0.0068696756668512,fault2
2.237875,0.0279023066324812,1.724520256220646,28.0,72.0,0.0074810159373336,0.0076531571236915,fault2
1.445,-0.1559733402439525,1.51191240298384,28.0,72.0,0.0081911481948052,0.0073422169137716,fault2
1.004875,-0.1328822833561623,1.642533606817721,28.0,72.0,0.0058066818465139,0.0075218917162877,fault2
1.012375,-0.097296376021297,1.7877652030416735,28.0,72.0,0.0083387248112907,0.0055190292262305,fault2
2.288875,-0.1116720838810869,1.4408663531946515,28.0,72.0,0.0053411015006161,0.0093615683356973,fault2
1.3075,-0.0960778567655023,1.4821049765137857,28.0,72.0,0.0084144263097173,0.0066644097424752,fault2
1.213375,-0.1105324947068907,1.682761193248107,28.0,72.0,0.0061364415534072,0.0089676663832346,fault2
2.027125,-0.1430361435753094,1.520666916526164,28.0,72.0,0.0095796091881591,0.0072170105101254,fault2
2.138375,-0.17331418432468,1.524660667841531,28.0,72.0,0.0080241890042263,0.0083383656196547,fault2
0.9325,-0.1393748092566991,1.7082202885809286,28.0,71.0,0.0086152140912841,0.0070881013684864,fault2
1.452125,-0.1626914237973493,1.611051283058984,28.0,72.0,0.0067717465092259,0.0079048081515505,fault2
1.482125,-0.1541553843756645,1.686453904738393,28.0,72.0,0.008223114657208,0.0088293203765995,fault2
2.306125,-0.1613299149172492,1.5330192920112344,28.0,72.0,0.0082958934835945,0.0086492732038603,fault2
1.64875,-0.1355161479864194,1.482590492937882,28.0,72.0,0.0096014255131454,0.0063875062310664,fault2
1.14275,-0.121302002956339,1.5871308367469203,28.0,71.0,0.0076401825010434,0.0066318625221387,fault2
1.916125,-0.0993311245904074,1.4027364915969425,28.0,71.0,0.0063542319484559,0.0085037764628255,fault2
2.198,-0.1206628137535488,1.4387510659650882,28.0,72.0,0.0086470795429962,0.0067579562345006,fault2
1.573,-0.0807962028738504,1.6324313103115962,28.0,68.0,0.0011914235281846,0.0137494734447876,fault2
1.782625,-0.1469825710644021,1.631420538613217,28.0,68.0,,0.0102188072198285,fault2
1.2685,-0.153575656983536,1.6442113247806551,28.0,68.0,0.0109052596592438,0.0140183122834303,fault2
2.122875,-0.1642953789898262,1.4187982225155902,28.0,69.0,0.0157422774679562,0.0117591687644609,fault2
1.608875,-0.1650604718071382,1.4278282604134955,28.0,69.0,0.0109036116607746,0.0103344822467652,fault2
1.184625,-0.151094862112939,1.7737433851001387,29.0,69.0,0.0123261499740663,0.0100352533920734,fault2
2.304125,-0.1845688388306521,1.722403479920178,29.0,69.0,0.0123450775124748,0.0114830719260041,fault2
1.213125,-0.048489239689006,1.6468695055721865,29.0,69.0,0.0109439011137397,0.0133095464480707,fault2
2.298125,-0.1355793796074894,1.4659168394956847,29.0,69.0,0.0120907160484847,0.0104363923664425,fault2
1.45075,-0.1180312018179723,1.411730228441261,29.0,69.0,0.0123412777396982,0.0177390787646166,fault2
1.925,-0.1139842640509857,1.6058256648341445,29.0,69.0,0.0148111461981682,0.0108635599552206,fault2
1.16725,-0.0983035418877014,1.7203225485400413,29.0,69.0,0.0104773680466748,0.0149833344410376,fault2
2.238375,-0.1150217326036864,1.4894192350984137,29.0,69.0,0.0141175845279692,0.0116623093074778,fault2
1.9355,-0.0947731066303152,1.4245627768660376,29.0,69.0,0.0108421022184025,0.0146045733469685,fault2
0.92375,0.0408899157060662,1.7039513372659227,29.0,69.0,0.0143695408230533,0.014214341332016,fault2
1.79375,-0.1509441671114793,1.7138317701907266,29.0,69.0,0.0120458625962862,0.0146682413349845,fault2
1.19675,-0.167725314100371,1.5278163604608268,29.0,69.0,0.0144356447627747,0.0127785026946675,fault2
2.097375,-0.1153418918858707,1.5050321224077552,29.0,69.0,0.0141951962682181,0.0107513410942932,fault2
1.938875,-0.1425424267033903,1.4132324298207293,29.0,69.0,0.0134227821328206,0.015257947569276,fault2
0.936125,-0.1373120916085561,1.6813075217259068,29.0,69.0,0.012684956731098,0.0117965740193934,fault2
2.244625,-0.0903318401828201,1.6776830097676942,29.0,69.0,0.0102832719635371,0.0119050575857532,fault2
1.019625,-0.1871892676372375,1.490867561832145,29.0,69.0,0.0129719778977784,0.0114758684356911,fault2
2.2205,-0.1689902120662932,1.7411850771254531,29.0,69.0,0.0112198652161457,0.0104927084619906,fault2
2.303875,-0.1581417074116428,1.5688723102640776,29.0,69.0,0.0102949817853631,0.014564457435056,fault2
1.252125,-0.1786852814425998,1.784089671211024,29.0,69.0,0.0152250599491243,0.0113702354337962,fault2
1.05175,-0.1584544442750013,1.6677789330179804,29.0,69.0,0.0119872651104439,0.0179904758660018,fault2
1.217375,-0.1687683143293718,1.7259864290731215,29.0,69.0,0.0202360915418316,0.0137597139993345,fault2
0.9945,-0.1500638917359055,1.6032564513889511,29.0,69.0,0.0135552023147648,0.0167998469942023,fault2
1.93225,-0.1427992866484686,1.6506757883171497,29.0,69.0,0.0122666820642013,0.0135424726721864,fault2
2.141875,-0.16259868684296,1.6625576869954783,29.0,69.0,0.0161502065765262,0.0134234104691639,fault2
1.36875,-0.1552180032629943,1.4678889480527664,29.0,69.0,0.0141320428055935,0.0203645071452842,fault2
1.7255,-0.1275667675046543,1.7246290801180963,29.0,69.0,0.020023192139666,0.0109732510172705,fault2
1.534125,-0.1489216904165244,1.5105810971041336,29.0,69.0,0.0137741261292708,0.0157833437643236,fault2
1.705125,-0.1571150305567596,1.583584650103158,29.0,69.0,0.0160623928557219,0.0151395436449993,fault2
1.97875,-0.1384374666775759,1.620158702272272,29.0,69.0,0.0144248093462835,0.0127998301708803,fault2
1.384,-0.1577377981673146,1.4139761053959383,29.0,69.0,0.0148739194261911,0.0161744468574459,fault2
2.088125,-0.1660451764661188,1.7890212239294168,29.0,69.0,0.0155713682015169,0.0128364470405275,fault2
1.170625,-0.1473622640039803,1.606447428865422,29.0,69.0,0.012887542807584,0.0144904735007276,fault2
1.20475,-0.145869847434465,1.5385213838832372,29.0,69.0,0.0138612776569038,0.0103362421075498,fault2
1.312625,-0.1707506586002369,1.7331280251780572,29.0,69.0,0.0115023636038406,0.0137226063118026,fault2
1.3735,0.0603320286800572,1.4836940045878766,29.0,69.0,0.0129567923614182,0.0123041094205902,fault2
2.2595,-0.1413395140582701,1.675010653270442,29.0,68.0,0.0111219466356281,0.0148260631347078,fault2
1.2075,-0.1710142407728263,1.49599962130138,29.0,69.0,0.0131681072190097,0.0139396257622923,fault2
1.2095,-0.1559782155688244,1.7493387668744314,29.0,69.0,0.0112955272862296,0.0160213434414412,fault2
2.278125,-0.1709403727931988,1.543778753307934,29.0,69.0,0.0150975644492477,0.0124776316017995,fault2
1.537625,-0.194752628194773,1.5991643334684411,29.0,69.0,0.012313159216871,0.0160011034590256,fault2
2.0495,-0.1534199681528599,1.457022691067454,29.0,69.0,0.0177620158067519,0.0106707954548516,fault2
1.04375,-0.1566113141695016,1.4028945544613096,29.0,69.0,0.0114619958159452,0.0158123228128655,fault2
0.9735,-0.1469736468917638,1.4439894540234883,29.0,69.0,0.0158549511121754,0.0142265091786717,fault2
1.869625,-0.1126758965139704,1.5147237612540476,29.0,69.0,0.0147764399820002,0.0142589045454824,fault2
1.23775,-0.1420023767399739,1.5534520573950694,29.0,69.0,0.0124604969627662,0.0149853083478409,fault2
2.2715,-0.1379132115728919,1.4739497564545865,29.0,69.0,0.0139708077605586,0.014038431671592,fault2
0.961875,-0.016369956352212,1.585982544980525,29.0,69.0,0.0132330856739873,0.0142676177857642,fault2
2.30025,-0.1482932778873347,1.7574866270264784,29.0,69.0,0.0145295801188959,0.0106069446254685,fault2
1.44175,-0.107636245202651,1.794937109417535,29.0,69.0,0.012014302780435,0.0125244375209952,fault2
1.933375,-0.1073683477109728,1.7729006170753154,29.0,69.0,0.012892745607354,0.011696066405583,fault2
2.0405,-0.1104163815235746,1.6893380671517102,29.0,69.0,0.0105684456843754,0.0123988057139835,fault2
1.551875,-0.1295310264893552,1.5817042826850631,29.0,69.0,0.011990416311805,0.012865525031536,fault2
2.2735,-0.1300302922863685,1.604881164205565,29.0,69.0,0.0114878896271435,0.014503065621365,fault2
1.04375,-0.1734874439379137,1.531284224391042,29.0,69.0,0.0122693663972604,0.0106445167983617,fault2
2.29975,-0.140280450881162,1.4859422468225347,29.0,69.0,0.0110551608044128,0.011778012275674,fault2
2.018125,-0.1426204947021621,1.7613996299838806,29.0,69.0,0.0112475662646969,0.010946487814093,fault2
0.942375,-0.1301831040065656,1.6987595934673188,29.0,68.0,0.0098313174921293,0.0127471593492234,fault2
1.221,-0.1094329444184381,1.5711465096888193,29.0,69.0,0.0128880423262519,0.0151105237433269,fault2
1.015875,-0.0254646797388154,1.7363238126744789,28.0,69.0,0.001691742695846,0.0243889913975813,fault2
2.23575,-0.0755043285056897,1.6269123883928391,28.0,69.0,,0.0145246596198367,fault2
1.478375,-0.0353944477446473,1.6226541451338106,28.0,70.0,0.0159692753487183,0.0227563553477568,fault2
0.915625,-0.144769680150162,1.560502783520873,28.0,70.0,0.0210575046845642,0.0160920035090541,fault2
1.83675,-0.1562606781302079,1.4401819406888736,28.0,70.0,0.0180047269711992,0.0214743206152433,fault2
2.203625,-0.1293268597584129,1.5634074985308322,28.0,70.0,0.0176121977108365,0.0148632283554422,fault2
2.246125,-0.1564054766123112,1.5512042364419505,28.0,70.0,0.0162680139563102,0.0175397399986306,fault2
0.93825,-0.1132792543598262,1.4045547000838006,28.0,70.0,0.0181636652478784,0.0182900048932623,fault2
2.308375,-0.102842817534277,1.441464788521001,28.0,70.0,0.0151058987610211,0.0196525370971559,fault2
1.69825,-0.1201029581049007,1.7750621923757433,28.0,70.0,0.0162797037678489,0.0126776689539963,fault2
1.245,-0.1429287918870798,1.4997022031970553,28.0,70.0,0.0156770074947405,0.0212147995906081,fault2
1.623375,-0.1150610759899161,1.7616031807820884,28.0,70.0,0.0220514494579944,0.0158517717203565,fault2
2.270625,-0.0700332766442569,1.701520744537814,28.0,70.0,0.0193990921670398,0.0182938361357637,fault2
1.02475,-0.1212740157043959,1.4497570760236698,28.0,70.0,0.0153232842674836,0.0173182364570151,fault2
1.806625,-0.1530042992093987,1.4510698399902753,28.0,70.0,0.0150149367201082,0.0165179193188222,fault2
1.241,0.0811546269040199,1.5619214686792269,28.0,70.0,0.0184882023822486,0.0202686148468002,fault2
2.2895,-0.1273836256685411,1.7033555832602156,28.0,70.0,0.0159226785089711,0.0181986621118546,fault2
0.98425,-0.144099187668195,1.4298450339982098,28.0,70.0,0.0182791328799868,0.0153971898878463,fault2
1.54425,-0.1533883573937058,1.766163509492391,28.0,70.0,0.0144575239476493,0.0224148054065103,fault2
0.93875,-0.0845983691508788,1.503605003138485,29.0,70.0,0.0222028087649352,0.0139202555028064,fault2
1.97125,-0.1264897290436311,1.5930919382004955,29.0,70.0,0.0173167998580106,0.0150453524633742,fault2
0.929,-0.0727007953207202,1.6470042191512764,29.0,70.0,0.0197739732668354,0.0144950288836379,fault2
2.0085,-0.1189456749032444,1.791220499320333,29.0,70.0,0.0187637096044081,0.0143017884326968,fault2
0.917,-0.1245247205415711,1.7084970574539686,29.0,70.0,0.0133751536593484,0.0156957965569549,fault2
2.0835,-0.0778737550634811,1.548357145331726,29.0,70.0,0.0158253559461579,0.0181022267351992,fault2
1.582375,-0.0948861764848563,1.4678187793265214,29.0,70.0,0.0186604768612631,0.0162730170979663,fault2
0.914625,-0.096972575500765,1.693835750981716,29.0,70.0,0.0188692426539026,0.0135242931970096,fault2
1.87925,-0.1564533468636513,1.4163709490945742,29.0,70.0,0.0140004202356035,0.0180673887508456,fault2
1.318375,-0.1184640487202401,1.663187210147458,29.0,70.0,0.0202328316548527,0.0160348850827722,fault2
0.933625,-0.143526599730254,1.4160809258992069,29.0,70.0,0.0196530453921678,0.0176623740750435,fault2
1.356,-0.1184694576654332,1.5155170574820458,29.0,70.0,0.0186526772113829,0.0158875129117372,fault2
2.3000000000000003,-0.1368547310158501,1.7749656336356423,29.0,70.0,0.0191586476103923,0.0187669409789587,fault2
1.206625,-0.0917785897917151,1.5804007209433233,29.0,70.0,0.0193701171165113,0.0190024578043814,fault2
2.295875,-0.0781048159819849,1.7043474608078075,29.0,70.0,0.0168189718249962,0.0163209747860317,fault2
0.95625,-0.1442819900741427,1.595156317194311,29.0,70.0,0.0156710814063077,0.0170544376699936,fault2
2.30575,-0.1241399963867587,1.7762933714111837,29.0,70.0,0.0170184482013013,0.0220536441925746,fault2
1.088,-0.1125454119785909,1.7568129518705065,29.0,70.0,0.0210695193418093,0.0192286123528424,fault2
0.921,-0.1142197387746618,1.533563745925148,29.0,70.0,0.0154549051628684,0.0146279600005643,fault2
1.62975,-0.1055351788456396,1.5103653037934537,29.0,70.0,0.017377775103089,0.0159136021175744,fault2
0.968625,-0.1358080691595434,1.5646360401969264,29.0,70.0,0.0183541185211761,0.0245513868599252,fault2
1.469125,-0.0678787124488338,1.5048056664610765,29.0,70.0,0.0216060951235506,0.0244409034704663,fault2
0.935625,-0.1569496321457251,1.6234663747043458,29.0,70.0,0.0234660358286746,0.0227688175668324,fault2
1.5245,-0.1074625714628745,1.7616639507792144,29.0,69.0,0.0228996087999978,0.0220630681557903,fault2
1.995125,-0.1287687841345879,1.5747414928876822,29.0,70.0,0.0182992423232003,0.0174810879775286,fault2
2.288125,-0.1229539555024737,1.6472682315473717,29.0,70.0,0.0150774412549389,0.0168081778597282,fault2
1.34925,-0.1283097620357425,1.6220409124495032,29.0,70.0,0.0167463513920351,0.0204957809453625,fault2
1.360125,-0.1888770342350334,1.6922080129652852,29.0,70.0,0.017558930386477,0.015424492040573,fault2
2.1565,-0.1537473894488656,1.5493115929980203,29.0,70.0,0.0171462083082987,0.0177415516186106,fault2
0.954125,-0.1228148005003421,1.422705133166796,29.0,70.0,0.0160118066192188,0.0193287579012849,fault2
1.07725,-0.1099320801922969,1.7544440201003753,29.0,70.0,0.0145186801259202,0.0183365290906093,fault2
2.2695,-0.1284829129687418,1.7044874404937764,29.0,70.0,0.0152801461171546,0.016657395363373,fault2
1.703875,-0.1123839262663158,1.4389004965563743,29.0,70.0,0.0145286616612072,0.0217010183710809,fault2
1.08225,-0.1330064166134167,1.7561940959757265,29.0,70.0,0.0216544195459245,0.0202155585719477,fault2
2.116625,-0.1705217737557982,1.5801204385929624,29.0,70.0,0.0176575645097399,0.0234010491751708,fault2
0.941125,-0.1171919180287998,1.6958167582785757,29.0,70.0,0.0217392513597251,0.0296984159632154,fault2
2.294,-0.1501914528006816,1.4268337614572977,29.0,70.0,0.0290487752523368,0.0215809498232171,fault2
0.98525,-0.1436909501411374,1.4499852849156336,29.0,70.0,0.0193593634562726,0.017392187282423,fault2
0.95425,-0.121839759279955,1.7001696672518685,29.0,70.0,0.0206106747890904,0.0177199669333525,fault2
1.35925,-0.1556243002327459,1.7822629921954396,29.0,70.0,0.0215656267021635,0.0175443958986533,fault2
0.994625,-0.1250460894922425,1.7400134156447378,29.0,70.0,0.0176367787223559,0.0202711921721046,fault2
1.498125,0.0167851025029168,1.7822810349305844,29.0,70.0,0.0227060033299889,0.0193032117090553,fault2
2.008625,-0.1415173208217703,1.6127199437022486,29.0,70.0,0.0186371419213008,0.0170137625358966,fault2
1.115625,-0.143442962433082,1.6589767669760414,29.0,70.0,0.0166318840726755,0.012963356132678,fault2
0.92075,-0.1543781854050669,1.779509333706874,29.0,70.0,0.0157828334080607,0.0214677796911869,fault2
1.336,-0.117039512884519,1.5148278779636812,29.0,70.0,0.0221189540202066,0.0153536018334853,fault2
2.25625,-0.1053275720702559,1.4930626684791428,29.0,70.0,0.0163758992817783,0.0155382400856615,fault2
1.7475,-0.1013499051233429,1.6499536664149517,29.0,70.0,0.0153933884464423,0.015566922297841,fault2
1.378375,-0.1297830355563842,1.723712862602127,32.8473860786031,69.0,0.0010115664644208,0.0200279898934807,fault3
1.58775,-0.171117845408265,1.5299323879410986,31.22848702709112,70.0,,0.0116427944751306,fault3
2.228,-0.1606625815269787,1.4251652811445572,32.24379274218833,70.0,0.0110721773815973,0.014398123628257,fault3
2.181875,-0.1473076348381662,1.4355149789051926,32.455331853178976,70.0,0.0166189958484031,0.0131958653004443,fault3
0.944875,-0.1325900083378853,1.43236942113557,31.04332346782692,71.0,0.0127201708775184,0.0178731280523794,fault3
1.714375,-0.1488381975818908,1.3375453808740323,31.130223788661574,71.0,0.0192753368590668,0.0116288760548917,fault3
0.911625,-0.1656892468922756,1.669019601439863,32.97123308996322,71.0,0.0137208721012987,0.0151562835595964,fault3
1.203,-0.1602054240134582,1.6215536672334907,32.208179770382934,71.0,0.0137182371425149,0.0152243604840641,fault3
2.260125,-0.1514452848215366,1.3484131069593874,32.75353122900732,71.0,0.0148454981489999,0.0157807653936651,fault3
1.757375,-0.16363118710351,1.5320466460230682,31.272014139309665,70.0,0.0172199800912945,0.0135304069738672,fault3
2.271375,-0.1323331774087843,1.5393520195540151,31.539692034652283,71.0,0.0145962480359242,0.0182070509786455,fault3
1.741375,-0.0272594342860621,1.3420639592464194,32.73891660515376,71.0,0.018613198312252,0.0128799904202924,fault3
0.963125,-0.1596544932082845,1.62531813472238,32.18620799500932,71.0,0.0125715764743025,0.0142177925011638,fault3
1.782875,-0.136720275176069,1.6976744817677825,31.469759594733564,71.0,0.0137876766862722,0.0162557049473537,fault3
1.94075,-0.0994034314209627,1.5699086843387071,31.664717178847223,71.0,0.0145624743519364,0.0127151922146766,fault3
1.744125,-0.1149022058189431,1.4646783350561448,31.383647004705853,71.0,0.0133232474028346,0.0128013338485685,fault3
1.0025,-0.1313437164779959,1.3547799131346476,31.365095503979376,71.0,0.0153347546882299,0.0102858069137006,fault3
1.41375,-0.1569645416166964,1.327846499737044,32.941494296682905,71.0,0.0126716587040752,0.0177407370379792,fault3
2.017375,0.0387022193918983,1.3650113527303436,31.44102226953881,70.0,0.0186456758485519,0.0148476264405837,fault3
1.32725,-0.1345435260402098,1.5330927141617303,31.911863219245834,70.0,0.0154804504756475,0.0124619060523797,fault3
2.303125,-0.1548054316119282,1.7995344833454576,32.27931995553877,70.0,0.0147379519367187,0.0136020206657495,fault3
2.13025,-0.1162110963984855,1.6120302116997254,32.1780461758091,70.0,0.0134042775914795,0.0196609035251523,fault3
1.60375,-0.0936332061818582,1.4775145584057507,32.64937099802189,71.0,0.0199311528874512,0.0122754236389963,fault3
1.236375,-0.1332070556765027,1.788961811071523,32.849254087125374,71.0,0.0117925504079436,0.0125541229658016,fault3
2.306375,-0.1427381245390905,1.3824675393588806,32.59774779398193,71.0,0.0126733916713068,0.0143430679985323,fault3
1.08225,-0.1579446720561159,1.7297041598824354,32.523268324522846,71.0,0.017635343007658,0.0149350949858837,fault3
1.448,-0.1251908117787931,1.681738343346756,31.64226880227686,71.0,0.0164253352983339,0.0144712016931172,fault3
1.70175,-0.213024458577447,1.4439648780335457,32.31748009871425,71.0,0.013539805777087,0.0112711300871076,fault3
1.41425,-0.1725303872417097,1.335635743036646,31.289941890174127,71.0,0.0117419149151431,0.0157617994016439,fault3
1.021125,-0.1393901101251964,1.5007677352922306,31.31482752428529,71.0,0.0166704117673952,0.0154197212656917,fault3
1.402625,-0.1369544737748319,1.7322555416942786,31.75475458073897,71.0,0.0163251234711427,0.0125107412131841,fault3
2.188,-0.1709146015130054,1.3177582704613102,32.46883750898682,71.0,0.0138590956365843,0.0127569863076166,fault3
1.0735,-0.1593959386695097,1.58618649772982,31.99146666384892,71.0,0.0142898269567999,0.0166790551411659,fault3
1.4495,-0.1377680610561142,1.4888155910363898,31.16371790527318,71.0,0.0145631829627474,0.023135053737582,fault3
1.11725,-0.1898934134574396,1.416309580755525,31.27689636730731,71.0,0.0224827384123059,0.0131280979187225,fault3
2.262625,-0.1323909889739745,1.795610527056248,32.92169602751091,71.0,0.0118219086603451,0.0152709009179522,fault3
1.89325,-0.1737618955736428,1.7478453656183344,31.11429302160426,71.0,0.0130639246060335,0.0125303132113331,fault3
1.501375,-0.1436241480691985,1.4315941419289977,32.443572450937275,71.0,0.0123506348221808,0.0151276709910189,fault3
1.90775,-0.1137456373674811,1.5677554017759034,31.761567280240104,71.0,0.0133570530146065,0.0127531518150457,fault3
0.952625,-0.1255495963617602,1.7724481065171562,31.244635625828224,71.0,0.0137520693127613,0.0130271804099074,fault3
1.0045,-0.1389569257104693,1.5555085510583124,31.67249989343411,71.0,0.011841993035283,0.015811436356663,fault3
2.191875,-0.1599081178401602,1.7396584585572925,31.908928123206497,71.0,0.0169813509674879,0.0139859673816995,fault3
1.979,-0.1672056909907541,1.6762929473597743,31.79272911851625,71.0,0.015249860961736,0.0182336579488504,fault3
0.927625,-0.1354032214444368,1.6474405885761008,31.534094271769927,71.0,0.015540569998214,0.0124135336878153,fault3
2.207625,-0.0968078703784446,1.459539491680382,31.759987975170503,71.0,0.0120023364876458,0.0185572594060048,fault3
1.104875,-0.1269186952883621,1.3091046656408585,31.28680022109977,70.0,0.0165778604186812,0.0153665839276206,fault3
0.936125,-0.0114016210152244,1.4712667189362143,31.36823991272975,70.0,0.0135965083858471,0.0151591378413206,fault3
2.183125,-0.1706479291549057,1.373633303601115,31.25185927129172,70.0,0.0143849166345202,0.0148270943976917,fault3
2.285,-0.1666226580557027,1.6767456991172285,32.85530261535466,70.0,0.0134835078689664,0.0187772373139897,fault3
1.0085,-0.1352005197000821,1.7212237228386638,32.221414941893435,70.0,0.016726470237099,0.0121603404856368,fault3
1.268625,-0.1351940327563675,1.692985611368969,32.85554882101837,70.0,0.0119435469870805,0.0160908159260031,fault3
1.02325,-0.0927661567958474,1.30321000855574,31.054873768999343,70.0,0.0155435054793135,0.0138734999042109,fault3
1.33875,-0.1742537714395408,1.5158757972192465,32.32967212054395,71.0,0.0133110327585647,0.01704317960497,fault3
1.084625,-0.1253410264745071,1.5023984882274464,32.53149350959324,71.0,0.0181681415122168,0.012445539256893,fault3
1.879,-0.169321452800068,1.6664239754357688,31.43708247973369,71.0,0.0112344455135661,0.0136829479637415,fault3
0.917625,-0.159027137989126,1.3419831709631878,31.952273837200234,71.0,0.0136079154958009,0.0160108575592581,fault3
1.762875,-0.1668455648380724,1.7219509941843572,31.49286588581193,71.0,0.0148347659156948,0.0120875996552784,fault3
1.288625,-0.1470166334277693,1.552900127878758,32.90087253727189,71.0,0.0113000330468188,0.0135735408148953,fault3
1.9355,-0.1678541890453195,1.3525639887901435,31.961876587140367,71.0,0.0139760348042475,0.0123239016627035,fault3
2.07075,-0.1732056739274708,1.3665431708486755,31.147723038431444,71.0,0.0129807020514534,0.022282501959434,fault3
0.912875,-0.1430653968139645,1.5057986337025977,32.62755535552005,71.0,0.0187897011145888,0.014109451285503,fault3
1.684875,-0.1105401030863888,1.785733660474577,32.67377565829917,71.0,0.0128097763115601,0.0142102494480249,fault3
1.351375,-0.0597688426820276,1.671303535219015,30.29968020566624,68.0,0.0009952338800063,0.0130377736816179,fault3
2.235625,-0.1278249171940031,1.5479938267808604,31.54603531776222,68.0,,0.0135857106225981,fault3
0.924875,-0.1356026366122635,1.793981455627855,31.60114568122644,69.0,0.0137114128373083,0.0114922628261278,fault3
2.30875,0.0656391320395787,1.558203793235171,30.84180116137756,69.0,0.0105900058053955,0.0162776165835006,fault3
0.99775,-0.1677270997076639,1.6724179962901085,30.36652280225138,69.0,0.0139067791184386,0.0106275801695659,fault3
1.523,-0.1209599215770425,1.543824320705154,31.36891791080385,69.0,0.0100218409999677,0.0146204135339155,fault3
1.84175,-0.1431747452261458,1.737550100461295,31.112894901619867,70.0,0.0133457205465508,0.0107901490669929,fault3
1.719375,-0.1210783534300098,1.6821854312817586,31.27222010229602,70.0,0.0113951026566522,0.0182825398142157,fault3
0.93825,-0.1316474300142748,1.411659892357413,31.26025998928028,70.0,0.014867856432144,0.0107566233492188,fault3
1.467,-0.1273099907715325,1.397424368033099,30.02407975813724,70.0,0.0128731380980819,0.0181372883989474,fault3
1.613375,0.010164327389008,1.305963823211441,31.16983102054116,70.0,0.0188241270302252,0.0139796646816442,fault3
1.364875,-0.16439884163155,1.4804329874896995,31.81261604288626,70.0,0.011800223877301,0.0177562014706347,fault3
2.09175,-0.1555569677910219,1.3225587960791048,31.934212049261177,70.0,0.0183958544121073,0.0108650286338444,fault3
2.2527500000000003,-0.1113778956248038,1.6881191020991029,31.64823549183543,70.0,0.0126543600271122,0.0136811734715438,fault3
1.272,-0.0937459421709538,1.6551033438211038,31.958871732295503,70.0,0.0146860126560304,0.0105297411226994,fault3
1.033875,-0.1081944783404495,1.5282748572685465,32.398951082908006,70.0,0.0129565130113122,0.0124542359864696,fault3
2.30125,-0.118751269576522,1.7770483559792083,31.13517964583314,70.0,0.0116124503400525,0.0114587108584566,fault3
1.431375,-0.1543942328439263,1.476080227445722,32.93883382758762,70.0,0.0097928811108652,0.012467308307926,fault3
1.698,-0.1628206562398992,1.4965730717799577,31.97079019193812,70.0,0.0142342695457955,0.0104839030316356,fault3
1.251125,-0.120602637769292,1.57466647735146,32.04192781175665,70.0,0.0096344671381703,0.0128848319466949,fault3
1.056875,-0.1216220377997513,1.589559575249138,31.75510279107102,70.0,0.0107304072058113,0.0091431968991635,fault3
1.483125,-0.1533501624018263,1.7179518528435147,32.222714603933575,70.0,0.0101394582057101,0.0142768070929303,fault3
1.329375,-0.1554790728691144,1.5648428890887602,32.76583912386465,70.0,0.0142606344524051,0.0114847595043782,fault3
2.31075,-0.1375145200841239,1.4010652754308874,32.60772661645014,69.0,0.0116484904947069,0.0129186041395487,fault3
2.296125,-0.1630533893317202,1.5688561333648297,32.0347356250988,69.0,0.0133673642927348,0.0129465388853742,fault3
1.206125,-0.0991662841386981,1.5935283511568372,31.928479345991896,70.0,0.0130718339392806,0.0124969532218883,fault3
1.279,-0.084545715657546,1.689713867471208,31.262378405477968,70.0,0.011965024770707,0.0105774469132833,fault3
1.82175,-0.1090951975054602,1.4302494977620883,32.386161742314584,70.0,0.0128057474254222,0.0132036835166758,fault3
1.200625,-0.1508045029912097,1.737009806167214,32.54086214133052,70.0,0.0123314777871773,0.0104679937259927,fault3
2.238875,-0.1205081660268019,1.3189189102414938,31.611966399539877,70.0,0.0103145674421968,0.014047625201143,fault3
1.4315,-0.1621943054613716,1.722871493777952,31.58317404127013,70.0,0.0137929124891892,0.0107384669979141,fault3
0.9715,-0.1548200592880293,1.5639207843549372,32.93074519670748,70.0,0.0099342330598812,0.0094974470470487,fault3
0.915,-0.1444766675113828,1.6074765450821094,32.3617267647089,70.0,0.0108395765491872,0.011543559426423,fault3
2.115625,-0.1240364457222077,1.5238659453823054,32.713314307792864,69.0,0.0110288770827562,0.0113075169895698,fault3
1.7455,-0.1507523432145441,1.4022574593167385,32.16814890741949,69.0,0.0122748086395767,0.0159372446645364,fault3
0.91375,-0.1409477113981407,1.3195939043938971,31.58054618408007,70.0,0.0167205261684548,0.0128938058361339,fault3
1.0195,-0.1460394504212621,1.428749044117508,31.00697095775336,70.0,0.0121240545613655,0.015640796129834,fault3
1.992125,-0.1525182848888276,1.4446008469480898,31.46143815609057,70.0,0.0151915644836358,0.0105557486565333,fault3
1.021875,-0.1264834937773342,1.3114347759362213,32.61040960554732,70.0,0.0105982523366218,0.0124033249278308,fault3
2.290875,-0.1117009213490015,1.7131298148649434,32.8285172151363,69.0,0.0132570371857109,0.011215257059028,fault3
1.550125,-0.032588510822706,1.7611551006855926,31.26729839062611,69.0,0.0096700828526813,0.0158630029686408,fault3
2.310375,-0.1973881098055676,1.3601806521175772,31.60425504394414,69.0,0.015119163828563,0.0105571507145656,fault3
0.958,-0.1398612600605061,1.5798170995377865,32.682463517492195,69.0,0.0106853291762781,0.0159988327330021,fault3
2.21625,-0.1196129371142501,1.667871357708426,32.74842226501478,69.0,0.0146299930163371,0.0117652792522388,fault3
0.9865,-0.1240377380310375,1.6966103806082715,31.16039834546919,69.0,0.0120538360770334,0.0148148764491106,fault3
1.798125,-0.1321417522806103,1.584603232513123,32.347124798588794,69.0,0.0158793129856449,0.0110084675810978,fault3
2.308875,-0.1387673812408779,1.5036985222113566,31.3493956479368,69.0,0.0108970574857853,0.0196368631131177,fault3
0.96675,-0.1425327371561392,1.597052770351003,31.455428765125408,69.0,0.0159971031035066,0.0131319404360881,fault3
2.24475,-0.1214696269726171,1.5809411862613283,32.72376662989644,69.0,0.0112677565145802,0.0163252332353739,fault3
1.111,-0.1652948255345949,1.572787375580082,32.44570760668564,69.0,0.0180401510763987,0.0132360315555806,fault3
1.826875,-0.1412290032396562,1.705824327451906,31.60173354909004,69.0,0.0108498127447205,0.0153043351355486,fault3
1.896,-0.1862087310836485,1.5135052276358838,31.15218106367328,69.0,0.0134733854273224,0.0099638549683742,fault3
0.92225,-0.1370901990286277,1.7211142552792136,32.406684565716695,69.0,0.0107750372661498,0.0128131291470475,fault3
2.013,-0.1875039030071155,1.5340393958199066,32.65160857157106,69.0,0.0147896362472481,0.0101742675422688,fault3
1.485375,-0.1606988451405164,1.455823320454905,31.29853644348029,69.0,0.0113447753927608,0.0120907175243575,fault3
0.964375,-0.1719974517949243,1.6712212880126696,32.68753893293431,69.0,0.0133784665804533,0.0103056440176536,fault3
1.821,-0.0720097536094835,1.4461364259273637,31.409634737947016,69.0,0.0103325096428098,0.0112082412604967,fault3
0.94075,-0.1114591622438373,1.4126100439871,32.36842420076266,69.0,0.0127004936936612,0.008940750424893,fault3
1.484,-0.1083152372062782,1.6068371080532964,31.15473864200464,69.0,0.0095248894080923,0.0116158142458377,fault3
2.070875,-0.141274392269768,1.5753357009960802,32.28271968922834,69.0,0.0125888409286599,0.0109671795770874,fault3
1.041125,0.0219661943858059,1.3740469801028503,32.50607921768421,69.0,0.0109275192639718,0.0128234943619104,fault3
2.132375,-0.1602557343748427,1.5303085854968768,32.25303228750293,69.0,0.0115388588950999,0.0092080328470051,fault3
1.241875,-0.1394298457911823,1.421082559719482,32.35589253104766,69.0,0.0100388363244917,0.0127213849166559,fault3
1.941625,-0.1472186781701536,1.4209072159339242,32.203583673363454,69.0,0.0124526569379924,0.0098030763619682,fault3
1.60025,-0.0948350110724203,1.3258229801513957,32.448189195267496,69.0,0.0115473959102322,0.0127256450787192,fault3
1.18575,-0.0304344592683572,1.7987764011374552,30.18146413659148,69.0,0.0010566031467901,0.019997718990823,fault3
1.2915,-0.1501978217914225,1.6990379226955727,31.262646973166337,70.0,,0.0138131268052093,fault3
1.57325,-0.1534964246022953,1.484522875174572,30.120951758752746,70.0,0.0155148121177585,0.0205832992041568,fault3
2.125125,-0.0861922884598844,1.3825500965252382,31.584133301863847,71.0,0.0221632552744235,0.0148082365551007,fault3
1.849625,-0.1048471710043611,1.497102668184476,30.263049851180817,71.0,0.0146892872152211,0.0206652601818247,fault3
0.9555,-0.0794051187828807,1.5575897563723782,31.06801623167695,71.0,0.0188756316575353,0.0168009851677675,fault3
2.0425,-0.0980739629179005,1.7101957209592755,31.82191340257085,71.0,0.0163831121268603,0.0167597404477721,fault3
1.744125,-0.0763149227260249,1.3539697378453166,32.55151905514085,71.0,0.0186088975547309,0.0137297649786708,fault3
1.15025,-0.1496188047850231,1.4117102471198737,31.186758766526424,71.0,0.0150267012189758,0.0201337558159021,fault3
0.929625,-0.1378316513040156,1.7525321811478878,31.15266720788255,71.0,0.0192099661626491,0.0163311817786557,fault3
2.20275,-0.1521142948203954,1.4892352418186838,32.33064533910668,71.0,0.0180787141587372,0.016960604418978,fault3
1.17375,-0.109552821560155,1.520678376040555,31.60333469756121,71.0,0.0170346396279879,0.014281590104757,fault3
1.1685,-0.1411991050528909,1.5596398111513228,32.590520070838814,71.0,0.013436668975673,0.0169332856335341,fault3
2.289875,-0.1137145768114823,1.6817543682482583,32.12735908183893,71.0,0.0142269688093405,0.0175407401506826,fault3
1.04575,-0.1066247831628871,1.6547510982297298,32.10321633269519,71.0,0.0189372402262944,0.0180600034948605,fault3
1.146125,-0.134218536352657,1.6372679331533735,31.78549611854227,71.0,0.0192202096983167,0.0159050283980256,fault3
1.811875,-0.1323750191619458,1.748330368537979,31.46549638001983,71.0,0.0151136226493197,0.0191540345265303,fault3
2.125125,-0.106122366830717,1.3840423542910596,32.91918682454196,71.0,0.0163456260222945,0.0139091863621937,fault3
1.922625,-0.1005956028357848,1.764053076092563,32.34194403616693,71.0,0.0116826440687143,0.0203862831671758,fault3
1.151875,-0.1034193930312674,1.3387607430980284,32.62515807320532,71.0,0.0193329797284893,0.0169195338268154,fault3
2.29,-0.0945069847552334,1.7807852887063207,32.39752922711624,71.0,0.014402499034926,0.0191837182397752,fault3
1.33925,-0.1655574891510038,1.5677226972207352,31.30643631711398,71.0,0.0190857194116096,0.0126862526211745,fault3
1.062625,-0.1213479956458921,1.4181169033316887,31.07364804154738,71.0,0.0140533189257479,0.0200727020281355,fault3
2.3105,-0.1463175383281232,1.5692541812005516,31.52377655266571,71.0,0.0216464500328111,0.0150851148229043,fault3
1.051125,-0.1094586174394701,1.4694327856462213,32.957684084439066,71.0,0.0152595306765279,0.0168194681429433,fault3
0.941125,-0.1068247415856164,1.7843433305712513,32.863767597106964,70.0,0.017177931305316,0.0148915997345852,fault3
1.002375,-0.1348449330391114,1.5480291825856995,32.06138312590711,71.0,0.016099324946458,0.0177948168845597,fault3
1.241375,-0.1168013809278932,1.634968055281452,32.50753429254537,71.0,0.0171722955620077,0.0186531980153039,fault3
2.205625,-0.1164841234849488,1.4192917745025535,32.1489899408345,71.0,0.0195520979038975,0.0137663159542217,fault3
1.9645,-0.1380078035221187,1.6256191441165038,31.487724496652326,71.0,0.0133903505322124,0.0180524972369347,fault3
2.304125,-0.1237035251073263,1.4803581405930732,31.69824684873274,71.0,0.0153884553339391,0.0133321381739996,fault3
0.93575,0.0463284089968673,1.5567700404418896,32.81249899526806,71.0,0.0127332513745483,0.0149859143764568,fault3
1.133375,-0.1178712021488141,1.7306474782448606,31.838237402459463,71.0,0.0160734056389231,0.0198357887311988,fault3
2.224125,-0.0934620913722846,1.3429886290405348,31.192143913396823,71.0,0.0195194332328049,0.0184729203408469,fault3
1.868625,-0.1181661495192911,1.7451368427077871,32.27552809753379,70.0,0.0181802658184424,0.0174415274627433,fault3
1.717125,-0.0084107461608572,1.7875361397581189,32.466383405907195,71.0,0.0147141097986334,0.0170633409942112,fault3
1.849375,-0.133608229571752,1.3600576715294443,32.401257728271446,71.0,0.0172460309838418,0.0162370543823724,fault3
2.2595,-0.1418881629329876,1.420752230014062,31.7065772373909,71.0,0.0164135978439986,0.0124737608276312,fault3
1.19775,-0.1186629083086197,1.4232305640312486,32.702103764048466,71.0,0.0143169083875987,0.0175162693271111,fault3
2.283,-0.1547074847819282,1.5845493893349003,32.5532842754624,70.0,0.0190559582032399,0.016400816504954,fault3
2.19275,-0.1129632974148776,1.5118301170348691,32.06634717256345,71.0,0.0168482209217054,0.015766487795038,fault3
1.029375,-0.1429084554116388,1.33652603694631,31.81357862565116,71.0,0.0156995639122823,0.0204896051648218,fault3
2.264625,-0.127593838729684,1.651497733325645,32.05872185476808,71.0,0.0233201728648973,0.0138720129966059,fault3
1.79,-0.1424022957418782,1.7897992279165793,31.809767001820987,71.0,0.0138558803625463,0.0173922390507987,fault3
0.921875,-0.1295746244561551,1.514479316899616,31.474237126269443,71.0,0.0178928048458432,0.0146740503215788,fault3
1.852625,-0.0885296331611005,1.5134553960692028,31.93113996262436,71.0,0.0148090902807892,0.020597284164746,fault3
2.031625,-0.1011998006100959,1.4782138171650798,31.107305264403543,71.0,0.0184542296347037,0.0120294903248872,fault3
0.939375,-0.1536884220834238,1.4029643784856929,31.701306882141715,71.0,0.0147276870953223,0.0205753164746892,fault3
2.07075,-0.1175824258397179,1.7455147528695578,31.877076856432254,71.0,0.0197210552634811,0.0162898874415686,fault3
1.30375,-0.1347230318276914,1.6034905566730389,32.457448942136644,71.0,0.0143461343340902,0.0195438912709754,fault3
1.689,-0.092629431651917,1.5699561007814469,31.05378490819309,70.0,0.0165139352287891,0.0131608538175599,fault3
2.194375,-0.1427602627020434,1.375251800411969,32.32720795600987,71.0,0.0158606507925125,0.0155173887728169,fault3
0.93775,-0.1439850535440756,1.4911447230939086,32.767812102364246,71.0,0.0174470125296151,0.0155533019273991,fault3
1.071625,-0.177063356286437,1.4155928418033044,31.64713791165594,71.0,0.0141626879385749,0.0151300794560049,fault3
1.4605,-0.1264560939251279,1.4119085496157575,31.73382406255111,71.0,0.0159464887419365,0.014074316593197,fault3
2.1975,-0.1334012805654291,1.7968397771038147,31.0871298903374,70.0,0.0135663402286599,0.0122399067208004,fault3
2.305875,-0.1558394050927945,1.525464984453388,32.444308389734275,71.0,0.0130930386013693,0.019643622041709,fault3
1.112625,-0.1264207999440529,1.445707461720254,31.201977038597345,71.0,0.016846524875493,0.0160156941253297,fault3
1.14875,-0.1570445806815477,1.5778544991640575,31.43221177928316,69.0,0.0014039332824305,0.0160507849109487,fault3
1.668875,-0.0915304420435794,1.469239302250934,32.05543518193633,70.0,,0.0144435434401982,fault3
2.258625,-0.0856702997670578,1.46486676753428,31.545858982034098,70.0,0.0131081601862667,0.0165006106291775,fault3
1.24675,-0.0895710735986215,1.7361581161841162,32.11403872368782,70.0,0.0155142585773025,0.015982956878797,fault3
1.006375,-0.2270678438930234,1.699300091982565,31.471364117877396,70.0,0.015737415144162,0.0153009560363891,fault3
1.803,-0.1475019691965167,1.3164223411170792,32.068671317645965,71.0,0.0148471206101702,0.0134818909759678,fault3
1.284,-0.1563722253716849,1.663395652080342,31.341368142634863,71.0,0.0153431855351198,0.0161802137984901,fault3
1.09625,-0.101415525285737,1.6418000106245103,31.364376381965428,71.0,0.0160206287126883,0.0173597987863773,fault3
2.0455,-0.0841268902941745,1.4003963576538732,31.28539096950539,71.0,0.0180520930685567,0.014940322611955,fault3
2.2411250000000003,-0.1224369675582188,1.6795768263028177,31.87688201729374,71.0,0.0121305666853172,0.0169611629172337,fault3
0.947125,-0.1352418112075461,1.3204757255443276,31.23973613035344,71.0,0.0182960952425225,0.016753679193428,fault3
1.59125,-0.1381006272972272,1.6179478677011694,32.01933725251348,71.0,0.0149064661085272,0.018766201897211,fault3
1.809,-0.1462725104824294,1.7697219076352204,32.51971019987166,70.0,0.0207820104243961,0.0183451178838883,fault3
0.908875,-0.0947041344329134,1.3458978374137307,31.23353080643028,70.0,0.0176191873647213,0.0125827177444919,fault3
0.9785,-0.1256182975609554,1.7048373921438047,31.131286710367544,70.0,0.0140025321983877,0.0210390264231427,fault3
2.140125,-0.0962818694840852,1.5989164318317393,31.69847732430317,70.0,0.0215879522649632,0.0149890637542602,fault3
2.022,-0.1427620904513679,1.326594179993785,32.83043014015878,70.0,0.0140928778523656,0.0204436921222324,fault3
0.908,-0.1202191288193069,1.5257099014919042,31.749614598795773,71.0,0.0190096108613439,0.0115495730363771,fault3
1.2455,-0.1370486429962797,1.7372354067029236,32.43631494996943,71.0,0.0128130569383777,0.0190774779856626,fault3
2.138875,-0.0967810984891094,1.581929994659294,31.698805426758792,71.0,0.0195431206781518,0.0149323595939608,fault3
0.941,-0.1453650038999724,1.5837314330387875,31.62256148149717,71.0,0.0156178834416088,0.0161770901043015,fault3
1.266625,-0.1749282851428452,1.6512407680002903,31.4680389421407,71.0,0.0179924489992647,0.0172655922799244,fault3
2.1315,-0.1419449713844708,1.6617056706899982,32.74666204618308,71.0,0.017096376218938,0.0176425725120258,fault3
1.909,-0.1345198593409743,1.6565131546502645,31.33269710385253,71.0,0.0171221453285337,0.016024262970848,fault3
1.232625,-0.1520989998042958,1.6204876189717612,31.96331457072736,70.0,0.0170484529753656,0.0136279638977407,fault3
2.2763750000000003,-0.1590619713041621,1.3518216254613318,32.637436891678135,70.0,0.0152441243256376,0.0144780001790201,fault3
1.565875,-0.1203519923368786,1.609215387267393,32.75138265804684,70.0,0.0134949821231856,0.0140730706465825,fault3
1.291125,-0.1193328968946188,1.527492660985566,32.20672323967268,70.0,0.0153051142145773,0.0208313241959157,fault3
2.3005,-0.1500894715631584,1.368934343849542,32.49358709946036,70.0,0.0217396904028516,0.0140437373250631,fault3
1.668,-0.1408758759687254,1.734433868506411,31.80082239348292,70.0,0.0137052809108646,0.0186874220478006,fault3
1.34775,-0.1314558731956309,1.693227120882793,31.99346758478528,70.0,0.0182777124382836,0.0144515752381606,fault3
1.631,-0.1301036911050747,1.6030167666215918,32.0046203234158,70.0,0.0153170110038296,0.0232181237466076,fault3
0.9155,-0.1392258579409195,1.7510780773726975,32.35667986651061,70.0,0.0234581849932936,0.0132575172207981,fault3
1.077125,-0.1632465113562939,1.5345628502809552,32.27336573712845,70.0,0.0141562606277718,0.0157382427428753,fault3
2.242125,-0.1527884022442294,1.5910805096232596,31.43546573787524,70.0,0.0184326345001375,0.0137149286611606,fault3
0.914625,-0.1381506629445322,1.656754018607656,31.126331553993943,70.0,0.0142455020591682,0.0178032813451857,fault3
1.638625,-0.124976263024705,1.3130305558728843,31.1579893979554,70.0,0.0179449971396155,0.0134102713601073,fault3
1.337875,-0.1311348403994789,1.5699310250591334,31.82211542628324,70.0,0.0135192832405148,0.0141077845353816,fault3
1.984,-0.0916791613870285,1.5894804166960896,32.01043518981579,70.0,0.0164669888615397,0.0153786286522907,fault3
1.482125,-0.140374120133405,1.516127338589803,32.558348068560825,70.0,0.0164642333908568,0.0188180207151968,fault3
1.202,-0.0645889126836708,1.7282944642033795,31.78864110886236,70.0,0.0156077629327515,0.0121426393627218,fault3
2.146125,-0.1059739791708027,1.3742361412965065,32.41195062700896,70.0,0.0144165967812157,0.0143938666245541,fault3
2.128,0.027109090693207,1.569327277918603,31.08217133306003,70.0,0.0129053435491669,0.0162450026689583,fault3
1.46175,-0.1373798457055931,1.7564107811291432,32.22204818413485,70.0,0.016700098897711,0.0141938988488501,fault3
0.991,-0.1235620310577453,1.352668310376889,32.71059681850728,70.0,0.0156076117637317,0.0171922530474231,fault3
2.143875,-0.1490221384758578,1.7548110439658924,32.85264047730775,70.0,0.0159065515242667,0.0129426643527702,fault3
1.7815,-0.152627978180512,1.546119423087141,31.04862999189057,70.0,0.0139318215713127,0.0186973161180389,fault3
0.93425,-0.134348682825734,1.5456167557316052,32.72243240285187,70.0,0.0191876446510045,0.0174411773479526,fault3
2.278,-0.1382576875882771,1.5587095809022504,31.537515709015487,70.0,0.0177595286638788,0.0161672033664359,fault3
1.81125,-0.1995651152906208,1.5069760180115812,32.794228972646046,70.0,0.0133244056278057,0.012791956103152,fault3
1.201625,-0.1204520544558296,1.3134366639506716,31.930195228297052,70.0,0.0135864259831411,0.0145670601586346,fault3
2.307875,-0.1466356657894644,1.4783678375013043,32.325882269753016,70.0,0.0160316264804829,0.0174253206511343,fault3
1.1015,-0.1383277627641887,1.3255340052253994,32.21321021645486,70.0,0.0182913284776896,0.0141782397824251,fault3
2.30925,-0.1559004905252204,1.5522967332588846,32.04107495820342,70.0,0.0117259297193651,0.0154893344862576,fault3
2.019375,-0.158352193096283,1.7279812441033682,32.796320361637015,70.0,0.0163655077621949,0.0141722261240341,fault3
2.294125,-0.1386836774738352,1.53108281005047,31.962982007203,70.0,0.0160244352289277,0.0129241969999512,fault3
1.22625,-0.1552630842093031,1.56652389248976,31.52520881841356,70.0,0.0128697084207871,0.0174410924630015,fault3
0.92275,-0.100445329272165,1.67994370236599,31.86361129394554,70.0,0.0164977881400132,0.018525620663035,fault3
1.664375,-0.1161116767671366,1.320413046379718,32.911672967297456,70.0,0.0160027791951216,0.0142792460779519,fault3
1.264125,-0.131348627750576,1.636914263691582,31.73126606884829,70.0,0.0151234519683178,0.0150293825880146,fault3
1.433,-0.1254751820858018,1.504841540767231,31.721750553820677,70.0,0.0154170075235465,0.0143890495907603,fault3
1.96875,0.0141892685041691,1.5138462973459004,31.231252277297006,69.0,0.0160541565202936,0.0147796020146502,fault3
1.98725,-0.1370199435165808,1.343282801044596,31.276162166448103,70.0,0.0128971698608854,0.0180454847030401,fault3
1.015875,-0.0271020972575921,1.604688524984375,30.280487171243102,69.0,0.0014638275791986,0.0234517234981212,fault3
2.23575,-0.0755972682254991,1.6668792127407843,31.24061066204362,69.0,,0.0140513408181302,fault3
1.478375,-0.0360541901765377,1.4032077933280322,30.3030911463582,70.0,0.015489310766737,0.0213063861258895,fault3
0.915625,-0.1387159124169936,1.7308799565479032,31.344620283887195,70.0,0.0190059308335463,0.0167906436155655,fault3
1.83675,-0.1567747790697045,1.337773227959991,31.83601614919784,70.0,0.0165613265628306,0.0206082479161926,fault3
2.203625,-0.1295388471117422,1.7538408997235624,31.53635563965064,70.0,0.0187622337157437,0.0129476427740974,fault3
2.246125,-0.1540331482966431,1.6163571989306162,31.44703522428185,70.0,0.0149022055150253,0.0209263931621021,fault3
0.93825,-0.1146205173311653,1.4093312853521966,30.015597771243947,70.0,0.0200051022512928,0.0160139226326022,fault3
2.308375,-0.1081100637991922,1.6853012842341644,30.61235725226385,70.0,0.0145456241193317,0.0162912991214199,fault3
1.69825,-0.1199748210935459,1.6076028812911496,31.437394526048333,70.0,0.017478570722592,0.0144936861129871,fault3
1.245,-0.1439656047263636,1.4138464775773782,31.90561510530494,70.0,0.0143909125235332,0.0171287578241548,fault3
1.623375,-0.1171177377882233,1.5681913704278236,30.07755395050409,70.0,0.0204333479098317,0.0182537151975269,fault3
2.270625,-0.0736970882169711,1.6532553127714,31.38785042776824,70.0,0.0176471647527793,0.0163639305406633,fault3
1.02475,-0.1173373045772291,1.543072209966171,30.34859467023594,70.0,0.0141654392347086,0.0162133806949833,fault3
1.806625,-0.155939980904692,1.7091111729827255,31.876117823318683,70.0,0.0157780743976123,0.0178172494758411,fault3
1.241,0.0793678267733278,1.4439505232492371,30.36448334706044,70.0,0.0196245767298127,0.0182796326551163,fault3
2.2895,-0.1275747899987762,1.7183131547767605,31.291211406084862,70.0,0.0157231612611586,0.0176797702249603,fault3
0.98425,-0.1408726910727323,1.7805819108942365,30.45710323785382,70.0,0.0178259523833602,0.0160490356170256,fault3
1.54425,-0.1472658557014512,1.3022332600990976,30.35482699015997,70.0,0.0154266267140153,0.0228250711658175,fault3
0.93875,-0.0868342284865549,1.7120166621893218,32.80556120683661,70.0,0.0218414741906033,0.0151426329250287,fault3
1.97125,-0.1342883372135409,1.3567393033712682,32.4877150653007,70.0,0.014855590471839,0.0176524225251517,fault3
0.929,-0.0710683724047194,1.433884608402123,32.679043590870506,70.0,0.0154907080297397,0.0168920167765211,fault3
2.0085,-0.1199241899840296,1.7284777331613808,32.175861136912374,70.0,0.0153411439232069,0.0147731065283769,fault3
0.917,-0.1277548813807659,1.5081117293992137,31.930077447745184,70.0,0.0131805827503023,0.0185783021969207,fault3
2.0835,-0.0726308238335914,1.7981043227719349,32.6113217546347,70.0,0.0184811708947284,0.0181609363215249,fault3
1.582375,-0.0955081951501954,1.7266406334191509,31.781670035105407,70.0,0.0205549979842612,0.0182676739416065,fault3
0.914625,-0.0943009557755998,1.7424099490484233,32.50570925817088,70.0,0.0148558875588694,0.0135671327138756,fault3
1.87925,-0.1618383907824401,1.7785349423752963,32.1487665240615,70.0,0.0144231770262282,0.019419136695427,fault3
1.318375,-0.1250725556466174,1.5385835866077788,32.79491445962148,70.0,0.0167000645642773,0.0171397828586774,fault3
0.933625,-0.1475864450160246,1.3658685034029894,31.03418151032585,70.0,0.0159536069024697,0.0166563425294724,fault3
1.356,-0.1152895905643073,1.3487178782322005,32.45984935269721,70.0,0.015692268671873,0.0173576491712474,fault3
2.3000000000000003,-0.138577904869324,1.301467598499807,32.34033811940516,70.0,0.0177141261671809,0.0208816428924353,fault3
1.206625,-0.0962804289615928,1.7420843226712917,32.972577707037765,70.0,0.0173942832370196,0.0169696534355188,fault3
2.295875,-0.0750381511060617,1.48279175874046,32.23143032568568,70.0,0.0172251992633536,0.0150650518440422,fault3
0.95625,-0.1407168918442061,1.744019932457698,31.214076375082545,70.0,0.0147210619665865,0.0174714905373621,fault3
2.30575,-0.1257781033610947,1.4943036660775162,32.45232994349457,70.0,0.015423593739672,0.0200039896071971,fault3
1.088,-0.1157980549088811,1.3233921949748666,31.26671004262058,70.0,0.0208720708482654,0.0173412742512726,fault3
0.921,-0.1120607816266748,1.534864367268732,32.911864634034714,70.0,0.0158236522712477,0.0172994498529459,fault3
1.62975,-0.0987567122182691,1.5132571901193923,32.825826343392144,70.0,0.0170520838719735,0.0166360285063941,fault3
0.968625,-0.1341080898409208,1.3753093686858948,32.640470439269585,70.0,0.0184937847826289,0.0207319935328977,fault3
1.469125,-0.0688908568237271,1.602874138577722,31.069676773700245,70.0,0.0186759669171619,0.0224243936134584,fault3
0.935625,-0.1469304654964029,1.6161875916291824,31.85472671403471,70.0,0.0203970834291184,0.022798378940399,fault3
1.5245,-0.1008100816033159,1.5711985129356236,31.187796181495127,69.0,0.0186562656171075,0.0179756571955713,fault3
1.995125,-0.1313702019120212,1.6527066578001208,31.39884766191225,70.0,0.0169589735041357,0.0149491577540671,fault3
2.288125,-0.1281264773451387,1.7477344819687928,32.65203488847768,70.0,0.0184899340618882,0.0169541770706007,fault3
1.34925,-0.1226231542601316,1.386803319742658,32.5254300612405,70.0,0.0143120640824438,0.0179980186918499,fault3
1.360125,-0.1931288187092391,1.5205462527968572,31.98893343114885,70.0,0.0166936669012175,0.0163548317471479,fault3
2.1565,-0.1502879478371115,1.7994147052792813,32.60762341477756,70.0,0.0156463978612441,0.0168211811846962,fault3
0.954125,-0.1301731865254348,1.787570650984749,31.855545445330065,70.0,0.0176550789120698,0.0150898818977408,fault3
1.07725,-0.1043610427255314,1.7936968027582303,31.27066886074807,70.0,0.0160905331501094,0.0153234449461362,fault3
2.2695,-0.133127477246642,1.644059385348988,32.75205769157187,70.0,0.0168039499810878,0.0167220096045603,fault3
1.703875,-0.1163812168506005,1.611643127591185,32.7180436788394,70.0,0.016181900841258,0.0203395080494358,fault3
1.08225,-0.1425325274230418,1.3582484019345058,31.908468544554744,70.0,0.0172255708660999,0.017754719069395,fault3
2.116625,-0.1681987483747891,1.786664051165911,31.501870789485725,70.0,0.0164074436563471,0.0212210531837599,fault3
0.941125,-0.126524915646941,1.680041737273815,31.57506259524505,70.0,0.0203058965496676,0.0309611325064771,fault3
2.294,-0.1455914543690423,1.6124403746581168,31.68605666474984,70.0,0.0274844956539149,0.0193117834119457,fault3
0.98525,-0.1541231645372411,1.4208270501086333,32.09608144768058,70.0,0.0191242565196212,0.017536418851186,fault3
0.95425,-0.1221551923869482,1.303395030207225,32.76375889707593,70.0,0.0179786589870734,0.0199176011386713,fault3
1.35925,-0.1555502551635371,1.63813075809374,31.66219042352849,70.0,0.0181289829451678,0.0157804845213183,fault3
0.994625,-0.1198530635921866,1.4413137927688862,32.849645445970715,70.0,0.0150330998782729,0.0201713895996013,fault3
1.498125,0.0156319773758107,1.669597296631722,31.0371109105156,70.0,0.0217366801627925,0.016728612644314,fault3
2.008625,-0.1421616622346055,1.7298131791953053,32.91029909149692,70.0,0.0143781179575531,0.0170254609990275,fault3
1.115625,-0.1423293196569823,1.6609454151423184,31.906482872532024,70.0,0.0144386238241063,0.0127149300165097,fault3
0.92075,-0.1454179169130756,1.5133670546958735,32.88009874207651,70.0,0.0144414893685395,0.0187394516420677,fault3
1.336,-0.1231529356650531,1.6735334401780078,31.159336851883083,70.0,0.0177102399865188,0.0164185267195677,fault3
2.25625,-0.1021156977766849,1.7156467908137527,32.61388751647862,70.0,0.0155672759822727,0.0173104294276073,fault3
1.7475,-0.0988181300238497,1.3969768294468357,31.0944965464458,70.0,0.0177706162298163,0.0170321402858722,fault3
1.378375,-0.1297830355563842,1.723712862602127,32.8473860786031,69.0,0.0010115664644208,0.0200279898934807,fault3
1.58775,-0.171117845408265,1.5299323879410986,31.22848702709112,70.0,,0.0116427944751306,fault3
2.228,-0.1606625815269787,1.4251652811445572,32.24379274218833,70.0,0.0110721773815973,0.014398123628257,fault3
2.181875,-0.1473076348381662,1.4355149789051926,32.455331853178976,70.0,0.0166189958484031,0.0131958653004443,fault3
0.944875,-0.1325900083378853,1.43236942113557,31.04332346782692,71.0,0.0127201708775184,0.0178731280523794,fault3
1.714375,-0.1488381975818908,1.3375453808740323,31.130223788661574,71.0,0.0192753368590668,0.0116288760548917,fault3
0.911625,-0.1656892468922756,1.669019601439863,32.97123308996322,71.0,0.0137208721012987,0.0151562835595964,fault3
1.203,-0.1602054240134582,1.6215536672334907,32.208179770382934,71.0,0.0137182371425149,0.0152243604840641,fault3
2.260125,-0.1514452848215366,1.3484131069593874,32.75353122900732,71.0,0.0148454981489999,0.0157807653936651,fault3
1.757375,-0.16363118710351,1.5320466460230682,31.272014139309665,70.0,0.0172199800912945,0.0135304069738672,fault3
2.271375,-0.1323331774087843,1.5393520195540151,31.539692034652283,71.0,0.0145962480359242,0.0182070509786455,fault3
1.741375,-0.0272594342860621,1.3420639592464194,32.73891660515376,71.0,0.018613198312252,0.0128799904202924,fault3
0.963125,-0.1596544932082845,1.62531813472238,32.18620799500932,71.0,0.0125715764743025,0.0142177925011638,fault3
1.782875,-0.136720275176069,1.6976744817677825,31.469759594733564,71.0,0.0137876766862722,0.0162557049473537,fault3
1.94075,-0.0994034314209627,1.5699086843387071,31.664717178847223,71.0,0.0145624743519364,0.0127151922146766,fault3
1.744125,-0.1149022058189431,1.4646783350561448,31.383647004705853,71.0,0.0133232474028346,0.0128013338485685,fault3
1.0025,-0.1313437164779959,1.3547799131346476,31.365095503979376,71.0,0.0153347546882299,0.0102858069137006,fault3
1.41375,-0.1569645416166964,1.327846499737044,32.941494296682905,71.0,0.0126716587040752,0.0177407370379792,fault3
2.017375,0.0387022193918983,1.3650113527303436,31.44102226953881,70.0,0.0186456758485519,0.0148476264405837,fault3
1.32725,-0.1345435260402098,1.5330927141617303,31.911863219245834,70.0,0.0154804504756475,0.0124619060523797,fault3
2.303125,-0.1548054316119282,1.7995344833454576,32.27931995553877,70.0,0.0147379519367187,0.0136020206657495,fault3
2.13025,-0.1162110963984855,1.6120302116997254,32.1780461758091,70.0,0.0134042775914795,0.0196609035251523,fault3
1.60375,-0.0936332061818582,1.4775145584057507,32.64937099802189,71.0,0.0199311528874512,0.0122754236389963,fault3
1.236375,-0.1332070556765027,1.788961811071523,32.849254087125374,71.0,0.0117925504079436,0.0125541229658016,fault3
2.306375,-0.1427381245390905,1.3824675393588806,32.59774779398193,71.0,0.0126733916713068,0.0143430679985323,fault3
1.08225,-0.1579446720561159,1.7297041598824354,32.523268324522846,71.0,0.017635343007658,0.0149350949858837,fault3
1.448,-0.1251908117787931,1.681738343346756,31.64226880227686,71.0,0.0164253352983339,0.0144712016931172,fault3
1.70175,-0.213024458577447,1.4439648780335457,32.31748009871425,71.0,0.013539805777087,0.0112711300871076,fault3
1.41425,-0.1725303872417097,1.335635743036646,31.289941890174127,71.0,0.0117419149151431,0.0157617994016439,fault3
1.021125,-0.1393901101251964,1.5007677352922306,31.31482752428529,71.0,0.0166704117673952,0.0154197212656917,fault3
1.402625,-0.1369544737748319,1.7322555416942786,31.75475458073897,71.0,0.0163251234711427,0.0125107412131841,fault3
2.188,-0.1709146015130054,1.3177582704613102,32.46883750898682,71.0,0.0138590956365843,0.0127569863076166,fault3
1.0735,-0.1593959386695097,1.58618649772982,31.99146666384892,71.0,0.0142898269567999,0.0166790551411659,fault3
1.4495,-0.1377680610561142,1.4888155910363898,31.16371790527318,71.0,0.0145631829627474,0.023135053737582,fault3
1.11725,-0.1898934134574396,1.416309580755525,31.27689636730731,71.0,0.0224827384123059,0.0131280979187225,fault3
2.262625,-0.1323909889739745,1.795610527056248,32.92169602751091,71.0,0.0118219086603451,0.0152709009179522,fault3
1.89325,-0.1737618955736428,1.7478453656183344,31.11429302160426,71.0,0.0130639246060335,0.0125303132113331,fault3
1.501375,-0.1436241480691985,1.4315941419289977,32.443572450937275,71.0,0.0123506348221808,0.0151276709910189,fault3
1.90775,-0.1137456373674811,1.5677554017759034,31.761567280240104,71.0,0.0133570530146065,0.0127531518150457,fault3
0.952625,-0.1255495963617602,1.7724481065171562,31.244635625828224,71.0,0.0137520693127613,0.0130271804099074,fault3
1.0045,-0.1389569257104693,1.5555085510583124,31.67249989343411,71.0,0.011841993035283,0.015811436356663,fault3
2.191875,-0.1599081178401602,1.7396584585572925,31.908928123206497,71.0,0.0169813509674879,0.0139859673816995,fault3
1.979,-0.1672056909907541,1.6762929473597743,31.79272911851625,71.0,0.015249860961736,0.0182336579488504,fault3
0.927625,-0.1354032214444368,1.6474405885761008,31.534094271769927,71.0,0.015540569998214,0.0124135336878153,fault3
2.207625,-0.0968078703784446,1.459539491680382,31.759987975170503,71.0,0.0120023364876458,0.0185572594060048,fault3
1.104875,-0.1269186952883621,1.3091046656408585,31.28680022109977,70.0,0.0165778604186812,0.0153665839276206,fault3
0.936125,-0.0114016210152244,1.4712667189362143,31.36823991272975,70.0,0.0135965083858471,0.0151591378413206,fault3
2.183125,-0.1706479291549057,1.373633303601115,31.25185927129172,70.0,0.0143849166345202,0.0148270943976917,fault3
2.285,-0.1666226580557027,1.6767456991172285,32.85530261535466,70.0,0.0134835078689664,0.0187772373139897,fault3
1.0085,-0.1352005197000821,1.7212237228386638,32.221414941893435,70.0,0.016726470237099,0.0121603404856368,fault3
1.268625,-0.1351940327563675,1.692985611368969,32.85554882101837,70.0,0.0119435469870805,0.0160908159260031,fault3
1.02325,-0.0927661567958474,1.30321000855574,31.054873768999343,70.0,0.0155435054793135,0.0138734999042109,fault3
1.33875,-0.1742537714395408,1.5158757972192465,32.32967212054395,71.0,0.0133110327585647,0.01704317960497,fault3
1.084625,-0.1253410264745071,1.5023984882274464,32.53149350959324,71.0,0.0181681415122168,0.012445539256893,fault3
1.879,-0.169321452800068,1.6664239754357688,31.43708247973369,71.0,0.0112344455135661,0.0136829479637415,fault3
0.917625,-0.159027137989126,1.3419831709631878,31.952273837200234,71.0,0.0136079154958009,0.0160108575592581,fault3
1.762875,-0.1668455648380724,1.7219509941843572,31.49286588581193,71.0,0.0148347659156948,0.0120875996552784,fault3
1.288625,-0.1470166334277693,1.552900127878758,32.90087253727189,71.0,0.0113000330468188,0.0135735408148953,fault3
1.9355,-0.1678541890453195,1.3525639887901435,31.961876587140367,71.0,0.0139760348042475,0.0123239016627035,fault3
2.07075,-0.1732056739274708,1.3665431708486755,31.147723038431444,71.0,0.0129807020514534,0.022282501959434,fault3
0.912875,-0.1430653968139645,1.5057986337025977,32.62755535552005,71.0,0.0187897011145888,0.014109451285503,fault3
1.684875,-0.1105401030863888,1.785733660474577,32.67377565829917,71.0,0.0128097763115601,0.0142102494480249,fault3
1.800625,-0.0752433487820931,1.768976395912415,32.20607498102387,69.0,0.0020712135130899,0.0145124682125393,fault3
0.9165,-0.1434205352993436,1.5621471698677438,32.40051720489946,70.0,,0.0133150606707245,fault3
2.134,-0.1553046785572543,1.679987507909477,31.670596168547696,70.0,0.0142317201697631,0.0103451479203722,fault3
1.992875,-0.1044550615111221,1.7193517831424103,32.61421382712877,70.0,0.0108150950302539,0.013713845666893,fault3
1.2145,-0.2189220470744528,1.646067959861396,31.50404947469257,71.0,0.0161401583486612,0.0133818806589096,fault3
2.237,-0.15821313767788,1.5088586599523346,31.94348440188188,71.0,0.01285139044928,0.019813610443938,fault3
1.79725,-0.1678300295560498,1.5092936523128877,31.02947566770591,71.0,0.0210703146058255,0.0114785080580233,fault3
2.219,-0.1641943158129112,1.3184532391578,31.48378100242181,71.0,0.0110201018430376,0.0149989536727499,fault3
2.20425,-0.1737420021062185,1.3123586141924517,32.543670950964255,71.0,0.0133303301121834,0.01188663999501,fault3
0.945375,-0.1381634277202619,1.5204914522152626,32.56311283187555,71.0,0.0143293747556914,0.0142459047623516,fault3
2.302875,-0.1126769779906123,1.6324199148482927,32.525859832475135,71.0,0.0162966924721507,0.013317639978972,fault3
1.995875,-0.1697907000212892,1.5826637504237733,32.09557130270596,71.0,0.0137477065138631,0.0110661906995821,fault3
1.641625,-0.1684973195295267,1.7882788325810166,32.01455426610226,71.0,0.0120719790330653,0.0130948478658373,fault3
1.358125,-0.1608247267390827,1.6975162226739855,32.89747164847908,71.0,0.016581086510141,0.0140538736267087,fault3
1.535,-0.1276077500818122,1.5791563917036244,32.75316241510397,70.0,0.013173075781508,0.0114533992152851,fault3
2.01375,-0.1354293944558955,1.704853034114218,31.264831799128444,71.0,0.012162942296506,0.0114226482975775,fault3
2.257125,-0.177827098046466,1.388865288327126,32.67179509994767,71.0,0.0122139159781528,0.0120507618411888,fault3
0.949125,-0.1525241898579241,1.3354532685883278,32.3156412594988,71.0,0.0133358307726496,0.0109370364386261,fault3
2.193625,-0.16902529390516,1.4939584006288416,31.84906200247668,71.0,0.01178057322387,0.016188400964921,fault3
2.1445,-0.0848056630710654,1.5744511168958697,32.18500056435114,71.0,0.0155657124791204,0.0135554297167263,fault3
0.95725,-0.1456617007772599,1.53974965174003,31.08328279212905,71.0,0.0108251026486999,0.0131838652477956,fault3
2.100375,-0.118092468398615,1.4082194112127835,31.661957222261098,71.0,0.0158502873749166,0.0108958551749742,fault3
2.01975,-0.088392050751495,1.7210899842182288,31.75368049303365,71.0,0.0113990985288254,0.0153926650728685,fault3
1.6285,-0.1864059882263515,1.7744607936889878,31.53917035008892,71.0,0.0164588092736529,0.0143000180664714,fault3
1.1235,-0.1343781129547472,1.5204676321170727,32.862994814195325,71.0,0.0150967451268717,0.0113936708108225,fault3
1.927625,-0.128866587287526,1.504699525548957,31.71302841563876,71.0,0.0118624095314788,0.0127820184550307,fault3
1.236375,-0.1134798052345084,1.4105365260498406,31.608598540832755,71.0,0.0120104913501056,0.0112606456836339,fault3
0.9185,-0.1154586120267533,1.4634154923699203,31.827467630231787,70.0,0.0114651504278644,0.0128409255027143,fault3
1.529875,0.0133953275565322,1.319586287238042,32.4013681367146,71.0,0.0129840758374787,0.0173627067580842,fault3
1.234,-0.1501226534521317,1.3411539391355896,32.267852475077106,71.0,0.0158955440214718,0.0144081776767977,fault3
2.174375,0.0507373529183799,1.3506000980253163,31.80095858249924,71.0,0.0137126889826277,0.0266277090884735,fault3
1.2655,-0.1534009348964007,1.6628353860942413,31.702672541242634,71.0,0.0210931748348521,0.0110628854056926,fault3
1.05575,-0.1725570818491436,1.5589703519471936,31.81208266483029,71.0,0.0111969014812323,0.0115646233453665,fault3
2.091,-0.1549771179780584,1.7811790974049964,31.402031049681444,71.0,0.0112244679981597,0.0156209724990282,fault3
1.335875,-0.1303496253799288,1.59265704611655,31.573886505984547,71.0,0.0136991650014432,0.0137007337360991,fault3
1.1515,-0.1649450087000586,1.4398422204533865,32.96100131690651,71.0,0.0142608696113533,0.0128248452460607,fault3
2.047,-0.1646582798767344,1.3831316897203725,32.424764646531415,71.0,0.0119318663366416,0.0125726734259851,fault3
1.864,-0.1224704522922296,1.7660467031950258,32.7270879181187,71.0,0.0129202070679084,0.0134362189608797,fault3
1.101625,-0.1838040332616155,1.5927003084691895,31.31729669154206,71.0,0.0127783450840628,0.014720086829606,fault3
2.023,-0.1618406851522832,1.4471584935095831,31.72796848686783,71.0,0.0135306769213699,0.0116805769824933,fault3
1.395875,-0.1556236674674405,1.7292741567821812,31.942897589217363,71.0,0.010189653469859,0.0113753968296397,fault3
2.278625,-0.151740392498188,1.7129947814148676,32.60761717026343,71.0,0.0116313588534175,0.0133908700542061,fault3
1.499,-0.1582531347597943,1.326591389652387,32.73062789112024,71.0,0.0141368451233331,0.0199107150078589,fault3
0.97825,-0.1306256957355992,1.4296136759180935,31.002359702505423,71.0,0.0170381516866755,0.0107374656798995,fault3
2.149875,-0.1630604003010355,1.5103159958456622,32.0932237238136,71.0,0.0105541104615723,0.01248049821509,fault3
1.180375,-0.1121137655559651,1.3843991076114133,32.15939201412711,71.0,0.0125647294291142,0.0154661499124718,fault3
1.0285,-0.1020578536300856,1.6954591429954369,32.066181936050896,71.0,0.0143147793157982,0.0134119569281926,fault3
2.15475,-0.135839286738023,1.436578624317388,32.68690879724655,71.0,0.0140659351813347,0.0160437721538512,fault3
1.4625,-0.1816804751651883,1.5832859323528796,31.903344639874614,71.0,0.013937745973497,0.012781365888864,fault3
2.291125,-0.1562600356249524,1.3952042155506268,31.346180178505808,71.0,0.0127081689797616,0.0147754266318977,fault3
2.2865,-0.1498851678982701,1.717311373820264,32.12157951017922,70.0,0.0153090283681921,0.0108364751430352,fault3
1.240625,-0.1432041228209855,1.3903256481750483,31.87900469579701,70.0,0.0119084826047934,0.0099958954623019,fault3
1.07875,-0.1750814980658353,1.4060042655961014,32.720837221524285,70.0,0.0123032704984686,0.0122602060942027,fault3
1.047625,-0.163309042313609,1.3910915955894518,31.42414138811967,70.0,0.0115751693997773,0.0154204974286351,fault3
1.596125,-0.1425414562461503,1.6894132465986584,31.17055137253433,70.0,0.0149918503038366,0.0100289817747385,fault3
1.75075,-0.1273211329076912,1.4418539999857851,32.09584690803493,70.0,0.0123281329803936,0.0151322757304553,fault3
0.983125,-0.1418129042853595,1.420161968516154,32.02303561907081,70.0,0.0144533534729806,0.0101077807314617,fault3
1.021,-0.1617864229644514,1.620863045714488,32.31749401877831,70.0,0.0118387931397943,0.0109498804107745,fault3
1.3305,-0.1431748447624759,1.3525940830841874,31.20390858666472,70.0,0.0103780803980146,0.0107330049519535,fault3
2.038375,0.0425926974409418,1.3440799194719577,31.059360659778385,70.0,0.0098820943042845,0.0161756362279121,fault3
2.299125,-0.1571849407328328,1.500835473259941,32.53962606964251,70.0,0.0171313701111086,0.0098439958569688,fault3
2.23475,-0.163952998040066,1.7346894504946793,31.365553249748487,70.0,0.0096542106139757,0.0148266357669145,fault3
1.664,-0.1646113046800307,1.4985660068233555,31.93317388801909,70.0,0.0143878147779228,0.0116340956987355,fault3
0.92375,-0.0037172253269421,1.3816698476194795,31.89693246676217,70.0,0.0012820637458651,0.0164664118483664,fault3
1.22,-0.1781455496133596,1.6463824046328757,30.209560813481243,70.0,,0.0147881596897084,fault3
2.13875,-0.12299667992763,1.5274624756829855,30.888182103465525,70.0,,0.0154223520012923,fault3
1.328125,-0.1684216960692393,1.7012145890259085,30.569342885694123,71.0,0.0145959290100551,0.0132268034398137,fault3
1.3995,-0.126631208703504,1.4318695012627796,30.55609056141444,71.0,0.0138260693099408,0.0165560894989558,fault3
1.631125,-0.1350995956438962,1.499505091488151,31.21929647839208,71.0,0.0192911926957062,0.0161568087589006,fault3
0.93525,-0.054006003513489,1.7737672061091103,30.58324343430584,71.0,0.01474891329779,0.0201273931937456,fault3
1.3735,-0.1583261349904366,1.757933142413968,30.696503604552248,71.0,0.0188198011023465,0.0161368203435499,fault3
2.002,-0.118339789425771,1.5462232478200628,31.57367219482488,71.0,0.018063503505927,0.0218378190859945,fault3
1.4215,-0.128588128784164,1.5191700526051783,32.88501884389303,71.0,0.021570449621536,0.0156475192612069,fault3
1.15175,-0.1060634822662656,1.38570850435342,31.21437879777433,71.0,0.0151774067610885,0.0155695559309446,fault3
1.972125,-0.167065726389387,1.6587135575162493,32.26898823423389,71.0,0.0139636589970949,0.0132908443301972,fault3
0.995875,-0.1435439101572259,1.6624485375112965,32.58039200290272,71.0,0.0142088988084112,0.0187104351411489,fault3
0.974625,-0.0738041628416738,1.5621333809539233,32.92093083116659,71.0,0.0199904229114299,0.0165073394483334,fault3
2.308,-0.1455421537667719,1.3142649455003612,32.728715745467404,71.0,0.0175638661068701,0.0146474148418359,fault3
1.9645,-0.1255850001593275,1.6876928409379266,32.334494934450646,71.0,0.0174377091005476,0.01693092336245,fault3
1.04525,-0.1911839865905529,1.634995786234998,31.91018279605681,71.0,0.01533030169086,0.0135485443429477,fault3
1.85625,-0.1144755788003742,1.341315655655061,32.05518618590663,71.0,0.0142060082180497,0.0213750036010577,fault3
0.93475,-0.1368919515113157,1.3465047529036696,32.351288610397695,71.0,0.0204752928149014,0.0165267298085604,fault3
1.81575,-0.1392833967048691,1.726891910942339,32.45641147193827,71.0,0.0161895803299876,0.0159738771254282,fault3
1.2585,-0.1258387298457221,1.530061600402142,31.443225025862976,71.0,0.0173120660735312,0.0133467233803369,fault3
0.915375,-0.1011116103489601,1.6359112867813033,31.128539964135037,71.0,0.0123408946179935,0.0250353527521988,fault3
1.679375,-0.1244071870073241,1.638368855931965,32.08423194022194,71.0,0.020813523110007,0.0123989288125489,fault3
1.59275,-0.1419207268638606,1.7113762808231914,32.08139657861063,71.0,0.0121490434584494,0.0159899649269046,fault3
2.179375,-0.1605454859148591,1.7373419321397905,32.22538529788973,71.0,0.0189340092538208,0.0130543157719038,fault3
1.36575,-0.018008271048422,1.618493158921139,31.3004267551856,71.0,0.0142634870435949,0.0222171525531655,fault3
1.42125,-0.1516722771177944,1.7885679491484252,31.02864185349509,71.0,0.0227985864366246,0.0142687683399945,fault3
1.20575,-0.16313478683847,1.3288328353081238,32.77647599339438,71.0,0.0155258080817536,0.0194150695507803,fault3
2.139875,-0.1286153649840705,1.5953967149666788,32.96207850595163,71.0,0.0172970088068812,0.0151275603188839,fault3
2.243625,-0.1336466440108648,1.364194010346573,31.926976725133848,70.0,0.0153778077714184,0.0147929068398501,fault3
2.193875,-0.1575086009138446,1.5926939166250365,32.32019224250124,71.0,0.0138101655526663,0.0171613924774409,fault3
0.90975,-0.1074844453906671,1.7264725043943758,31.823736114658903,71.0,0.0171971067560872,0.0194505001217237,fault3
2.25725,-0.1311781040640324,1.4519492862045027,32.96239439594017,71.0,0.0180181547125685,0.0162631241434875,fault3
1.910375,-0.0834083693213339,1.3411559785320313,32.53648222002967,71.0,0.0138868838370086,0.0164167761127204,fault3
1.080625,-0.0982947733930046,1.5713378482472349,31.216201837019305,71.0,0.0158677963433442,0.0143758052522568,fault3
1.94625,-0.088143438411924,1.427275391769235,31.660765190853333,71.0,0.017079361112204,0.0184949611009251,fault3
1.103625,-0.1039869155385506,1.599507987495477,32.289426769543816,70.0,0.0172862934619746,0.0153476321190249,fault3
1.0015,-0.1623501587135041,1.5797891766740595,31.66368515016541,71.0,0.0159981980581723,0.0139752110582513,fault3
1.517875,-0.1296851570200329,1.3221962310956852,32.75269269142038,71.0,0.0145300695237607,0.0168977117822562,fault3
1.048875,-0.1325438101268026,1.7213406884528384,31.88171850413867,71.0,0.0157974732267796,0.0148173917445197,fault3
2.099,-0.0692251734492346,1.5547947409982794,32.53560178466343,71.0,0.0135482333016707,0.019600125953397,fault3
1.609375,-0.111978580248269,1.465676044497374,32.02385180494713,71.0,0.0198432973844417,0.0164924720754618,fault3
1.409125,-0.1237712965476491,1.714515724243749,32.00891153331181,71.0,0.0165487916841099,0.0161283908707356,fault3
2.1445,-0.1302124018033711,1.4689944415594545,32.68911519623212,71.0,0.016728398577835,0.0139222034919004,fault3
2.070125,-0.143410285805502,1.3166835462321138,32.398040891667456,71.0,0.0147499308370747,0.0223841323795063,fault3
1.326125,-0.1640473423708838,1.4463279199986523,32.8693751012841,71.0,0.0233963232548572,0.0135479394548003,fault3
2.28875,-0.1234529477611768,1.524916440901696,31.704773940715903,71.0,0.0121709135109988,0.0159669986853214,fault3
1.47825,-0.142680561134663,1.3171704770426262,32.53541066704872,71.0,0.0189597477904222,0.0148059418220909,fault3
2.14675,-0.1447189989357714,1.3391958360318408,31.651646333483736,71.0,0.0126460150972508,0.0212423070503125,fault3
1.3695,-0.1441008330733922,1.5129573622291377,32.818965873484785,71.0,0.0204127076491573,0.013666540182298,fault3
0.931125,-0.1298098506315935,1.5908760612991066,32.05982697416012,71.0,0.0130613175694855,0.0190698239659006,fault3
2.270875,-0.1435742090022991,1.407263951423941,32.88375986209804,71.0,0.0175688265955329,0.0141522074342396,fault3
1.873125,-0.1374951292130914,1.5750039814916317,31.141002654431794,71.0,0.0140713346628251,0.023697512357566,fault3
1.124625,-0.0797662974211832,1.3158976284946955,31.6967973391662,71.0,0.0222104814248779,0.0147252951499148,fault3
2.238125,-0.1613747782865567,1.5666371068009497,31.653141563807058,71.0,0.0143402865113811,0.0175401064137536,fault3
1.114625,-0.1520396515227465,1.5749890768378227,32.69153281148389,71.0,0.0173500460521156,0.0154120938328686,fault3
1.1495,-0.0676499853279616,1.6511040767729912,32.23372645729344,71.0,0.0154760064184412,0.0195553708876499,fault3
1.732875,-0.1202370469561704,1.3914096938934262,32.611278219697724,71.0,0.016079096112641,0.0132140045954442,fault3
2.290375,-0.1224757089427902,1.5861984347386389,32.02816702790138,71.0,0.0156076598250101,0.0171094054771294,fault3
2.305375,-0.1384709357768312,1.6327782153130912,32.74695902377452,71.0,0.0170659379804772,0.0182181637576054,fault3
0.927125,-0.1526228260940433,1.7070452007887529,31.433992879736635,71.0,0.0188083084989829,0.0152653389704276,fault3
2.258125,-0.1311110252879522,1.557559707941495,32.18424621448423,71.0,0.0161709657644014,0.0154776834069904,fault3
1.02675,-0.1497896279484875,1.460297977556911,32.0704541302737,71.0,0.0148354558021109,0.0153028899862573,fault3
2.118,0.0101096722521527,1.3395090283588005,32.80958403733034,71.0,0.0174576956871064,0.0183639480377806,fault3
2.01725,0.0444513768389089,1.501048043222595,31.594111628115783,68.0,0.001193744022326,0.0221998160035404,fault3
2.160875,-0.0944799227014241,1.7118490820327354,31.53254225062213,69.0,,0.015246429637165,fault3
0.918375,-0.1216524220837812,1.6419262797798393,31.47794078543278,69.0,0.0149601418667684,0.021351189932463,fault3
1.6755,-0.1263855628126261,1.5428952915981886,30.665198975182346,70.0,0.0171743879435395,0.0159339060264916,fault3
2.05275,-0.0715905603721412,1.631221440816941,30.35611694464197,69.0,0.0158999823829756,0.0164647335198012,fault3
1.838625,-0.1234695459321099,1.7541433857694644,31.3435958586314,70.0,0.0175127267804539,0.0131850753488964,fault3
1.93325,-0.1480243150981824,1.6217316169349945,31.589858261005745,70.0,0.0146288233860804,0.0208787575982919,fault3
0.97725,-0.0997088412629991,1.3805871110350594,31.286497983575178,70.0,0.0213414246563909,0.0134666861668378,fault3
2.11975,-0.1128553054078772,1.7381232831980742,31.2994300510672,70.0,0.0135873144991509,0.0177070025286826,fault3
2.170125,-0.1295045648146635,1.4741938034485638,30.19815438849672,70.0,0.017362938876246,0.0147349965434846,fault3
1.993,-0.0999296747937135,1.578640199051387,30.789912976931586,70.0,0.0134682854539152,0.0236400121367118,fault3
2.283,0.0220479822432756,1.3981461737121026,30.119389963005275,70.0,0.0237266393328379,0.0158483692180004,fault3
1.42125,-0.144020382729398,1.6829943835605077,31.769931054173465,70.0,0.0128810940563632,0.0210569358467303,fault3
2.29,-0.1400796211755573,1.4545888685909951,32.59367307792256,70.0,0.0203926911300578,0.0141522722575143,fault3
0.911375,-0.0970126357767213,1.6784918707139778,31.46797844251197,70.0,0.0148081930868314,0.0192191213281649,fault3
1.846625,-0.1386889115280949,1.6772922839735045,32.968915002114,70.0,0.0168227307767332,0.0135496468464997,fault3
1.5875,-0.1172326166444205,1.3362618647814566,31.30660354686952,70.0,0.0139441709632148,0.0213946837679132,fault3
1.02575,-0.1489018921340849,1.760579690764568,32.35330718943838,70.0,0.0183814175746019,0.0173433089230091,fault3
1.725,-0.1069059287717841,1.4654935629078456,32.24658897670008,70.0,0.0147782929096307,0.0138709742530681,fault3
2.01825,-0.1353255723611337,1.7906306463169186,32.54349319938656,70.0,0.0159489205923143,0.0138808477330382,fault3
0.952625,-0.143913903842016,1.7011043459010815,31.864756793883704,70.0,0.0129024138814968,0.0192169133586759,fault3
1.720125,-0.1099659511853864,1.4201833722468489,32.77138144056498,70.0,0.0204684046570865,0.0137626254399549,fault3
1.291375,-0.1173431835822321,1.514944338583213,31.46476645250619,70.0,0.0141595714990347,0.0147802920653324,fault3
2.295375,-0.1139698399182109,1.6147186497113872,32.826371306346104,70.0,0.0151545995222472,0.012616848573677,fault3
1.4545,-0.2145106725134622,1.3335399161960224,32.64519947849655,70.0,0.0138782214782518,0.0214800443954283,fault3
1.975,-0.1714394984149523,1.7312840581325353,32.90049478471681,70.0,0.0196321890155688,0.0131556544010777,fault3
2.22375,-0.1578555724293721,1.6970471638686162,31.5538187454857,70.0,0.014842889306379,0.0162598929037248,fault3
0.9235,-0.1357722534108252,1.403889685211022,31.622489477246518,70.0,0.0185158979567051,0.0151532090295234,fault3
1.7525,-0.1516577099496436,1.5381865265214825,32.37825977270924,70.0,0.0175180294802102,0.0160509605819089,fault3
2.282,-0.1233195133449128,1.7435612858632117,32.21700176213459,70.0,0.015024529111266,0.0221022415091404,fault3
1.04725,-0.1232302945671694,1.3186215968998105,32.41802133050811,70.0,0.0191921582022464,0.0134576344222837,fault3
2.240625,-0.1546996841140432,1.3761737474173674,32.84974102561048,70.0,0.0125104395183264,0.0219432532825484,fault3
1.627875,-0.1677960502557966,1.3157088938762158,31.094795697026647,70.0,0.0203254922781258,0.0166259955702283,fault3
1.093375,-0.1416310429374401,1.376579940112479,32.134119127028846,70.0,0.0138281114100212,0.0197400184463737,fault3
2.303,-0.0910120925005427,1.517602477916989,32.562290505621824,70.0,0.018570549272747,0.0152973152244783,fault3
1.86175,-0.0850119622357791,1.4867899525072332,32.67179132100422,70.0,0.0152269087432273,0.0266385929897455,fault3
1.964625,-0.1358537522271696,1.6066117518888423,32.347217833596794,70.0,0.025733112363528,0.0160597032923138,fault3
2.104375,-0.1396454715001289,1.5260504338712355,32.47624862078072,70.0,0.0157624056838413,0.0172742778751083,fault3
1.120625,-0.1552517853547801,1.4979947358916483,31.08611585719983,70.0,0.0170481696822878,0.0132316636844906,fault3
2.16475,-0.1071228186928257,1.5592820188584675,31.435193097357693,70.0,0.0136777453039011,0.0243371908099443,fault3
1.7645,-0.0747070475808543,1.5738840379492338,31.82530257320672,70.0,0.0229036626123795,0.0165808455181776,fault3
1.47775,-0.137535635685525,1.6362396761086555,32.36762855183533,70.0,0.0164312969023073,0.0163164577286451,fault3
0.959125,-0.1126518034388475,1.7465813174817797,31.87621988298099,70.0,0.0149659993972837,0.0134842752197814,fault3
2.105125,-0.1646794089246998,1.708946708967584,32.54672043157986,70.0,0.0156623527219853,0.0169895212311467,fault3
1.25725,-0.1177765458584532,1.6138657023515568,32.86997666185177,70.0,0.0191002732597418,0.0175633690109715,fault3
0.91175,-0.1732143330521519,1.3059513479239748,32.546135309895135,70.0,0.0185745489650501,0.0157003957875992,fault3
1.764125,-0.1128421515611444,1.645281250223385,32.794120738283574,70.0,0.0164118692230112,0.0162959996841341,fault3
2.1415,-0.1572912798324034,1.6067544158432745,31.603428607315696,70.0,0.0165211512299765,0.0152626491145594,fault3
1.189625,-0.122362787366667,1.4940671785578004,32.435920631771694,70.0,0.017250336169127,0.0172005095950966,fault3
2.1575,-0.1248450367687529,1.6399830372221895,32.18413583966253,70.0,0.0179610727326545,0.0147254550454159,fault3
1.101625,-0.1140033333147582,1.574344109488413,32.15475855105847,70.0,0.0154622537862692,0.0155770786873701,fault3
2.130125,-0.072789365456777,1.6531178468043608,32.22085216553455,70.0,0.018089385988887,0.0182043370813347,fault3
1.688625,-0.107796348667792,1.711432073321634,32.525914544203026,69.0,0.0174968300834612,0.011693521890236,fault3
0.96475,-0.0959537353748606,1.4399908284057834,32.620443871017685,69.0,0.0119253124938625,0.0229783300763126,fault3
2.1815,-0.0731114267745374,1.5955286460350997,31.186248406437663,70.0,0.0224005739807601,0.0172548070559415,fault3
2.208,-0.0976514587759577,1.3932152991364497,32.77019268135911,70.0,0.0167852321643232,0.0152617188022495,fault3
0.934,-0.1068017208804467,1.686670199576224,31.39429934012554,70.0,0.016841092044464,0.0128482158078824,fault3
2.067875,-0.1533030624688613,1.6227118464629064,31.88308859130048,70.0,0.0141829097030892,0.0185988833425761,fault3
2.2075,-0.1483945452751975,1.3258152750168386,31.948313723761714,70.0,0.0205234931896077,0.0148847413750549,fault3
1.1675,-0.1606893006772143,1.406963317752905,31.95342980017536,70.0,0.0142920359601017,0.0172353771430987,fault3
2.191375,-0.1589655890919527,1.6141951530210166,32.74286069380913,70.0,0.0168491562586529,0.0133047177699919,fault3
1.602125,-0.1586646053285951,1.6451307942222295,31.358815469288498,70.0,0.0128689628053427,0.0215450474146237,fault3
0.90925,-0.1098108724209937,1.5208318642978806,31.267655695523622,70.0,0.0183294349496308,0.0175003478179722,fault3
2.000125,-0.0865285567957404,1.6805922402857665,32.13280145658455,70.0,0.0166142112953041,0.016388871723111,fault3
2.24,-0.1538044127375676,1.4634572653688662,32.31654583785322,70.0,0.0172229397476708,0.0151639060265514,fault3
0.982625,-0.1469331946467439,1.6491553189459207,31.58073409513078,70.0,0.016379989293601,0.0177390461318673,fault3
2.30525,-0.1256539966487962,1.503506441924186,31.05229853569497,70.0,0.0153262984461163,0.0149980104698492,fault3
1.14875,-0.1570445806815477,1.5778544991640575,31.43221177928316,69.0,0.0014039332824305,0.0160507849109487,fault3
1.668875,-0.0915304420435794,1.469239302250934,32.05543518193633,70.0,,0.0144435434401982,fault3
2.258625,-0.0856702997670578,1.46486676753428,31.545858982034098,70.0,0.0131081601862667,0.0165006106291775,fault3
1.24675,-0.0895710735986215,1.7361581161841162,32.11403872368782,70.0,0.0155142585773025,0.015982956878797,fault3
1.006375,-0.2270678438930234,1.699300091982565,31.471364117877396,70.0,0.015737415144162,0.0153009560363891,fault3
1.803,-0.1475019691965167,1.3164223411170792,32.068671317645965,71.0,0.0148471206101702,0.0134818909759678,fault3
1.284,-0.1563722253716849,1.663395652080342,31.341368142634863,71.0,0.0153431855351198,0.0161802137984901,fault3
1.09625,-0.101415525285737,1.6418000106245103,31.364376381965428,71.0,0.0160206287126883,0.0173597987863773,fault3
2.0455,-0.0841268902941745,1.4003963576538732,31.28539096950539,71.0,0.0180520930685567,0.014940322611955,fault3
2.2411250000000003,-0.1224369675582188,1.6795768263028177,31.87688201729374,71.0,0.0121305666853172,0.0169611629172337,fault3
0.947125,-0.1352418112075461,1.3204757255443276,31.23973613035344,71.0,0.0182960952425225,0.016753679193428,fault3
1.59125,-0.1381006272972272,1.6179478677011694,32.01933725251348,71.0,0.0149064661085272,0.018766201897211,fault3
1.809,-0.1462725104824294,1.7697219076352204,32.51971019987166,70.0,0.0207820104243961,0.0183451178838883,fault3
0.908875,-0.0947041344329134,1.3458978374137307,31.23353080643028,70.0,0.0176191873647213,0.0125827177444919,fault3
0.9785,-0.1256182975609554,1.7048373921438047,31.131286710367544,70.0,0.0140025321983877,0.0210390264231427,fault3
2.140125,-0.0962818694840852,1.5989164318317393,31.69847732430317,70.0,0.0215879522649632,0.0149890637542602,fault3
2.022,-0.1427620904513679,1.326594179993785,32.83043014015878,70.0,0.0140928778523656,0.0204436921222324,fault3
0.908,-0.1202191288193069,1.5257099014919042,31.749614598795773,71.0,0.0190096108613439,0.0115495730363771,fault3
1.2455,-0.1370486429962797,1.7372354067029236,32.43631494996943,71.0,0.0128130569383777,0.0190774779856626,fault3
2.138875,-0.0967810984891094,1.581929994659294,31.698805426758792,71.0,0.0195431206781518,0.0149323595939608,fault3
0.941,-0.1453650038999724,1.5837314330387875,31.62256148149717,71.0,0.0156178834416088,0.0161770901043015,fault3
1.266625,-0.1749282851428452,1.6512407680002903,31.4680389421407,71.0,0.0179924489992647,0.0172655922799244,fault3
2.1315,-0.1419449713844708,1.6617056706899982,32.74666204618308,71.0,0.017096376218938,0.0176425725120258,fault3
1.909,-0.1345198593409743,1.6565131546502645,31.33269710385253,71.0,0.0171221453285337,0.016024262970848,fault3
1.232625,-0.1520989998042958,1.6204876189717612,31.96331457072736,70.0,0.0170484529753656,0.0136279638977407,fault3
2.2763750000000003,-0.1590619713041621,1.3518216254613318,32.637436891678135,70.0,0.0152441243256376,0.0144780001790201,fault3
1.565875,-0.1203519923368786,1.609215387267393,32.75138265804684,70.0,0.0134949821231856,0.0140730706465825,fault3
1.291125,-0.1193328968946188,1.527492660985566,32.20672323967268,70.0,0.0153051142145773,0.0208313241959157,fault3
2.3005,-0.1500894715631584,1.368934343849542,32.49358709946036,70.0,0.0217396904028516,0.0140437373250631,fault3
1.668,-0.1408758759687254,1.734433868506411,31.80082239348292,70.0,0.0137052809108646,0.0186874220478006,fault3
1.34775,-0.1314558731956309,1.693227120882793,31.99346758478528,70.0,0.0182777124382836,0.0144515752381606,fault3
1.631,-0.1301036911050747,1.6030167666215918,32.0046203234158,70.0,0.0153170110038296,0.0232181237466076,fault3
0.9155,-0.1392258579409195,1.7510780773726975,32.35667986651061,70.0,0.0234581849932936,0.0132575172207981,fault3
1.077125,-0.1632465113562939,1.5345628502809552,32.27336573712845,70.0,0.0141562606277718,0.0157382427428753,fault3
2.242125,-0.1527884022442294,1.5910805096232596,31.43546573787524,70.0,0.0184326345001375,0.0137149286611606,fault3
0.914625,-0.1381506629445322,1.656754018607656,31.126331553993943,70.0,0.0142455020591682,0.0178032813451857,fault3
1.638625,-0.124976263024705,1.3130305558728843,31.1579893979554,70.0,0.0179449971396155,0.0134102713601073,fault3
1.337875,-0.1311348403994789,1.5699310250591334,31.82211542628324,70.0,0.0135192832405148,0.0141077845353816,fault3
1.984,-0.0916791613870285,1.5894804166960896,32.01043518981579,70.0,0.0164669888615397,0.0153786286522907,fault3
1.482125,-0.140374120133405,1.516127338589803,32.558348068560825,70.0,0.0164642333908568,0.0188180207151968,fault3
1.202,-0.0645889126836708,1.7282944642033795,31.78864110886236,70.0,0.0156077629327515,0.0121426393627218,fault3
2.146125,-0.1059739791708027,1.3742361412965065,32.41195062700896,70.0,0.0144165967812157,0.0143938666245541,fault3
2.128,0.027109090693207,1.569327277918603,31.08217133306003,70.0,0.0129053435491669,0.0162450026689583,fault3
1.46175,-0.1373798457055931,1.7564107811291432,32.22204818413485,70.0,0.016700098897711,0.0141938988488501,fault3
0.991,-0.1235620310577453,1.352668310376889,32.71059681850728,70.0,0.0156076117637317,0.0171922530474231,fault3
2.143875,-0.1490221384758578,1.7548110439658924,32.85264047730775,70.0,0.0159065515242667,0.0129426643527702,fault3
1.7815,-0.152627978180512,1.546119423087141,31.04862999189057,70.0,0.0139318215713127,0.0186973161180389,fault3
0.93425,-0.134348682825734,1.5456167557316052,32.72243240285187,70.0,0.0191876446510045,0.0174411773479526,fault3
2.278,-0.1382576875882771,1.5587095809022504,31.537515709015487,70.0,0.0177595286638788,0.0161672033664359,fault3
1.81125,-0.1995651152906208,1.5069760180115812,32.794228972646046,70.0,0.0133244056278057,0.012791956103152,fault3
1.201625,-0.1204520544558296,1.3134366639506716,31.930195228297052,70.0,0.0135864259831411,0.0145670601586346,fault3
2.307875,-0.1466356657894644,1.4783678375013043,32.325882269753016,70.0,0.0160316264804829,0.0174253206511343,fault3
1.1015,-0.1383277627641887,1.3255340052253994,32.21321021645486,70.0,0.0182913284776896,0.0141782397824251,fault3
2.30925,-0.1559004905252204,1.5522967332588846,32.04107495820342,70.0,0.0117259297193651,0.0154893344862576,fault3
2.019375,-0.158352193096283,1.7279812441033682,32.796320361637015,70.0,0.0163655077621949,0.0141722261240341,fault3
2.294125,-0.1386836774738352,1.53108281005047,31.962982007203,70.0,0.0160244352289277,0.0129241969999512,fault3
1.22625,-0.1552630842093031,1.56652389248976,31.52520881841356,70.0,0.0128697084207871,0.0174410924630015,fault3
0.92275,-0.100445329272165,1.67994370236599,31.86361129394554,70.0,0.0164977881400132,0.018525620663035,fault3
1.664375,-0.1161116767671366,1.320413046379718,32.911672967297456,70.0,0.0160027791951216,0.0142792460779519,fault3
1.264125,-0.131348627750576,1.636914263691582,31.73126606884829,70.0,0.0151234519683178,0.0150293825880146,fault3
1.433,-0.1254751820858018,1.504841540767231,31.721750553820677,70.0,0.0154170075235465,0.0143890495907603,fault3
1.96875,0.0141892685041691,1.5138462973459004,31.231252277297006,69.0,0.0160541565202936,0.0147796020146502,fault3
1.98725,-0.1370199435165808,1.343282801044596,31.276162166448103,70.0,0.0128971698608854,0.0180454847030401,fault3
1.274125,0.01133719498821,1.6059028645424744,31.18936009834504,69.0,0.0011786809470283,0.0161429926242205,fault3
2.243125,-0.1321532680214794,1.513067969666384,31.64377319276416,69.0,,0.0135249903992575,fault3
1.156125,-0.132627502440627,1.65589919885646,30.95257210831252,70.0,0.0149314989165629,0.0204692035515953,fault3
1.19075,-0.1510543730332579,1.3785776118266402,30.775604881612416,70.0,0.0222648410196281,0.0171917857844501,fault3
0.9435,-0.1608475658863493,1.4058957436459667,30.242169221591592,70.0,0.0161691601971153,0.0189639682708075,fault3
1.551,-0.1333570719330671,1.3628603905106844,30.84098556464924,70.0,0.0199511361567192,0.016033448549091,fault3
2.110125,-0.1420061065187275,1.4312537165591694,31.200921886540804,70.0,0.0162122637413517,0.0241847504213158,fault3
1.3975,-0.1245324465019366,1.7285759462741943,31.415489206218545,70.0,0.0220882262684297,0.017045197900036,fault3
0.9175,-0.1467705995225842,1.4924969454510035,30.979894784185856,71.0,0.017071556125582,0.0164419292248279,fault3
2.045125,-0.1420010153696115,1.6316400573963588,30.309524003680043,71.0,0.0191261162378111,0.0146245412677338,fault3
0.96525,-0.1034094363233641,1.7012586956508733,31.980942021793062,71.0,0.0149722478838779,0.021258795046646,fault3
2.1982500000000003,-0.1572640786340237,1.5500499215799235,31.42641821072544,71.0,0.0192812075564302,0.014333468900314,fault3
1.714,-0.1276084158452733,1.4186430007693684,31.519497753442437,71.0,0.0137422214480607,0.0155018325593905,fault3
1.518875,-0.1336850179949976,1.6679540162794455,30.435714234873945,71.0,0.0177247787874773,0.0148918590818024,fault3
1.37,-0.1112496874099145,1.4057490171829867,31.28343230207184,71.0,0.0156179916611741,0.0184573946214302,fault3
0.91,-0.0742924860551072,1.5159372416283134,31.90780768896865,70.0,0.0199643029435234,0.0169895646948062,fault3
1.1595,-0.1751690068371016,1.537514896742144,31.53327984342333,70.0,0.0163676723705366,0.0205404889932447,fault3
1.804375,-0.1430661762831709,1.4301571904776291,31.43821661426471,71.0,0.0193872975712439,0.0174927165401645,fault3
1.483875,-0.1746207453022268,1.498496127871862,32.20707835539867,71.0,0.0138830683630464,0.0162954809723871,fault3
0.993125,-0.1340833689723967,1.420496992602704,31.22975628921724,71.0,0.0166001239954537,0.0170587875479348,fault3
2.29125,-0.136287017320401,1.606700760744582,32.86038104821173,71.0,0.0152799840722602,0.0161006201809306,fault3
1.828375,-0.1555423766465134,1.6429997652083228,32.450340596118046,71.0,0.0166902206971651,0.0170797646650709,fault3
0.926875,-0.0897527605957768,1.417155153180134,31.61376313432749,71.0,0.0147496106431752,0.0145254373125306,fault3
1.322375,-0.1676685272508818,1.5923097408422595,31.30737297839956,71.0,0.0161779370702386,0.0209101634935393,fault3
1.90475,-0.11070643129647,1.5772901865702154,31.707761576512617,71.0,0.021234282841613,0.0168242251919428,fault3
2.29125,-0.1503157413126497,1.5545936778998142,32.65492592004096,71.0,0.0162122253171614,0.015361206015151,fault3
0.9125,-0.0846122539424502,1.4992326711738566,32.34754921913106,71.0,0.0176324625146987,0.0158117689374463,fault3
2.2455,-0.105425154913291,1.62558285948812,31.936664110883257,71.0,0.0177534515250782,0.0203642133140144,fault3
2.2725,-0.1161307085153351,1.3252267564485745,32.621521929896595,71.0,0.0177200175130673,0.0146495753900994,fault3
0.9295,-0.1499899790034355,1.3313615341632108,32.310689254170484,71.0,0.0148377125168129,0.0174703552114337,fault3
1.4115,-0.1873610409969305,1.776805120789789,31.87550778049551,71.0,0.0174503146314679,0.0167578168094835,fault3
2.207125,-0.150812340507641,1.6381091866539808,31.27723462426088,71.0,0.0163256677102909,0.0167204570097228,fault3
1.374375,-0.1103375211649257,1.315943708313342,32.57809268767462,71.0,0.015547574603958,0.0159016560475462,fault3
1.618875,-0.1465239476598633,1.4724918624153365,31.308546631939848,71.0,0.0140942829975518,0.0176862366447235,fault3
0.944125,-0.1353041194031969,1.7782731484414294,32.61894237698202,71.0,0.0159743734031091,0.0165911768722334,fault3
2.23425,-0.0984884286600897,1.79999302330283,32.28269250583652,71.0,0.01558045488568,0.0204914338974424,fault3
1.4545,-0.1197712147939388,1.7916023920249726,32.74138205709171,71.0,0.0198399560882394,0.0155210733693689,fault3
0.917875,-0.1898244111046145,1.6799729028080113,32.93711149694104,71.0,0.0173223781159609,0.0172451052960442,fault3
2.174125,-0.1297439707305458,1.6174246592431865,32.10294618478699,71.0,0.0169218009377137,0.0165105574033958,fault3
0.92525,-0.1501998096626719,1.4405381951878449,31.490923932189634,71.0,0.0199398480969365,0.0150050295449367,fault3
2.122,-0.1386720871247892,1.3101906249724748,31.28472725729262,71.0,0.0163703564891344,0.0157805966535065,fault3
0.935625,-0.1075853061985827,1.3375070721958666,32.366663421997,71.0,0.017006902946477,0.0157506785336999,fault3
1.79925,-0.1309940964232488,1.366395312013413,31.463747207734706,70.0,0.0155853737911334,0.015063174420624,fault3
0.94,-0.1259353632841633,1.7394958024774627,32.377013698517615,70.0,0.0157472619442796,0.0208733056793331,fault3
1.771875,-0.1150647352955969,1.795848839125415,31.619240472320357,70.0,0.0243063388203767,0.0185905205968299,fault3
2.1685,-0.1293492367892339,1.7731727300025206,31.18251135916993,70.0,0.0180321434988973,0.0202233123875384,fault3
1.168,-0.1739783812311702,1.61037862750544,31.16792196443591,70.0,0.017736508190569,0.0150325243934923,fault3
2.212,-0.127491006948015,1.623497727936493,32.11829906667323,71.0,0.0153638557983065,0.0178613556086153,fault3
0.91375,-0.1146527948977319,1.7223140404664057,32.41442133206327,71.0,0.0168572846510445,0.0198666119891422,fault3
0.91925,-0.1845898541068537,1.416012165304548,32.34032866279325,71.0,0.0175378459015236,0.0140414244936445,fault3
2.174125,-0.1357019229520156,1.7746532133575263,31.129876770056995,71.0,0.016870500526604,0.0151554126709344,fault3
1.618875,-0.1256359009370009,1.60397100877245,31.06331654058104,71.0,0.0156784943739285,0.0200460473200126,fault3
2.25225,-0.1281080188656459,1.5687472191970937,32.09128880498237,71.0,0.0190115815392318,0.0133211749843588,fault3
0.92025,-0.1440438320750468,1.549669726922596,31.89376723550397,71.0,0.0154751810635527,0.0199016272403558,fault3
1.949875,-0.1524024026159277,1.398078730791798,31.132895500954515,71.0,0.020785485838752,0.0174762444095552,fault3
0.944875,-0.1367752952049595,1.3403874073283728,32.34612444943801,71.0,0.0172020386062198,0.0228765778752753,fault3
2.06775,-0.1724037607575868,1.329652520638576,32.404597889274946,71.0,0.0220204701798124,0.0147950441758366,fault3
2.231875,-0.1404509190762458,1.5112626706018373,32.67034118903105,71.0,0.0152864574365732,0.0175064223160906,fault3
1.16125,-0.152634344682008,1.4636768788738368,32.334674207963815,71.0,0.0183161314490632,0.0164067727682009,fault3
1.38975,-0.0942937579372494,1.7436785615114965,31.33947965814211,71.0,0.0132394834712169,0.0208027224853056,fault3
2.033625,-0.0994102681945444,1.4366392381326716,32.597088029814216,71.0,0.0188953373636426,0.0154139290606405,fault3
0.91275,-0.1223827341459942,1.7991737313039486,32.51846305545405,71.0,0.0151014403087858,0.0170113445515075,fault3
1.854625,-0.1254410004591293,1.422082196672348,32.563432472493815,71.0,0.0176256444984738,0.0145683242731642,fault3
2.308375,-0.1359681267415173,1.4433876590195591,32.65602343418092,70.0,0.0162043433892272,0.012443360574193,fault3
1.80475,-0.075371447739315,1.4011110916847591,31.18304537094711,70.0,0.0136168882016672,0.0221173120897085,fault3
1.18575,-0.0304344592683572,1.7987764011374552,30.18146413659148,69.0,0.0010566031467901,0.019997718990823,fault3
1.2915,-0.1501978217914225,1.6990379226955727,31.262646973166337,70.0,,0.0138131268052093,fault3
1.57325,-0.1534964246022953,1.484522875174572,30.120951758752746,70.0,0.0155148121177585,0.0205832992041568,fault3
2.125125,-0.0861922884598844,1.3825500965252382,31.584133301863847,71.0,0.0221632552744235,0.0148082365551007,fault3
1.849625,-0.1048471710043611,1.497102668184476,30.263049851180817,71.0,0.0146892872152211,0.0206652601818247,fault3
0.9555,-0.0794051187828807,1.5575897563723782,31.06801623167695,71.0,0.0188756316575353,0.0168009851677675,fault3
2.0425,-0.0980739629179005,1.7101957209592755,31.82191340257085,71.0,0.0163831121268603,0.0167597404477721,fault3
1.744125,-0.0763149227260249,1.3539697378453166,32.55151905514085,71.0,0.0186088975547309,0.0137297649786708,fault3
1.15025,-0.1496188047850231,1.4117102471198737,31.186758766526424,71.0,0.0150267012189758,0.0201337558159021,fault3
0.929625,-0.1378316513040156,1.7525321811478878,31.15266720788255,71.0,0.0192099661626491,0.0163311817786557,fault3
2.20275,-0.1521142948203954,1.4892352418186838,32.33064533910668,71.0,0.0180787141587372,0.016960604418978,fault3
1.17375,-0.109552821560155,1.520678376040555,31.60333469756121,71.0,0.0170346396279879,0.014281590104757,fault3
1.1685,-0.1411991050528909,1.5596398111513228,32.590520070838814,71.0,0.013436668975673,0.0169332856335341,fault3
2.289875,-0.1137145768114823,1.6817543682482583,32.12735908183893,71.0,0.0142269688093405,0.0175407401506826,fault3
1.04575,-0.1066247831628871,1.6547510982297298,32.10321633269519,71.0,0.0189372402262944,0.0180600034948605,fault3
1.146125,-0.134218536352657,1.6372679331533735,31.78549611854227,71.0,0.0192202096983167,0.0159050283980256,fault3
1.811875,-0.1323750191619458,1.748330368537979,31.46549638001983,71.0,0.0151136226493197,0.0191540345265303,fault3
2.125125,-0.106122366830717,1.3840423542910596,32.91918682454196,71.0,0.0163456260222945,0.0139091863621937,fault3
1.922625,-0.1005956028357848,1.764053076092563,32.34194403616693,71.0,0.0116826440687143,0.0203862831671758,fault3
1.151875,-0.1034193930312674,1.3387607430980284,32.62515807320532,71.0,0.0193329797284893,0.0169195338268154,fault3
2.29,-0.0945069847552334,1.7807852887063207,32.39752922711624,71.0,0.014402499034926,0.0191837182397752,fault3
1.33925,-0.1655574891510038,1.5677226972207352,31.30643631711398,71.0,0.0190857194116096,0.0126862526211745,fault3
1.062625,-0.1213479956458921,1.4181169033316887,31.07364804154738,71.0,0.0140533189257479,0.0200727020281355,fault3
2.3105,-0.1463175383281232,1.5692541812005516,31.52377655266571,71.0,0.0216464500328111,0.0150851148229043,fault3
1.051125,-0.1094586174394701,1.4694327856462213,32.957684084439066,71.0,0.0152595306765279,0.0168194681429433,fault3
0.941125,-0.1068247415856164,1.7843433305712513,32.863767597106964,70.0,0.017177931305316,0.0148915997345852,fault3
1.002375,-0.1348449330391114,1.5480291825856995,32.06138312590711,71.0,0.016099324946458,0.0177948168845597,fault3
1.241375,-0.1168013809278932,1.634968055281452,32.50753429254537,71.0,0.0171722955620077,0.0186531980153039,fault3
2.205625,-0.1164841234849488,1.4192917745025535,32.1489899408345,71.0,0.0195520979038975,0.0137663159542217,fault3
1.9645,-0.1380078035221187,1.6256191441165038,31.487724496652326,71.0,0.0133903505322124,0.0180524972369347,fault3
2.304125,-0.1237035251073263,1.4803581405930732,31.69824684873274,71.0,0.0153884553339391,0.0133321381739996,fault3
0.93575,0.0463284089968673,1.5567700404418896,32.81249899526806,71.0,0.0127332513745483,0.0149859143764568,fault3
1.133375,-0.1178712021488141,1.7306474782448606,31.838237402459463,71.0,0.0160734056389231,0.0198357887311988,fault3
2.224125,-0.0934620913722846,1.3429886290405348,31.192143913396823,71.0,0.0195194332328049,0.0184729203408469,fault3
1.868625,-0.1181661495192911,1.7451368427077871,32.27552809753379,70.0,0.0181802658184424,0.0174415274627433,fault3
1.717125,-0.0084107461608572,1.7875361397581189,32.466383405907195,71.0,0.0147141097986334,0.0170633409942112,fault3
1.849375,-0.133608229571752,1.3600576715294443,32.401257728271446,71.0,0.0172460309838418,0.0162370543823724,fault3
2.2595,-0.1418881629329876,1.420752230014062,31.7065772373909,71.0,0.0164135978439986,0.0124737608276312,fault3
1.19775,-0.1186629083086197,1.4232305640312486,32.702103764048466,71.0,0.0143169083875987,0.0175162693271111,fault3
2.283,-0.1547074847819282,1.5845493893349003,32.5532842754624,70.0,0.0190559582032399,0.016400816504954,fault3
2.19275,-0.1129632974148776,1.5118301170348691,32.06634717256345,71.0,0.0168482209217054,0.015766487795038,fault3
1.029375,-0.1429084554116388,1.33652603694631,31.81357862565116,71.0,0.0156995639122823,0.0204896051648218,fault3
2.264625,-0.127593838729684,1.651497733325645,32.05872185476808,71.0,0.0233201728648973,0.0138720129966059,fault3
1.79,-0.1424022957418782,1.7897992279165793,31.809767001820987,71.0,0.0138558803625463,0.0173922390507987,fault3
0.921875,-0.1295746244561551,1.514479316899616,31.474237126269443,71.0,0.0178928048458432,0.0146740503215788,fault3
1.852625,-0.0885296331611005,1.5134553960692028,31.93113996262436,71.0,0.0148090902807892,0.020597284164746,fault3
2.031625,-0.1011998006100959,1.4782138171650798,31.107305264403543,71.0,0.0184542296347037,0.0120294903248872,fault3
0.939375,-0.1536884220834238,1.4029643784856929,31.701306882141715,71.0,0.0147276870953223,0.0205753164746892,fault3
2.07075,-0.1175824258397179,1.7455147528695578,31.877076856432254,71.0,0.0197210552634811,0.0162898874415686,fault3
1.30375,-0.1347230318276914,1.6034905566730389,32.457448942136644,71.0,0.0143461343340902,0.0195438912709754,fault3
1.689,-0.092629431651917,1.5699561007814469,31.05378490819309,70.0,0.0165139352287891,0.0131608538175599,fault3
2.194375,-0.1427602627020434,1.375251800411969,32.32720795600987,71.0,0.0158606507925125,0.0155173887728169,fault3
0.93775,-0.1439850535440756,1.4911447230939086,32.767812102364246,71.0,0.0174470125296151,0.0155533019273991,fault3
1.071625,-0.177063356286437,1.4155928418033044,31.64713791165594,71.0,0.0141626879385749,0.0151300794560049,fault3
1.4605,-0.1264560939251279,1.4119085496157575,31.73382406255111,71.0,0.0159464887419365,0.014074316593197,fault3
2.1975,-0.1334012805654291,1.7968397771038147,31.0871298903374,70.0,0.0135663402286599,0.0122399067208004,fault3
2.305875,-0.1558394050927945,1.525464984453388,32.444308389734275,71.0,0.0130930386013693,0.019643622041709,fault3
1.112625,-0.1264207999440529,1.445707461720254,31.201977038597345,71.0,0.016846524875493,0.0160156941253297,fault3
2.024375,-0.1738286339511844,1.3051231645013324,32.91224104141953,69.0,0.000945990105932,0.0163394527462087,fault3
1.19725,-0.1350126622391843,1.751492480204832,32.31084611900824,70.0,,0.0126045336600944,fault3
2.22875,-0.1332475727048213,1.6896353492097151,32.2184192228468,70.0,0.012712358648092,0.0136879218672417,fault3
0.925625,-0.1255036357832754,1.5751120170036024,31.752230311012504,70.0,0.015521850162667,0.0179205107873465,fault3
2.2945,-0.0978734871092199,1.7380927985356731,31.32265408026671,70.0,0.0144621947255091,0.0148873737393427,fault3
0.947375,-0.1091438473318833,1.5533196370461653,32.635255952833724,71.0,0.0147299557506796,0.0130480009974682,fault3
2.048125,-0.1494278772375303,1.7488322090474668,31.67458437118673,71.0,0.0131123485951211,0.0125700168583213,fault3
1.98825,-0.2037409721208265,1.42468684622025,32.01891633913487,71.0,0.0130344424750535,0.0185909171717944,fault3
1.41525,-0.13037998310757,1.3081074630426877,32.2665508588032,71.0,0.0197624946374402,0.0147202696845969,fault3
2.193875,-0.1290605884163478,1.394762576388228,32.26706705954822,71.0,0.0129134554629868,0.0143566486755378,fault3
0.9275,-0.1906527234104772,1.6444844501149083,31.12912585948959,71.0,0.0160290816070784,0.015175173816567,fault3
0.914875,-0.1442434595458719,1.6263729259706157,32.39369015833127,71.0,0.0134854303908853,0.0138158103050483,fault3
2.3040000000000003,-0.1097980313977282,1.589249913204208,32.29172419554557,71.0,0.0155809477793003,0.0140442421082422,fault3
0.91225,-0.1181418241196828,1.4259247709286282,32.06334755268696,71.0,0.0143496242424386,0.0138970629208071,fault3
1.538625,-0.1922414911259092,1.723815429544124,32.46150986723547,71.0,0.0124033422216487,0.0153533954573888,fault3
0.979125,-0.1581964663868839,1.6846424518341283,31.92380897133974,71.0,0.0154807439869584,0.0146294491381142,fault3
2.006,-0.13168853612405,1.678627981501986,32.547889169925234,71.0,0.0124839670784503,0.0204944489295662,fault3
1.01025,-0.1244433986533745,1.4477111842480863,31.246217258978707,70.0,0.0191693935222201,0.0197025985439892,fault3
0.92775,-0.1504742499105672,1.6190820891696471,32.497692731226124,71.0,0.0164557629257993,0.0150557329146486,fault3
1.798875,-0.1650585189980322,1.715076359928057,32.8322368475142,71.0,0.0159465405068025,0.0135793605205261,fault3
2.298875,0.0,1.6627587202833407,32.47358684261724,71.0,0.0129823649828865,0.0151644652391691,fault3
0.97025,-0.1526523723286136,1.6218887607291488,32.162013492040295,71.0,0.014463325345896,0.0151817534076174,fault3
1.119625,-0.1227098887098363,1.6725500878374264,32.40245598729001,71.0,0.0136743307870137,0.0193544087788071,fault3
2.212625,-0.1342132049232972,1.766855537693662,32.560734475481226,71.0,0.0191636963983892,0.0124298933802331,fault3
1.89225,-0.114785942672635,1.3482374672216304,32.20671289376884,71.0,0.0135439446673198,0.0156172324972401,fault3
0.99075,-0.117975951468844,1.7678079883894504,32.78529686726118,71.0,0.0145634172718542,0.013676090285474,fault3
1.20025,-0.1405861010595066,1.3774891967308331,31.7696425359161,71.0,0.0137946589572892,0.0228300041316549,fault3
0.94825,-0.1504923012842036,1.6197101139732264,31.182925965777876,71.0,0.0190204208341939,0.0115866942554621,fault3
0.938125,-0.1286161267148947,1.6199650009822386,31.65547317196125,71.0,0.0133356310686041,0.019453395757148,fault3
2.220375,-0.0807554219939086,1.5367343799145206,32.41709860742886,71.0,0.018550197052328,0.0128561377543665,fault3
1.326125,-0.1066227148563361,1.4496155931788657,32.269452960213926,71.0,0.0134005970486398,0.0164146378653088,fault3
2.306375,-0.1142781817030679,1.4826235437656874,32.629205614071246,71.0,0.0176702777638177,0.0122000444613121,fault3
1.19525,-0.1313656011660881,1.5456477824603616,32.657787128184374,71.0,0.0127213106381394,0.0165371596841316,fault3
1.943125,0.0072927165608796,1.516369577205296,32.138728604792746,71.0,0.014574411822645,0.0151956259740839,fault3
1.05325,-0.1666102315567495,1.61586436053876,31.802448920377916,71.0,0.0147242224705397,0.012990934258438,fault3
1.25275,-0.1461079514815013,1.408485177566378,31.635963152922123,71.0,0.0145911138818988,0.0139593621388728,fault3
1.155875,-0.0987954974240561,1.4452986676747188,31.89185020538691,70.0,0.0129840270983315,0.0140601555938775,fault3
1.475625,0.0022864672102426,1.7040577423353238,32.98515779170547,70.0,0.0153618416456208,0.016385926823146,fault3
0.9785,-0.1308738048444828,1.71805942034343,31.95233477143134,71.0,0.0157507552606906,0.0181104756004877,fault3
1.866,-0.1611234393495878,1.5031857471501295,32.41475471443157,71.0,0.0173797378796509,0.0131998506840876,fault3
2.198,-0.1225091735367455,1.3147784509306009,31.721189377834285,71.0,0.0110858139954741,0.0141793925205918,fault3
0.920375,-0.1575042970713166,1.5747729881781356,31.913343009143475,71.0,0.0157735559005985,0.0147999744407533,fault3
1.81925,-0.1295553116988005,1.340175676370818,32.11516796627376,71.0,0.0135381540302132,0.0212725579413957,fault3
2.04425,-0.1633080416499125,1.5985767802003652,31.007787909307392,71.0,0.0188773980265196,0.0138484834880834,fault3
1.178375,-0.1511024203530511,1.6858599243509391,31.287956913180366,71.0,0.0118883967311826,0.0147893272261254,fault3
2.276125,-0.1578018908472627,1.6842642507521866,31.352259823804957,71.0,0.0150299509165294,0.0155110644873617,fault3
2.150375,-0.1692110823793627,1.5860992385690058,32.98225799558906,71.0,0.0137148165195716,0.0169977241815167,fault3
1.15575,-0.1321213929892313,1.428976421256988,32.57249271349465,71.0,0.0172213074304667,0.0135481925567162,fault3
2.26425,-0.1376509384390289,1.369781024676333,31.29515585980108,71.0,0.0119621426262175,0.0139855080240803,fault3
0.908875,-0.1474640645328435,1.5901276725431508,32.994492981561834,71.0,0.0144211919806829,0.0152863265311097,fault3
2.306,-0.1622986773092072,1.3618650583873213,32.134619038578904,71.0,0.0152555618377583,0.0179695567488468,fault3
2.123625,-0.1852338428705437,1.4608761410046744,32.70448795681305,71.0,0.0168626817382218,0.014105122388969,fault3
1.778,-0.1677319821516448,1.600686039513154,32.38030050666286,71.0,0.0130391879782622,0.0124471636725665,fault3
0.965375,-0.0987863874700701,1.7903597797517123,32.80365828086552,71.0,0.0116824927603588,0.0180506926924386,fault3
2.113625,-0.1132046831056667,1.649399295813266,31.767682329309856,71.0,0.0169837246547469,0.0141755797337464,fault3
1.014625,-0.0923062415050361,1.6160753569559427,32.124334256431595,71.0,0.0144433167752119,0.0154603776924907,fault3
1.355625,-0.1403942519036477,1.397978794760074,32.76458322967374,71.0,0.0155684330932389,0.0138029441466005,fault3
1.14175,-0.1903211930880492,1.5025806501858172,32.219278128674034,71.0,0.0132500312274985,0.0147855018626988,fault3
2.153,-0.1635709885820283,1.5871061021021136,32.61140067977266,71.0,0.016293544736866,0.0154889823040138,fault3
1.31225,-0.1341866506579877,1.504336736693021,31.927712697881777,70.0,0.0190825625754972,0.0179910824061061,fault3
1.841625,-0.1196684914859573,1.3292200311027516,31.84444979525751,70.0,0.0197815496212894,0.013070717479811,fault3
2.01625,-0.1107135066214368,1.736107784226172,32.57026886177419,70.0,0.0155923430936771,0.0150749383524133,fault3
1.577375,-0.0392831965720729,1.3609753771896955,30.60847852174664,71.0,0.0007561776046902,0.0091205870198779,fault3
0.997375,-0.1415257295952756,1.6781602731850358,30.05394882371091,71.0,,0.0074688080837096,fault3
0.990625,-0.1353391578431057,1.7879457502865286,30.484964798221704,72.0,0.007305001658126,0.0078581994008237,fault3
1.758875,-0.0379310389872571,1.317874290003899,30.7649418148678,72.0,0.0080263265970772,0.0088309817875555,fault3
0.927125,-0.1490051698408857,1.7361649604030696,31.87665782130314,72.0,0.0096892561720262,0.0065344004944378,fault3
1.081875,-0.1405306116160343,1.7701248761462078,31.86914084488365,71.0,0.0068406006235851,0.0077295814593111,fault3
1.844125,-0.1448906115104985,1.3415317586087094,31.02412352948975,72.0,0.0081379113557626,0.0071572315345521,fault3
2.282375,-0.1335223424055228,1.5955420810548926,31.713397905639084,72.0,0.0082246849752175,0.0074386715463961,fault3
0.913375,-0.1811330279673885,1.3670187361599078,31.99892616144376,72.0,0.0074973542032194,0.0085445354350145,fault3
2.312125,-0.1877937765179954,1.5506488703437915,31.665803352248226,72.0,0.0084827349619946,0.0070764772843914,fault3
1.32475,-0.1334486161349578,1.7583864445329227,31.32145194574868,72.0,0.006590080709085,0.0075101734149132,fault3
2.105625,-0.1540765814479504,1.740990359250745,31.53559498647204,72.0,0.0073243185455177,0.0060745298189583,fault3
2.304625,-0.1390342978842528,1.6794630413391085,30.64190882982717,72.0,0.0063211218118213,0.0062979384179365,fault3
0.94975,-0.1063304769630996,1.5899610925757302,31.502582638388446,72.0,0.0059239939973614,0.0076522416627666,fault3
2.178375,-0.0905201343108722,1.450018925179102,31.47499316518346,71.0,0.0077709278655137,0.0092854425021752,fault3
2.134375,-0.1683894704373861,1.6783191421823656,30.39803869385624,72.0,0.0091380926793913,0.0070069882299158,fault3
1.266,-0.1274534686731343,1.704816465249662,30.1694171076313,72.0,0.0083147223869359,0.0096318454003986,fault3
1.44625,-0.0975764834069966,1.7067415247344917,30.887091108076724,72.0,0.0085203371484808,0.0066462822297977,fault3
0.929625,-0.0942663490120419,1.3079898496668685,30.454164303085253,72.0,0.0057996412435642,0.0070269260444915,fault3
2.20125,-0.0823450236623445,1.440447253895217,31.908674178857712,71.0,0.0080689124301154,0.0080051387930267,fault3
0.929375,-0.1698794041352097,1.5193513764595985,30.22478899510848,72.0,0.0085466015093635,0.0062388472408782,fault3
2.306625,-0.1434451545438925,1.4612173894642562,31.15687685670501,72.0,0.0069208584864043,0.0080934699755378,fault3
0.965,-0.1262506638490206,1.558738893115725,30.50858277112484,72.0,0.0095442200129997,0.0067354051740058,fault3
1.74075,-0.0288456307356173,1.5364017758505133,30.13754711410791,71.0,0.0070632996694689,0.0066032718251878,fault3
2.307,0.0022788619033445,1.7287963173355805,30.170858159079422,71.0,0.0072210270242709,0.0093042909803659,fault3
1.797125,-0.15475972864159,1.6182187601676432,31.89606205778238,71.0,0.0086716612287952,0.0070330015728125,fault3
0.93675,-0.1337505392615959,1.5457796574543765,31.79115264784016,71.0,0.0060610951084486,0.0087088833788209,fault3
2.043375,-0.1843016056715713,1.7837816327989648,30.708628933593825,71.0,0.0088424655597628,0.0054290360121122,fault3
1.805625,0.0411759049313101,1.7732592692638818,31.70922405709575,71.0,0.0063453499302463,0.0059480351861204,fault3
1.459625,-0.1208889406739406,1.413748582537317,31.662479095902786,70.0,0.0056573639249333,0.0077013216751923,fault3
1.234375,-0.0867619841417078,1.3830372183997626,30.404178615595992,71.0,0.007785983130806,0.0068692554596142,fault3
1.016125,-0.0531843152016413,1.419220678585295,30.79401144704109,71.0,0.0073289847076222,0.0065563324638201,fault3
1.261875,-0.1233056110186901,1.4047542755793077,31.911865147822187,71.0,0.0066200537220267,0.0049341758111393,fault3
1.2655,-0.1654834440004812,1.442025297827502,31.601009327222755,71.0,0.0050365394697888,0.0076452336163874,fault3
1.7005,-0.0927940410697295,1.4797626378347015,30.845358103575958,71.0,0.006718232796497,0.0065202666767267,fault3
1.733375,-0.1413065404814436,1.3553099305016898,31.856815671547466,71.0,0.0069666042569708,0.0068674064672521,fault3
1.8345,0.013769629639168,1.374680180420523,31.48005525096972,71.0,0.0107410285654878,0.0107914396791866,fault3
2.066625,-0.1384754820248381,1.393787825014744,31.926997490348334,71.0,0.013310798162196,0.0074513214477171,fault3
0.963,-0.1379145828302128,1.7625468446584425,30.169891055955905,72.0,0.0074262768962417,0.0065956343302136,fault3
1.9385,-0.1429780147523175,1.3763416663952115,30.791547569062967,72.0,0.0072523650289467,0.0079574013982579,fault3
1.04725,-0.1370323836817602,1.7955921308301557,30.53853836857902,72.0,0.0078687342926007,0.0057844292910013,fault3
1.562375,-0.04296369802221,1.5861377198588873,30.834629791753983,69.0,0.0012313273097185,0.0112998911878928,fault3
2.056625,-0.1660027776905432,1.745091909093237,31.928270322029785,69.0,,0.0147447291951554,fault3
1.492,-0.1230294300335059,1.6156821094763416,30.76046782815544,70.0,,0.0131178264791793,fault3
1.061375,-0.1203107773607725,1.791684158277968,30.4448109843374,70.0,0.0141551107733391,0.0148816311321384,fault3
2.30875,-0.1527891000578867,1.7256689958627986,31.46848950989165,70.0,0.0130503045721105,0.012237433961136,fault3
1.58925,-0.174168273116292,1.337502227681478,30.74131458436013,70.0,0.0125615080032633,0.0099522650413736,fault3
1.12925,-0.1237190582992089,1.6682388935473238,31.922607707569096,70.0,0.0097310480242449,0.0115168087251768,fault3
2.303375,-0.0411700698013496,1.3291569125314802,30.42323745908709,70.0,0.0115481721808036,0.0114816680306609,fault3
1.179125,-0.0909276225362271,1.315497637570577,31.386502181531583,70.0,0.0113842162208355,0.0108307380107256,fault3
2.300875,-0.1294012483566471,1.3370512795179943,30.897583166811632,70.0,0.0117635003917658,0.0186364262233549,fault3
2.307375,-0.1580548296595504,1.6223716384533842,30.865160869088108,70.0,0.0177599665573479,0.0112648977146055,fault3
1.169875,-0.1550836946289163,1.538815962139817,31.19486039388353,70.0,0.010980685732893,0.0113947195025071,fault3
2.253625,-0.1107552200023092,1.6532945145998663,31.942589339896937,70.0,0.0116913877315718,0.009521348595779,fault3
0.918,-0.1140678574949932,1.317520696089984,30.794483917223488,70.0,0.0111784070077854,0.010234325512775,fault3
1.533875,-0.0859938434595105,1.6151343287291513,31.58643609308199,70.0,0.0109099529345702,0.0127825995167258,fault3
2.306125,-0.120235107026884,1.4374301875305966,30.9965273782343,70.0,0.0107380474564823,0.0097901803724147,fault3
1.074125,0.0437134090736615,1.5527244393527768,31.56722044528513,70.0,0.0095250228376109,0.0151184793181416,fault3
2.081125,-0.1495574668874028,1.630487967225865,30.77109457789525,70.0,0.0153733051273483,0.0105900282856069,fault3
2.06025,-0.1252942874517972,1.5351652887986147,31.261256232160168,70.0,0.0098749944033575,0.0104246705022378,fault3
0.934125,-0.1548997589933041,1.7952349501699985,30.652674882837925,70.0,0.0100424987403315,0.0110430646657632,fault3
1.460875,-0.1270106792180314,1.795047940212234,31.43061249976474,70.0,0.0109929240969582,0.0103613034359475,fault3
2.259625,-0.1019954948575075,1.5079828681262075,30.056512594784824,70.0,0.0095506232186613,0.0128103590894147,fault3
1.032375,-0.1252633380686796,1.4471216640785678,30.30141278154087,70.0,0.0129793738573893,0.0104433923466517,fault3
2.236,-0.1407030081709328,1.5873965266366934,30.694752917358844,70.0,0.0095359350321206,0.0122976516400555,fault3
1.10375,-0.1151763283015272,1.749050443124709,31.714302719887048,70.0,0.0119289197916519,0.0141884345654662,fault3
1.024125,-0.1277828727846044,1.760097363160171,30.296048979674943,70.0,0.0136004177454935,0.0101719464238356,fault3
2.28625,-0.1048191466737568,1.6941678177744646,30.20524677588717,70.0,0.0109433092385685,0.0150650664766662,fault3
0.91325,-0.1488680923279395,1.700559016267948,31.248546885933344,70.0,0.013046710950891,0.0101515059820464,fault3
2.082,-0.1426199583447089,1.3349961995140045,30.932084236691782,70.0,0.0106292831982443,0.0137769379026998,fault3
2.296125,-0.1888212908503794,1.6968819468746648,31.937575697114127,70.0,0.0132399399063198,0.0128825728269157,fault3
1.053375,-0.1629070994791563,1.333211545434252,31.34312878744956,70.0,0.0141336034104331,0.0144838649025526,fault3
1.919625,-0.1477047477790191,1.3887788207344531,30.24393399802104,70.0,0.0134453451074678,0.0153775003873655,fault3
1.04375,-0.1365593527166553,1.5728315156967314,31.51108993082233,70.0,0.0133732022150009,0.0129812830047222,fault3
2.310625,-0.1485572335899604,1.5565083341904935,30.345555919705635,70.0,0.0147816140507645,0.0110780026736599,fault3
2.204875,-0.1671644966068957,1.7706910717361517,31.11899304700181,70.0,0.0114215259536371,0.0114192676025525,fault3
1.023625,0.0404583911263328,1.3652564738607116,30.694134745734733,70.0,0.0140030849233792,0.012987315343875,fault3
1.539875,-0.1190553091075902,1.7604054892143337,30.09050224163434,70.0,0.0114869315326966,0.01020958556811,fault3
1.137125,-0.1304983701107994,1.4389458987828585,30.674908990026857,70.0,0.010934998243022,0.012771605929544,fault3
1.953,-0.1150246313222908,1.5526604947298377,31.11034403975769,70.0,0.0106496135383806,0.0107253404192203,fault3
2.194,-0.1184415227186027,1.301278265863426,31.89329990302608,70.0,0.0114779851666598,0.0131950809095957,fault3
1.264625,-0.1007019069444753,1.511371254758099,31.68424562563901,70.0,0.0115270718250739,0.0115878860502252,fault3
2.2375000000000003,-0.0932318967798971,1.5420086182090669,31.41564996742736,70.0,0.0111956341479256,0.0122526477399024,fault3
1.217375,-0.1644547558346785,1.3226011949472325,32.0682696198985,70.0,0.0125761703868216,0.011397981874333,fault3
1.480125,-0.1348184144228529,1.652727268538066,32.82030939268827,70.0,0.0131086809131514,0.0109074200170545,fault3
1.396,-0.1378470607574159,1.749245024649918,32.30713661190436,70.0,0.0121615860880456,0.0124571963088922,fault3
2.096125,-0.1209041667272504,1.55892783316468,31.572371541460328,70.0,0.0120814406132838,0.0104557943829285,fault3
0.934,-0.0992414014612896,1.305124788590413,32.97156806513045,70.0,0.0097370712401015,0.0137554548731315,fault3
1.445,-0.1180665148797692,1.351881853099132,31.315140189162097,70.0,0.0124333818682163,0.0103957660083631,fault3
0.9305,-0.0014317250781394,1.7434307931623625,31.908236079598822,70.0,0.0108833679770259,0.016213344949946,fault3
2.2845,-0.1509452400369849,1.378369566901481,31.802340939854886,70.0,0.0136042381450453,0.0123735578084891,fault3
2.146875,-0.1655323997951194,1.3968227758135765,32.17322122841317,70.0,0.0119155474138933,0.0172573977796277,fault3
1.59425,-0.1380019021996614,1.437504734199618,32.295438393746586,70.0,0.0150527362775751,0.0108962101907293,fault3
1.304,-0.1297545254118137,1.4220275752449478,31.389871479687415,70.0,0.0115405908916706,0.0111055770450098,fault3
1.748,-0.1632540180787202,1.7786458327708583,32.601916172045314,70.0,0.0127098448714913,0.0096859001381173,fault3
1.065875,-0.1457770092161364,1.6745530474510324,32.33096091048717,70.0,0.0107340346726768,0.0087363413958746,fault3
2.28275,-0.1755283406167107,1.689070142413816,31.23210139677095,70.0,0.0090076063869168,0.0122461978480687,fault3
0.9515,-0.1437173932297163,1.3345455097130952,32.4480329359163,70.0,0.0113714429900781,0.0088817324046027,fault3
1.765625,-0.0833677123425105,1.5981404550425284,31.7150863717724,70.0,0.0101088629719943,0.0151687732207524,fault3
2.291125,-0.1167785023653484,1.6378970434431053,32.65141746105131,70.0,0.0129757542418565,0.009672597758906,fault3
1.809375,-0.0969746450330664,1.524781871391867,32.43729769966462,70.0,0.0114689029664589,0.0156922548315993,fault3
0.9155,-0.1143367290590931,1.7934580852827178,31.25646300519098,70.0,0.0132598766391954,0.0095422813827473,fault3
2.084125,-0.1692812531955918,1.368304103585574,32.608582876986674,70.0,0.0106559179655985,0.0125354284671313,fault3
0.971375,-0.2011249534340492,1.7399241434588788,31.274859476312503,70.0,0.0133772482224397,0.0121770472139988,fault3
2.28125,-0.1516545330715654,1.454058706324413,31.06564459716552,70.0,0.0126623128658319,0.0115431225987208,fault3
1.203875,-0.1356946287746286,1.3165799375156355,32.24926811076524,70.0,0.0118911226737575,0.0145198741250081,fault3
1.64625,-0.173327395877025,1.382836739262334,32.43852417123261,70.0,0.0132241233155401,0.011230735170664,fault3
1.047375,-0.1499585632597778,1.549801781620273,31.817797816430456,70.0,0.0116109851888959,0.0151002690998073,fault3
0.912,-0.0564884201178174,1.4659573578050669,31.25220970564704,71.0,0.0010101734897845,0.0082225452739294,fault3
2.30825,-0.1864568671514911,1.7921380180145745,31.756486324479773,71.0,,0.0092292294276365,fault3
1.086625,-0.1438803875373098,1.3046153086332797,31.260079203948067,72.0,0.0084756347011498,0.0066660832384024,fault3
1.9015,-0.1386230598319843,1.5559255189442296,31.320841660287336,72.0,0.0062769628695157,0.0085699752889685,fault3
1.111125,-0.1412745867119084,1.7790576564965357,31.703897848018386,72.0,0.0081474599522899,0.0063277570962024,fault3
0.997625,-0.0760500195419196,1.721211009536347,31.20783711680159,72.0,0.0063637015143613,0.0067253792774119,fault3
0.983875,-0.0998585351716453,1.591402290310437,31.85293076022427,72.0,0.0069131043528131,0.0068573008508864,fault3
0.927125,-0.0923867751104848,1.6901603937433989,31.508270540251907,72.0,0.005740850394793,0.0054399588755442,fault3
1.328625,-0.153353196928356,1.5801250829049267,30.479113094659013,72.0,0.0067332442156174,0.0087201453088686,fault3
0.994875,-0.1450724087323274,1.4125921119256062,31.24041102857637,72.0,0.0076846840962602,0.0064972328132835,fault3
2.201375,-0.1228538340767922,1.7958269922556065,31.14048955245991,72.0,0.0067067145015785,0.007005938537456,fault3
1.472375,-0.1418043065361761,1.5273728310291932,31.16879106719445,72.0,0.0075064659580136,0.0070013061750594,fault3
1.312625,-0.0915551494360728,1.66365516774101,30.13521502837601,72.0,0.0057212269704579,0.0086416833272686,fault3
2.282125,-0.1432116075208571,1.376813269226501,31.842616546495943,72.0,0.0092483847587924,0.0053638939917756,fault3
2.300375,-0.0916426529320145,1.4444745349864758,31.948113502281124,72.0,0.0057705466099704,0.0099595653603816,fault3
1.065,0.0457976590228024,1.5697829155503502,31.894928178754014,72.0,0.0089568167862723,0.0074362683894695,fault3
2.232625,-0.14701105970986,1.3631663793718654,30.732146284884784,72.0,0.0063381655563179,0.0093397627736743,fault3
0.959625,-0.1479178624475999,1.527889519760996,30.258890168058148,72.0,0.0085250770281111,0.0076624709308484,fault3
2.189875,-0.0806247471664078,1.6170566023905986,30.624410587352425,72.0,0.0060934639091206,0.0074039096574769,fault3
0.989125,-0.08648239474324,1.4023986757670988,31.338149386741936,72.0,0.0077687049620423,0.0060532197920228,fault3
2.1710000000000003,-0.0852846941469135,1.5244351111952046,30.89628005472841,72.0,0.0065465530118212,0.0069442174104687,fault3
1.440125,-0.1359574102965355,1.6983871387640983,31.290536593836794,72.0,0.0060364980155168,0.0066883113870386,fault3
0.944,-0.1661480847086788,1.6624684257414373,30.45072816045382,72.0,0.0063846960996915,0.0091022299483682,fault3
2.2745,-0.1320981310374219,1.4430788280333573,31.99185093832313,72.0,0.0080765802460667,0.0078507050206129,fault3
1.397875,-0.1584199117333023,1.564715518356816,30.823409470907784,72.0,0.0091374573884316,0.0078981572435664,fault3
2.24775,-0.127775166153966,1.5095028657865135,31.89174609371742,72.0,0.007273457252399,0.0055964564562451,fault3
1.447125,-0.1422139460126223,1.3621288252966006,30.84411844663833,72.0,0.0069035312494298,0.0068814968497127,fault3
1.839375,-0.134260981959851,1.4102301433067206,31.098617420363045,72.0,0.0077164619248554,0.0072728295886739,fault3
1.496,-0.0669698443897668,1.6693410901037369,31.18187772669489,72.0,0.0062898477192836,0.0095032038967516,fault3
2.195625,-0.1622219630503288,1.7017343222812615,31.97181268909196,72.0,0.0104953760956991,0.0063115437655472,fault3
1.172875,-0.1631505265922841,1.3596932063772431,31.052992161994368,72.0,0.006951064982709,0.0088202180082422,fault3
1.363,-0.1290184805929317,1.3954848504597182,31.482419261155204,72.0,0.0083804731744592,0.0066553453118161,fault3
1.286375,-0.1100666899077116,1.4384545672654128,30.073200728526334,72.0,0.0057011640322181,0.0081899514373799,fault3
1.78275,-0.1014331742957024,1.3893307049543464,30.1393649558986,72.0,0.0097742626095366,0.0082804101680294,fault3
1.327125,-0.1178876605962865,1.4605229698218394,30.129475331276776,72.0,0.0072916278513006,0.0071027570790437,fault3
2.008125,-0.1069680126796661,1.340030037184071,30.5961409824966,71.0,0.0069395371125023,0.0075466091728429,fault3
1.135875,-0.1505050254881497,1.5303672096070182,30.868396073292494,71.0,0.0062355586435441,0.0092802427282362,fault3
1.950125,-0.1181497674080056,1.6169060276706368,30.58206818929588,72.0,0.0085279966318542,0.0066024250632672,fault3
1.92175,-0.0736369372602614,1.4827033360457125,30.216029308993505,72.0,0.0067607053352266,0.0091670268868233,fault3
1.31775,-0.0821198978435947,1.5599374327999749,30.557894471845543,72.0,0.0092684541334397,0.0072046003359268,fault3
1.60425,-0.1141558687767767,1.3478005308885477,31.45112797076284,72.0,0.007001030183026,0.0070664774457485,fault3
2.3065,0.0007124338898885,1.5978560008657778,30.91211252541417,72.0,0.0083359900712958,0.0059973388729592,fault3
1.035375,-0.1476595584506763,1.33472554971389,30.721396024847976,72.0,0.0067404941523798,0.0064869153061961,fault3
2.2825,-0.1532503752081707,1.3574188394054767,31.85223970910842,72.0,0.0063394953491025,0.0065000058359516,fault3
0.93175,-0.1564932347099029,1.7077330046240728,30.24551385481309,72.0,0.0065006776190374,0.0061084329828388,fault3
1.456625,-0.0740938464114153,1.673187349730208,31.925436825833167,72.0,0.0064556566534929,0.0077421807582469,fault3
2.00125,-0.1171849591191753,1.623147885818825,30.35742073851929,72.0,0.0091564588402302,0.0062549271501998,fault3
1.097625,-0.0711985265326132,1.3283458882801704,31.90032218807088,72.0,0.0067657297161459,0.0078599269264813,fault3
2.237875,0.0289280987143791,1.6652533646500256,31.56485476119152,72.0,0.007018700837733,0.0087349764268851,fault3
1.445,-0.1542506794178242,1.738021262880444,31.064170041714043,72.0,0.00773949937291,0.0066187919459018,fault3
1.004875,-0.1360205935904133,1.3293950377800288,30.302013776708588,72.0,0.0059498623291475,0.0068358007096875,fault3
1.012375,-0.0993122950732594,1.3809108191919712,30.33567027605284,72.0,0.0079584411835461,0.005815883563151,fault3
2.288875,-0.1157613188936487,1.7995314788216503,30.49308958499972,72.0,0.0058764725199313,0.007992291165901,fault3
1.3075,-0.0967308345683343,1.6506569030955849,30.64667690062337,72.0,0.0082130612870713,0.005807881829268,fault3
1.213375,-0.106343274939893,1.409302315558279,30.877340876573587,72.0,0.006953568967311,0.0091148171153267,fault3
2.027125,-0.1530845949936237,1.3718922757555816,31.390159552453103,72.0,0.0090881006927148,0.0074573568042449,fault3
2.138375,-0.1742604128253084,1.551738709055854,31.80601816425232,72.0,0.0066749558822314,0.0066429785080679,fault3
0.9325,-0.132916002525726,1.5396036691663668,30.81794530530329,71.0,0.00729886791868,0.0069631410724151,fault3
1.452125,-0.1676064560713809,1.6102392033584745,30.269838779889582,72.0,0.0068514760836635,0.0076489268954801,fault3
1.482125,-0.1510194446446228,1.79383575611133,30.59408639789308,72.0,0.0076223061411302,0.0081605168661427,fault3
2.306125,-0.1588295497851831,1.5010781458385705,31.708262280035022,72.0,0.0070196014074964,0.0089790590148991,fault3
1.64875,-0.1281843584385061,1.7839229779803338,31.17469482632253,72.0,0.0089613697925202,0.006408777299441,fault3
1.14275,-0.1228780183547361,1.6664354458364468,31.36218121293752,71.0,0.0064873347758474,0.0057220843319146,fault3
1.916125,-0.0972101976846843,1.6847335585575245,31.70423950483048,71.0,0.0067197176378647,0.009085774089192,fault3
2.198,-0.1135075529663083,1.7659416676734316,30.59964637726789,72.0,0.007796330460032,0.0058207117730987,fault3
1.311375,-0.036368561498349,1.6094203377999463,31.96284061527231,70.0,0.0006430511630359,0.006137725734436,fault3
1.60575,-0.1475243235260103,1.40542332032617,31.21893069713633,71.0,,0.0054278998949063,fault3
1.06225,-0.1566346789466788,1.5540499517996509,31.18965886465365,71.0,0.0057526137659168,0.007058133013814,fault3
1.36725,-0.1614238277294334,1.4795607839639862,30.6322816239543,72.0,0.0068134038839271,0.0070255984879348,fault3
1.499625,-0.1297651797502837,1.379135916844757,30.03948145771477,72.0,0.0073101539550891,0.0076380333786092,fault3
1.518625,-0.1504520827886391,1.5344306937751413,31.61391843036534,72.0,0.0074308225713488,0.0074143221285631,fault3
1.391375,-0.1417856528987843,1.7821698487269473,31.03385914455062,72.0,0.0062436478399459,0.0057160162342534,fault3
1.9585,-0.0137320072699566,1.5178095557285638,30.981261541924816,72.0,0.005602627795118,0.0074838431012292,fault3
1.196625,-0.119976018249163,1.3674570256130707,30.862962880738444,72.0,0.0065667966635041,0.0068857411067933,fault3
1.869625,-0.1399537672163608,1.7609665817001652,31.50028779439641,72.0,0.006346338323318,0.0073148624675898,fault3
2.1565,-0.1694013061495268,1.5710325909055067,30.60331029578772,72.0,0.0067495725075427,0.006191601979142,fault3
0.958375,-0.0992492428862401,1.586168100465649,31.507674002617968,72.0,0.0051620566668992,0.0056305208182796,fault3
1.873875,-0.1009927698513786,1.5078774228887966,30.63419715366216,72.0,0.0064765636478562,0.0068886080289224,fault3
1.83025,0.1227892009566136,1.6988241691122794,30.20846107793901,72.0,0.0066603605796962,0.00724641859284,fault3
1.210875,-0.1602736692177372,1.569937624718499,31.73717762829376,72.0,0.007113331776622,0.007074262459664,fault3
0.922125,-0.1320213535615184,1.5976156532926429,30.55363728297576,72.0,0.0066400102720182,0.0061417479642052,fault3
2.1725,-0.1352878784969041,1.3441307453477054,31.16546414875548,72.0,0.0071906012880041,0.007242326681873,fault3
1.255125,-0.1168271808838685,1.308018596578865,31.884501367892867,72.0,0.0069461117800269,0.0059622410986272,fault3
0.911375,-0.0571191532521886,1.5277458326781006,30.13026836195172,72.0,0.0066944213381676,0.0072851643572534,fault3
1.423875,-0.131460451549633,1.6850443059035316,30.29231757983772,72.0,0.006928880775412,0.0063148857339849,fault3
2.3095,-0.1446911075452809,1.5538058780400157,31.0090920557894,72.0,0.0069587178163897,0.0086246503199171,fault3
1.45275,-0.1542691268688358,1.4066354235771703,31.08621519542529,72.0,0.0096877109566399,0.0053109472446007,fault3
0.917125,-0.1631979477813888,1.6991124624992855,31.30309995518781,71.0,0.0057471760082325,0.005906260927032,fault3
0.917375,-0.1413201175416687,1.533941387916546,31.65032543203872,72.0,0.0059385722416577,0.0083574827855886,fault3
1.296,-0.1719542064283569,1.321331751448048,31.44729399986719,72.0,0.0088794037896652,0.0058883913911473,fault3
2.09275,-0.1469178668015686,1.5575470465434411,31.58283270515174,72.0,0.0064714888791002,0.0089945509053581,fault3
1.724375,-0.1278108535358898,1.5386661040781304,30.85438196528514,72.0,0.0094740463777797,0.0061888899630369,fault3
1.25575,-0.0934007711336878,1.6543207123205046,31.87814479339679,72.0,0.0064412355002301,0.0098828442155293,fault3
1.540125,-0.0827887012588762,1.384745629235047,31.88027656048125,72.0,0.0085055165054074,0.0076834336687422,fault3
2.1765,-0.1878271326461037,1.4428305184629,30.914288799386227,71.0,0.0077617273801805,0.007612638642236,fault3
2.131875,-0.122642221683244,1.6532871398893878,31.594872794663598,71.0,0.0072603830398996,0.0067183604687396,fault3
2.30625,-0.0977069505630496,1.3177957711277195,31.826129336183776,71.0,0.0073573073606837,0.0113016764482937,fault3
1.73425,-0.1198326591704443,1.7231669683998978,30.1362793568931,71.0,0.0111765498711147,0.0119394102109309,fault3
2.2965,-0.1513024090664302,1.4983893902606469,30.77327035984069,72.0,0.0112310972507144,0.0090260548323861,fault3
1.757375,-0.1492120139398562,1.4382539888487014,30.45469933108719,72.0,0.0094422673780671,0.0120107003995428,fault3
0.9575,-0.1249607214974335,1.4608833964209271,30.72683524020298,72.0,0.0117491237098359,0.0078285219894078,fault3
1.92825,-0.1114260988772487,1.603356969596212,31.6073607956014,71.0,0.0089232221062708,0.0134957109701321,fault3
2.012875,-0.189760871629794,1.737440318317296,30.09251626088176,71.0,0.0139637872728947,0.0110065107645942,fault3
1.569375,-0.1695814663908993,1.6378500031291363,31.67122176755348,71.0,0.0104544375336338,0.0153917065539226,fault3
1.119,-0.0099919768904282,1.6226986298396155,30.190116819861405,71.0,0.0153782981670507,0.01283824841143,fault3
2.05325,-0.1711682279941458,1.404911814145292,30.376546208044605,71.0,0.0123088681638546,0.0139449538322385,fault3
0.983,-0.15908696064405,1.7740852891434755,31.061891948556905,71.0,0.0134877420993833,0.0132566415097934,fault3
1.027375,-0.1580906771613781,1.793207246738014,31.69285210832,71.0,0.0108918961802883,0.0113910738176793,fault3
2.1045000000000003,-0.113318294265922,1.590480584841334,30.245441998390024,71.0,0.0103788812478461,0.0144712946445296,fault3
0.98275,-0.1615289904785608,1.5092423189046549,32.140148358653114,71.0,0.0138853506938396,0.0098083494057292,fault3
1.979375,-0.1159069016612492,1.3254883686886312,32.861365721629284,71.0,0.0091460281787228,0.0130638407285942,fault3
1.078375,-0.1823645517667798,1.6158876057148686,32.003601331465994,71.0,0.0129352970889791,0.0114788464883147,fault3
1.463125,-0.0893900674917724,1.5487885194507094,31.62929078807512,71.0,0.0108998112306159,0.0130799713525715,fault3
2.29575,-0.1350789543242432,1.436833678842944,31.867791806067697,71.0,0.0137890652343163,0.0118830573733912,fault3
2.0848750000000003,-0.1145867533503493,1.436196608511862,31.572925375208435,71.0,0.0111026248531764,0.0096379494018064,fault3
2.287,-0.1376804031814697,1.461438621070696,31.41091885247976,71.0,0.0095594869380139,0.0110100269670542,fault3
1.55225,-0.0597035543444525,1.6900840189489608,31.31010769465701,71.0,0.0127502937234569,0.0117264724968647,fault3
2.13,-0.1579724401788421,1.359163969008193,31.213501630834365,71.0,0.0130499053973096,0.0114624651697298,fault3
0.91325,-0.1357452575964949,1.389199616191432,31.43489641514809,71.0,0.0110207244085487,0.0119451818299538,fault3
1.2205,-0.1116762567626702,1.590107825467633,31.32406570010016,71.0,0.0130425856298122,0.0094489811656171,fault3
1.397125,-0.0890834323652827,1.6350819301701538,32.2430582240254,71.0,0.0095862008868845,0.0162566861360489,fault3
0.938375,-0.1258366447567786,1.7167849058845548,32.39897631168861,71.0,0.013433505752779,0.0121963496893205,fault3
1.92525,-0.09394255059513,1.684501184120522,32.09925657181382,70.0,0.0110971124305123,0.0090308203693136,fault3
2.2275,-0.0430130474789394,1.7982526818452111,30.775590629432717,69.0,0.0012336202757705,0.0138919110897093,fault3
2.12975,-0.1303206565344434,1.775483217955159,31.39796501997976,70.0,,0.0146480935639023,fault3
2.30925,-0.1396580249747398,1.740874985469944,30.110996873772137,70.0,0.0157222046446958,0.022759750124841,fault3
1.865125,-0.155749252081661,1.5897934109302845,32.82441610522288,71.0,0.0211449016197714,0.0123761902598402,fault3
0.9945,-0.1300124484976431,1.723690436412959,32.87640417110073,71.0,0.013255616107357,0.0185725811347333,fault3
2.02725,-0.0981240253209894,1.6157817782580015,31.88813387471841,71.0,0.017442680676944,0.0154378801707127,fault3
0.913875,-0.0876417620939257,1.653464558076992,31.651634813168755,71.0,0.0123602865692912,0.0189698502017468,fault3
1.0205,-0.1163954115384619,1.4853903667711204,32.60399599635651,71.0,0.0196486029740561,0.012563690078555,fault3
1.636125,0.0080630579689621,1.5194240052619867,32.94287444424948,71.0,0.0123075826120712,0.0170482459418352,fault3
0.912875,-0.1278703710977217,1.521585838232973,32.81200237822564,71.0,0.0180257874946682,0.0154441002881397,fault3
1.4825,-0.130046630286766,1.5177068756703598,31.48793114317432,71.0,0.0162505719313064,0.0176920281981077,fault3
2.1055,-0.1390016800067499,1.510550158339086,31.020628854805175,71.0,0.0176988967687476,0.0154989994773097,fault3
2.154375,-0.1460019555827821,1.3787556985333098,32.65030976291581,71.0,0.0160619441154231,0.0191889772455481,fault3
2.2065,-0.1959071069636777,1.3178296771824594,32.61847806901784,71.0,0.0202761827440932,0.0135619414671731,fault3
0.94775,-0.1631180186697945,1.3679400020210744,32.00841942170208,71.0,0.0151135628858885,0.017200981943624,fault3
1.811875,-0.1181299801257887,1.4993514659789051,32.10316195380769,71.0,0.016191680448344,0.0141967699270757,fault3
1.14925,-0.1236865799606756,1.5849731903912212,31.98074177390633,71.0,0.0128212458006391,0.0224295162994687,fault3
2.239375,-0.1434610380179761,1.741663988637281,32.59106135791953,71.0,0.0231242351694428,0.0143672019648764,fault3
2.22775,-0.157055385662916,1.540806207549609,31.2736602049089,71.0,0.012462587637945,0.0189938376834269,fault3
0.940125,-0.1474928730967616,1.3077057509273862,32.16860075882055,71.0,0.0178747376252996,0.0156995944841918,fault3
1.949375,-0.1677765390885836,1.3185191709557909,31.597164110832672,71.0,0.0151744316476344,0.0192204477169876,fault3
1.52575,-0.1270853345277696,1.412289909891479,31.69998196710283,71.0,0.0170307294481937,0.0157744351536713,fault3
1.238125,-0.1580389587362796,1.6596417702026902,31.331908634323757,71.0,0.0152963461731813,0.0162178052772857,fault3
2.2975,-0.1032242557668806,1.451302703916218,32.17272636674207,71.0,0.0172370872858229,0.0146620034979993,fault3
1.693625,-0.1464724797909734,1.7964403560768538,32.649963706261545,71.0,0.0170482788699767,0.01554028278844,fault3
2.292125,-0.1338714332960644,1.6034237373388571,32.269007932177146,71.0,0.0163455606764261,0.0148041433383234,fault3
0.9415,-0.1229628056924417,1.724811299919713,32.74909003412642,71.0,0.0141870622816956,0.0162296522096078,fault3
2.230625,-0.1465573456561874,1.5110558646933911,32.78146906744786,71.0,0.0173749946152128,0.0169498787266275,fault3
2.075875,-0.1578579016134749,1.6237358187085993,31.66833576844777,71.0,0.018270226014533,0.0148637045604225,fault3
1.10275,-0.1724496227009596,1.5607563089306693,32.053680949201336,71.0,0.0161347756758342,0.0146995190663997,fault3
0.910625,-0.1319145288623199,1.7482053741707988,31.708356091191487,71.0,0.0151261574860076,0.0139071548633614,fault3
2.1405,-0.2045296603031188,1.604556667168749,31.24739782797942,71.0,0.0142412571344163,0.0235108721293451,fault3
1.302,-0.1444162773711191,1.6444746834406756,31.432095029153007,70.0,0.022055850011225,0.0200021693821383,fault3
1.65975,-0.1427719854720856,1.3318287263090305,31.69543746306288,71.0,0.0164892985659847,0.0171504122156454,fault3
0.9265,-0.1445379719697365,1.5827205278147845,32.655456570735275,71.0,0.0169537826574857,0.0161366777912208,fault3
1.150625,-0.1055419727829381,1.3768917820381517,31.888976393057348,71.0,0.0146199569384973,0.0129151479589134,fault3
1.706,-0.1245978535612402,1.725452355226475,32.116988990474475,71.0,0.014361406156124,0.0133388471825143,fault3
2.234,-0.1301689391447116,1.36692354504503,32.67207878629934,71.0,0.0141286320418506,0.0205445352187953,fault3
1.67025,-0.1395209523403418,1.3585469037326667,31.322198360529065,71.0,0.018113949425695,0.0137243681019542,fault3
1.651625,0.049326405365637,1.434359514768329,31.335815971957192,71.0,0.0122752060536698,0.0151923131582442,fault3
2.229875,-0.1531584725303378,1.7401309391584807,31.907733144774227,71.0,0.0176695874971282,0.0151088178809419,fault3
1.7055,-0.1570049903567404,1.3540809096485362,31.18800101185546,71.0,0.0145395859492554,0.0243152925575393,fault3
0.94775,-0.1273079151246479,1.6233971118060628,32.00731990195298,71.0,0.0237088041655393,0.0155142121152415,fault3
1.64975,-0.142113924423173,1.5417568242640822,32.90145645018458,71.0,0.0147133631883972,0.0141926237958153,fault3
1.8485,-0.1583250270296912,1.5034378892590052,31.843117909902222,71.0,0.0132454259803919,0.0147074423106767,fault3
1.228375,-0.1184132624314875,1.4654901890966725,31.199192909383548,71.0,0.0162559178094733,0.0145680286191227,fault3
2.245875,0.0615812847516227,1.359283854866471,31.312181876870756,71.0,0.0143975584729097,0.0145969896887958,fault3
1.329375,-0.1548950694721881,1.31735616052229,32.93605541233292,71.0,0.0169676071994782,0.0145144875258846,fault3
1.11075,-0.14638054053019,1.4403861525073367,31.513573157749068,71.0,0.0152407762377975,0.0172376051171599,fault3
1.964875,-0.1370855889145232,1.4729822032687618,32.72717891619615,71.0,0.0174638119063705,0.013281537443042,fault3
0.967375,-0.0881801418219381,1.3336795372190693,31.359866847653457,71.0,0.0128329337957227,0.0177617460908143,fault3
2.180125,-0.1294769298097343,1.7450275085221318,32.135262987109975,70.0,0.0164738682915251,0.0191901418096568,fault3
0.922625,-0.1436477343218381,1.541204271128695,31.222466135852493,70.0,0.0207924074756603,0.0149131598996306,fault3
1.4805,-0.1388601606897578,1.6736913062181806,31.81184968748181,70.0,0.0167435557491039,0.0159234381617771,fault3
0.950375,-0.129167044693271,1.6664247913137566,31.28422624456362,71.0,0.0158202123767789,0.0152137035915392,fault3
1.268,-0.092145942893363,1.4652648439644729,32.30490887785683,71.0,0.0141870473996226,0.0159115531379615,fault3
0.917625,-0.1226456680248344,1.4331346066697206,31.909212283464743,71.0,0.0148245595520876,0.0160847602655045,fault3
1.968625,-0.0911269236150378,1.383263058811874,32.61191849853565,71.0,0.015531600254346,0.0124811267408282,fault3
1.28,-0.1260502861525322,1.7357302701829287,31.797104871221308,71.0,0.0137949932980397,0.0172257808289858,fault3
2.224875,-0.1489785014373322,1.515737119816801,32.941432025949474,70.0,0.0174520778303708,0.0156579659058957,fault3
1.2265,-0.1404432986561762,1.6412700089663312,31.60776110424176,70.0,0.013710438932982,0.0135862801531978,fault3
1.09275,-0.163834537591513,1.401714418112542,31.014425111281238,70.0,0.0145843042038735,0.0196037765182429,fault3
1.962375,-0.1366098701819803,1.3512651706812333,31.368291038864147,70.0,0.0219864510461447,0.016564722119796,fault3
2.3075,-0.1314094417807775,1.475724372076313,31.841003492136007,70.0,0.0152160238542736,0.0138969811292078,fault3
1.573,-0.0760571904238672,1.3432575401558975,31.589847332719334,68.0,0.0010474411702871,0.0162256813481289,fault3
1.782625,-0.1457739064703146,1.6705085720255846,30.24452655397978,68.0,,0.0116434905630683,fault3
1.2685,-0.1428136389404313,1.3285339785959531,31.50907717242744,68.0,0.0102646088828074,0.0131212221347558,fault3
2.122875,-0.1635010304805309,1.7861725364936034,31.92524964439483,69.0,0.0136463437155538,0.0097424405164961,fault3
1.608875,-0.164361409813483,1.6836910404214782,31.723719071928443,69.0,0.0114568084421874,0.0107603523275312,fault3
1.184625,-0.1502279823618306,1.483386960058706,32.80889318645616,69.0,0.0103404096066277,0.0101137172345357,fault3
2.304125,-0.1860970569292793,1.450296670380462,31.64685096195208,69.0,0.0116302278388318,0.010869062517837,fault3
1.213125,-0.0473554750485971,1.6021124008703058,32.97118243436692,69.0,0.010491441175462,0.0119712619179045,fault3
2.298125,-0.1326563399000725,1.3115343055342188,32.85629453216603,69.0,0.01244183588925,0.0108028273947927,fault3
1.45075,-0.1130720111292164,1.3522665611787277,32.11398521434345,69.0,0.0117960212035894,0.017788000985696,fault3
1.925,-0.1050329571548065,1.4259673691805632,31.674910204496697,69.0,0.0162068271954994,0.0093094397462545,fault3
1.16725,-0.1000204028802333,1.6464289814602475,32.07216414605336,69.0,0.0110091646340461,0.0155324926907097,fault3
2.238375,-0.1159689836798932,1.712113414004028,31.37557819873013,69.0,0.013059208328714,0.0125001814678915,fault3
1.9355,-0.1023197501393357,1.6744884852340287,32.397321872750446,69.0,0.010950342856748,0.0117496373009461,fault3
0.92375,0.0413279796089952,1.548633463494416,31.171826767651822,69.0,0.0123573325436149,0.0116585781326708,fault3
1.79375,-0.1509192291463753,1.5853658820838936,32.48794486309032,69.0,0.0124399461991409,0.0124355075024838,fault3
1.19675,-0.1597700895116376,1.4688062517095335,31.94511798760432,69.0,0.0136667478842309,0.0141729239018539,fault3
2.097375,-0.1144948868287067,1.3769825646085525,32.90324793564818,69.0,0.0133564259835067,0.0113580378973658,fault3
1.938875,-0.1438076213389421,1.639315976242761,32.91947012013246,69.0,0.010298210646395,0.0127628463404915,fault3
0.936125,-0.1383187204302173,1.5861975975869589,31.13080800351825,69.0,0.0126909924027843,0.0093341576077584,fault3
2.244625,-0.0914108724586316,1.3475338002091786,31.973091933669373,69.0,0.0115571776590686,0.0123689634155457,fault3
1.019625,-0.1860285669132847,1.3243572376277892,31.72463187399105,69.0,0.0120001015721729,0.0108913197179479,fault3
2.2205,-0.1686303147174267,1.498203004639348,32.998121534241456,69.0,0.0098462476931872,0.0123189909358785,fault3
2.303875,-0.152865390926388,1.7764890567193832,31.04478954329368,69.0,0.0125639104184908,0.0134841365627635,fault3
1.252125,-0.1692716242132682,1.605950748564775,31.15502210436388,69.0,0.0148666605356299,0.011609584505917,fault3
1.05175,-0.1677685725381297,1.5233005090897225,31.98727546591176,69.0,0.0116784150862504,0.016367545729191,fault3
1.217375,-0.1688643459408596,1.6346175916792656,32.06341403355896,69.0,0.0193179590901824,0.012042814983364,fault3
0.9945,-0.148476250107718,1.710493478859907,31.80521709075828,69.0,0.0113285511520589,0.0128584051122682,fault3
1.93225,-0.1320961270829448,1.7039015288835069,31.916634109609365,69.0,0.0142274437189873,0.016211058694881,fault3
2.141875,-0.1578097564757,1.590159539725272,31.78723790289163,69.0,0.0161650826720818,0.0163461018356134,fault3
1.36875,-0.152078130597234,1.7414703102920717,31.80246005837743,69.0,0.0146828421181942,0.0184494735326191,fault3
1.7255,-0.127878742343052,1.7864535770315624,32.55738682014605,69.0,0.0182396661154366,0.0134602822186338,fault3
1.534125,-0.1517603597421748,1.3502785270752091,31.820435791107855,69.0,0.0117008885481762,0.0142135333030271,fault3
1.705125,-0.1532651970857406,1.6817522315872495,32.7966656944156,69.0,0.0140800872472957,0.0142620546589885,fault3
1.97875,-0.139145108385725,1.7668892359345965,31.70273526321564,69.0,0.0121193835502587,0.0139103011234055,fault3
1.384,-0.1471989279808389,1.3851021072092524,31.725943886115832,69.0,0.011631794942784,0.0140647496224022,fault3
2.088125,-0.1613051920673354,1.360257648788464,32.67129061025213,69.0,0.0130841529220127,0.0116753134157108,fault3
1.170625,-0.1516623806265039,1.721638253633845,31.00912382672904,69.0,0.0108798370465744,0.0165735125600911,fault3
1.20475,-0.1383025201092553,1.5961846643753563,31.72608941576596,69.0,0.0160215876941901,0.0099248150771472,fault3
1.312625,-0.1680536146828048,1.6816340246960737,31.26542483842084,69.0,0.0104155593858973,0.0122683743053342,fault3
1.3735,0.0562972415814618,1.4997487654032269,32.49803418322837,69.0,0.0128237810801238,0.0122426132340248,fault3
2.2595,-0.1421344033443565,1.3986543420634625,31.627482548371216,68.0,0.0106123752244761,0.0146194387751722,fault3
1.2075,-0.1704215164731859,1.5312326225740591,32.349405286048345,69.0,0.0155184827808813,0.0129146226264185,fault3
1.2095,-0.1614540933890776,1.6370677273974026,31.472462225865872,69.0,0.0117757366405069,0.0129449022177336,fault3
2.278125,-0.1738751214896071,1.3420860865172903,31.475822744472197,69.0,0.0131437356881951,0.0120805983036529,fault3
1.537625,-0.1989072421970673,1.3233487197678513,31.05290103397308,69.0,0.0114020282301273,0.0168206645537241,fault3
2.0495,-0.1542678820507394,1.64098592073139,32.12250830789992,69.0,0.0152218876929374,0.0110328282284488,fault3
1.04375,-0.1597282846847232,1.4798254808708808,32.08661529108827,69.0,0.011466008807162,0.0139254854415369,fault3
0.9735,-0.1447116446310752,1.7775447002661862,32.17675649962663,69.0,0.0158461326912125,0.0131634498095566,fault3
1.869625,-0.1146440500600356,1.714042533053951,31.68612304166386,69.0,0.0118043785582234,0.0141267183677179,fault3
1.23775,-0.1434331591216967,1.557396615115989,32.50834269551003,69.0,0.0142034334087551,0.0152538935336959,fault3
2.2715,-0.1434250604293986,1.6306902876978977,32.829366624346456,69.0,0.013756155241388,0.0118879933853222,fault3
0.961875,-0.0169930667919325,1.538747735282604,31.49694175119138,69.0,0.0126129700199494,0.0147521441066992,fault3
2.30025,-0.1360968834587745,1.543300436264715,31.34821473445008,69.0,0.0146319810578043,0.0125845249867968,fault3
1.44175,-0.1110501306268494,1.313212502477519,31.480739282898416,69.0,0.0104810691713423,0.0138870704545054,fault3
1.933375,-0.1118688436283416,1.7620871796753363,32.5854226967144,69.0,0.0121783976776079,0.0112782721990608,fault3
2.0405,-0.1076253841039107,1.623538214554457,31.561035997634384,69.0,0.0116266253371867,0.011828017128541,fault3
1.551875,-0.1238968120947387,1.3224592264747803,31.556605265481515,69.0,0.0114212120353818,0.0105270774160932,fault3
2.2735,-0.1332318364668357,1.5537774424131607,32.123511221634175,69.0,0.0108589095769542,0.0130460660660847,fault3
1.04375,-0.1704531325036658,1.4944469823743705,31.729947713706306,69.0,0.0128363081203763,0.0100090163567472,fault3
2.29975,-0.137466243860194,1.4139816108674912,32.53247429396223,69.0,0.0109280789818766,0.0122048032625135,fault3
2.018125,-0.141889078845609,1.3456553112665115,32.559360848328424,69.0,0.0132424288872173,0.0095981646513776,fault3
0.942375,-0.135066054401039,1.645492696818506,31.37613998612213,68.0,0.0094007177386736,0.0107842714229803,fault3
1.221,-0.1082748776492872,1.328690661171338,31.8464598922744,69.0,0.0111723779553338,0.0185005370584138,fault3
1.737625,0.0077008222180256,1.7888640303908705,31.946386128553197,69.0,0.0010179586374309,0.009833397084531,fault3
1.735,-0.1268174399027313,1.306564185631668,30.12056452909322,70.0,,0.007259982377489,fault3
1.697625,-0.1582777149406941,1.7871332905859192,31.062613835853615,70.0,0.0089748532732449,0.0122539498047269,fault3
1.8515,-0.1725305356063317,1.581827582511684,30.045486155541745,70.0,0.0118223863881568,0.0092714273338676,fault3
1.484375,0.0007157554553796,1.7508904823031624,30.608684289511547,71.0,0.0080365551140288,0.0194377206386077,fault3
2.003625,-0.1512904558282764,1.7789630162037071,30.50370410909949,71.0,0.0193459848212966,0.0081816133746562,fault3
2.247875,-0.1249720228433723,1.4784702299709591,31.688734830666636,71.0,0.0089870150751138,0.0135977899544668,fault3
1.26025,-0.1400118387801021,1.514066455006431,32.99674114501028,70.0,0.0131309513004312,0.0161650200176062,fault3
1.89625,-0.1648158216983255,1.3330302938079823,31.67549096817545,70.0,0.0164536389704491,0.0113682061590923,fault3
0.94475,-0.1882919521825783,1.3112837649496023,32.301567557084994,71.0,0.0129431286723094,0.0150839429589953,fault3
1.791375,-0.1389168444468568,1.5412357525551283,31.82618439444694,71.0,0.0152755340513531,0.0109575443916938,fault3
0.9555,-0.1153755757954394,1.301970747774286,32.35980719736135,71.0,0.0112834042179504,0.0124794088985757,fault3
2.113875,-0.1173860184072172,1.3304505343767454,32.86539888921436,70.0,0.0123135389602396,0.0135290439844907,fault3
0.927625,-0.1650840004912123,1.4876024791563078,32.98698928425329,70.0,0.0138027318607599,0.0161254651706756,fault3
2.306375,-0.1578966988295088,1.3893426212088016,31.33565748141664,70.0,0.0160278571540069,0.01296384046978,fault3
2.0215,-0.1921135324369031,1.3860673677617146,31.065548945636596,70.0,0.0124128092093211,0.0108948849671882,fault3
1.156125,-0.1658971983262792,1.3536523168573835,31.595647010367102,70.0,0.0122476407388449,0.0141080800358716,fault3
0.9875,-0.1288495035422987,1.5109068613345902,32.69537944980973,70.0,0.0149208727426619,0.0108728597880131,fault3
1.780125,-0.1743144492884754,1.4661592271948445,31.006667027830822,70.0,0.0108993357829154,0.0135538191300878,fault3
1.19225,-0.160456084346911,1.7081772894532392,32.352993003376696,70.0,0.0141106855289001,0.0135957351391834,fault3
2.213125,-0.0111572843030453,1.7358548418658186,31.10611274441719,70.0,0.0127178561431001,0.0134036457747658,fault3
1.125875,-0.1650561061073514,1.4943440613132646,32.8046203320842,70.0,0.0143767395731037,0.0126263266917644,fault3
2.250125,-0.1787456020575022,1.5316784824653082,32.71782961738356,70.0,0.0142844291482373,0.0126604272197487,fault3
2.189125,-0.1636247326899067,1.3273353727136958,31.193913358731223,70.0,0.0135303223007041,0.0127059609864949,fault3
1.337,-0.1615955076755606,1.5812208928854998,32.19647211175096,70.0,0.0123898969801165,0.0110419952361518,fault3
2.21475,-0.1659494260244267,1.6131257794748346,32.22394197843183,69.0,0.0116909093768208,0.013968131505792,fault3
2.220375,-0.1862319051603306,1.684674416574019,32.13119155141354,70.0,0.0138950229997712,0.0139814001524204,fault3
1.660375,-0.1474163444736289,1.44170647981263,32.17707333745793,70.0,0.0119986659916527,0.0109558577135274,fault3
2.258,-0.1171978223511231,1.6147376985414863,31.898999848706936,70.0,0.011919015845284,0.0109813371721827,fault3
1.000125,-0.0203357524649855,1.512647599564766,31.08076917692482,70.0,0.0109684164427112,0.0139273796804273,fault3
1.24475,0.0128084742781703,1.639531171707055,32.045893261923645,70.0,0.0151746186203987,0.0133894147722858,fault3
0.970625,-0.1748047382663052,1.5832461838818186,31.75076323192901,70.0,0.0148958419767992,0.013640614848243,fault3
2.062125,-0.0531613911868617,1.508606553227642,31.973908292497036,70.0,0.0137975018420596,0.0131069581767526,fault3
1.582375,-0.1091292675895188,1.5003154717534,31.12951599365948,69.0,0.0114900014980182,0.0097981191739243,fault3
1.265,-0.0788622581010712,1.6394808149908182,31.063526284829774,70.0,0.011129257403295,0.0130341478059215,fault3
0.974375,-0.0338107305344408,1.3895366709531207,31.462998100470685,69.0,0.013435746260888,0.012618967019835,fault3
2.142,-0.0505595374166185,1.6412471620106277,32.06248648254973,70.0,0.0116711349027096,0.0138818948825363,fault3
1.320375,-0.099515882750865,1.6348718221550884,31.61678879961005,69.0,0.0141315423976329,0.0133768673114236,fault3
1.57575,-0.1228758043839247,1.3600823045740895,32.36176739049279,70.0,0.0148427251589459,0.0146599285525601,fault3
1.136875,-0.0355757043474742,1.7875246820824235,32.77785675939351,70.0,0.0128474237841062,0.0127147987384492,fault3
2.16625,-0.03761631350597,1.4160368084396944,31.17472221147352,70.0,0.0136865827442068,0.0142828691081317,fault3
1.136,-0.1287833841131719,1.5193104138336817,32.15148458075479,69.0,0.0141344405456994,0.0122087085277825,fault3
2.3055,-0.0372795825293021,1.6200507056847524,31.086849056756083,69.0,0.0121474958747904,0.0123058058078253,fault3
1.819375,-0.0354305353621569,1.719789054072164,32.22299553531707,69.0,0.0117418969100338,0.011260753209605,fault3
2.2665,-0.0695338101755142,1.4832588683546883,31.088375748971348,70.0,0.0126268906644054,0.0113554145264205,fault3
1.158875,-0.0022260249718638,1.66348471870671,30.01879495122425,68.0,0.0010315526111895,0.0123178397703541,fault3
2.308875,-0.1169619305678453,1.5090885776414673,31.901599202389868,69.0,,0.0102480687325444,fault3
1.13625,-0.0472815452914586,1.5272770777362177,31.828838067109967,69.0,0.012182440672441,0.0102211491361545,fault3
1.30475,-0.1601186917120199,1.5754826739352874,30.802063710685538,70.0,0.0116294832241139,0.0113734162429864,fault3
2.304125,-0.144243776892272,1.4174793129119956,30.75055818450156,70.0,0.0106187672778169,0.0113034866140413,fault3
1.265,-0.1042219896711601,1.557332538944224,31.250870563849173,70.0,0.0123383906182339,0.0111906481691496,fault3
2.308875,-0.1378846972369181,1.6278336482052866,30.871655461958152,70.0,0.0109260888817768,0.0106961465254115,fault3
1.1575,-0.1302085192153791,1.4187417465097236,31.591803769626765,70.0,0.01220113753357,0.014403710150795,fault3
2.161125,-0.1625967039456815,1.7806021642727514,31.846621331637543,70.0,0.0135288650191027,0.0103619907006326,fault3
1.867875,-0.0989216374886782,1.326174905762668,30.96047476375465,70.0,0.0111349804809507,0.0157177443658008,fault3
1.621625,-0.1312563270525657,1.7546882689561358,32.8793028299764,70.0,0.0135464540210255,0.0097972599244968,fault3
2.2925,-0.0795840165877265,1.7600577798277648,32.507810212508105,70.0,0.009537924031449,0.0158592976081602,fault3
1.08625,-0.1105526659987509,1.7064922627271986,31.80781450037081,70.0,0.0147245729481566,0.0105524209006096,fault3
2.267375,-0.0986973540882942,1.6952656557139305,32.87777872250674,70.0,0.0129806923719296,0.014685427887296,fault3
1.22875,-0.1383100733073967,1.642476324900573,31.084930845519537,70.0,0.0135995954999077,0.012483584830304,fault3
1.500125,-0.1543267392386536,1.6309216578730124,31.306642486712413,70.0,0.0138477802829305,0.0123310290284957,fault3
2.09575,-0.1555220591857057,1.420278142442336,32.87808456426434,70.0,0.0120109087077788,0.0146354244397817,fault3
1.159375,-0.159620796610107,1.5608460896352274,31.16664447204046,70.0,0.015543756225792,0.0114058609250837,fault3
2.24175,-0.1203222583891567,1.6212506916949314,31.367078626914257,70.0,0.0105839418080912,0.0121284512353751,fault3
1.654625,-0.1547114179483947,1.4307251695953318,31.49955109306084,70.0,0.0139356177859045,0.0111584669512818,fault3
0.93025,-0.1442204502592804,1.5768160793384651,32.89286175939095,70.0,0.0116479278476435,0.0113628789166216,fault3
2.13925,-0.1392776542934473,1.5613079676586172,31.344231404581624,70.0,0.0110257735406202,0.0113784803737503,fault3
1.403125,-0.204417157765888,1.560574641314978,32.931066342209505,70.0,0.0113916997639148,0.0112809848381076,fault3
1.319875,-0.1382103671354344,1.36238701457961,31.15416995374152,70.0,0.0109761948940161,0.0116031643860455,fault3
1.03375,-0.1448779807057219,1.7888417663753515,32.35934106242976,70.0,0.0111635544627952,0.0107866427123054,fault3
2.3035,-0.1255325664120974,1.4618022900542598,32.43714424527626,69.0,0.0103642129677059,0.010193484683303,fault3
2.265125,-0.1541014814827355,1.331660867089555,32.54333775427392,69.0,0.0100171736372017,0.0111924238834757,fault3
1.463375,-0.2125959127385853,1.7803648552707774,31.23899537027953,69.0,0.0095815384899696,0.0096988866022093,fault3
1.954875,-0.1353931047644316,1.4074559319089914,32.33340972780475,70.0,0.0096039808134543,0.0140400006443712,fault3
0.936625,-0.1551118036515781,1.5353292674025445,32.58226298500793,69.0,0.0140846157528861,0.0099898139323428,fault3
2.045625,-0.0979516591666916,1.5414492633890444,31.93273585127526,69.0,0.0090238389564508,0.0139975525443089,fault3
1.73325,-0.1404694045139024,1.4479736047719074,31.54092818891912,69.0,0.014551514018966,0.0101967468854186,fault3
0.932125,-0.106998813409217,1.3877067806740189,32.01663850218621,69.0,0.0111885470510504,0.0147240201667682,fault3
1.035625,-0.0928205566712659,1.549943716663823,32.25495303480582,69.0,0.0147258011561193,0.0113292170354736,fault3
2.272625,0.0606573763705264,1.4061729874173106,32.16590766066405,69.0,0.0112603959202246,0.0128682246038287,fault3
1.709625,-0.1492172221995211,1.4238269549214162,32.6112377703039,69.0,0.0131171295755508,0.0143500191397348,fault3
1.847,-0.135509006214825,1.56083552826307,32.371284401220215,69.0,0.0133385229214813,0.0115250934155224,fault3
1.95575,-0.142214880652041,1.660157273956387,31.236686999642423,69.0,0.0118385069464496,0.013433555330448,fault3
1.432,-0.1167254722929036,1.4617829057237517,32.938672173134066,69.0,0.0139716386373658,0.011835438830862,fault3
1.517625,-0.1308761373728375,1.3986282026140977,31.772935572212237,69.0,0.0124604746440687,0.012260267827651,fault3
2.17325,-0.1539608388277629,1.5210504904326612,31.43053862568565,69.0,0.0139587403350846,0.0110236578241845,fault3
1.0035,-0.0765440045572362,1.4369932289365548,32.53152248187346,69.0,0.0120861667869287,0.0118763777889792,fault3
2.043125,-0.1695998154911844,1.7132981960657707,31.775361380490907,69.0,0.0108194303588148,0.0102550888286667,fault3
1.054625,-0.1349611973791958,1.745407228684254,31.93500169866663,69.0,0.010025600495037,0.0119251388793831,fault3
2.267625,-0.1235880250833817,1.4044475407345096,32.723467876496386,69.0,0.0110770693322886,0.0102435402737564,fault3
1.5685,-0.1345974993037994,1.7054141275824497,31.329029303426275,69.0,0.0098859520502389,0.0128377083249884,fault3
2.10675,-0.1917389938535816,1.3739509057416397,31.374814043779157,69.0,0.0121702554687528,0.0109344822051323,fault3
2.191375,-0.1377779954201176,1.6420857155025432,32.68328659689343,69.0,0.0127415215031234,0.012594921964224,fault3
0.9915,-0.1602006634690579,1.3401723698915171,32.45203782909432,69.0,0.0122247582143935,0.0112931997536687,fault3
2.09575,-0.1366576754735611,1.7903128220429447,31.878695581539336,69.0,0.0104421602002501,0.0109813416347812,fault3
2.288875,-0.1724086421785803,1.735077307470331,32.80125207322734,69.0,0.0104883960662399,0.0103549957330815,fault3
1.450875,-0.1581333349288259,1.7326313658775196,31.72578846976694,69.0,0.011164332268128,0.0122046175889757,fault3
2.307,-0.1477095440529664,1.55272900441391,31.31993358491841,69.0,0.0126525839567685,0.0103011014240301,fault3
1.0435,-0.1202133091835432,1.6042386160750266,31.491519443608997,69.0,0.0105139494149916,0.0140213770910882,fault3
2.17125,-0.1187752241891896,1.6834061955291246,31.74209089282863,69.0,0.0129072633024439,0.0100690380805359,fault3
1.59625,-0.1326438992750842,1.3134995372942764,32.17717525755484,69.0,0.0099640509232328,0.011077597338394,fault3
1.458875,-0.131623910413529,1.518384998048551,32.85287966813964,69.0,0.0122584937766049,0.0112441250986896,fault3
1.243,-0.1684976535984226,1.3199358576837097,32.65346436806095,69.0,0.0115407797060203,0.0105813113859452,fault3
1.9075,-0.1236076816739839,1.6082158186989348,32.574016637922945,69.0,0.0108412768753273,0.0129920104612592,fault3
2.27025,-0.1435566205727085,1.7996669817631594,32.6767377865367,69.0,0.0152475744505824,0.0114202692522448,fault3
1.988375,-0.1710343368935825,1.5095311733403765,32.42740739626022,69.0,0.0103309618674951,0.0154606093247816,fault3
1.875125,-0.1634372913244808,1.4381343747362278,32.99868766330455,69.0,0.0159719930356947,0.0134056904405503,fault3
1.089375,-0.1704315265981815,1.3720817324978083,31.6006951940972,69.0,0.0127026583133335,0.0134166628447027,fault3
2.268125,-0.1395814209607166,1.7044870863240833,31.252453541987325,69.0,0.0142112515162469,0.011123822204303,fault3
1.462625,-0.1496004298147824,1.650220014780666,31.847843072484363,69.0,0.0129949099375287,0.0106546407594337,fault3
1.458,-0.1027353738979118,1.3731060654588796,31.529477705220373,69.0,0.0104910912470762,0.011402890892591,fault3
0.911375,-0.11490796838495,1.374204974309305,32.90970601292298,69.0,0.0121445166379547,0.0108767957108985,fault3
1.162875,-0.0833349847683729,1.6714777371316123,31.063287124660047,72.0,0.000535399706517,0.0078957886978303,fault3
1.506625,-0.1644113938275581,1.7291087768596771,30.631449826295245,72.0,,0.0085447086325451,fault3
1.858625,-0.1301204245454046,1.3550805419510952,31.17974916534813,72.0,0.0087932655193404,0.0079179570468478,fault3
1.1445,-0.1271367405231986,1.7456433695785147,30.181153487542456,72.0,0.0065355634244012,0.0074147593197917,fault3
1.717125,-0.1400564797556751,1.7603682473159272,30.45487501107725,72.0,0.0078114962599885,0.0070114313907525,fault3
1.099875,-0.1149905990465276,1.582572411969631,31.232471738260795,73.0,0.0064668546768967,0.0107234502331291,fault3
2.240625,-0.1050054061497845,1.507273383344806,30.09228340597965,73.0,0.0093499962009767,0.007740618104908,fault3
1.89275,-0.1538661978580666,1.4584408662486803,31.79048393097948,73.0,0.0078803715035251,0.0106547708049759,fault3
2.279625,-0.1280476710556252,1.4570395990126337,31.165665537334025,73.0,0.0101411092792658,0.0088809175393715,fault3
1.891375,-0.1522815121843931,1.7169282394912917,31.1596482057304,72.0,0.0079684623092212,0.0078203189728876,fault3
2.27375,-0.1436213806924181,1.5171268719419777,31.891368948822358,72.0,0.0084444504280321,0.0153739919770181,fault3
2.052625,-0.1040899418281266,1.312371948690456,31.891026442418724,72.0,0.0157491535271345,0.009413711620221,fault3
1.600875,-0.2148602533624196,1.4966527245230918,30.795752531593667,73.0,0.0082814253405283,0.0075764060830358,fault3
2.25725,-0.1481307013332591,1.3868700730034842,31.016962107332887,73.0,0.0071634111018856,0.0083313330633194,fault3
1.140375,-0.1321615154352239,1.730544222756203,30.15849621556004,72.0,0.0080522710931653,0.006187990138242,fault3
0.929375,-0.1229058763368055,1.3713055759031607,31.16906375688452,72.0,0.0069407553219434,0.0064297836521483,fault3
1.613875,-0.1174814297908568,1.7199032556085772,31.64781241395248,71.0,0.0005639827578852,0.0061370243525487,fault3
1.762125,-0.1549462339688312,1.6022081931622567,30.29980131330857,71.0,,0.0070759852888258,fault3
0.97375,0.0323254780806107,1.7063468280148977,30.865122479658893,72.0,0.006345630848638,0.0061510755236475,fault3
2.309375,-0.1121398250395608,1.7508184317323452,31.095567691724625,72.0,0.007368265655611,0.0054962800387745,fault3
1.0725,-0.0893350056618636,1.4218578652181404,30.476238469242485,72.0,0.0052904376298467,0.0062379611259801,fault3
1.00975,-0.0882126184176646,1.3857157514952638,31.570007423745896,72.0,0.006396656320724,0.0060884695983593,fault3
2.086875,-0.1499203601841753,1.6118688319703112,30.761740240394737,72.0,0.0063121257524052,0.0064219457565029,fault3
2.143875,-0.1360584003341853,1.4151822861205197,30.378198618025863,72.0,0.0069973186068874,0.0060855186588647,fault3
1.29325,-0.1037987400641956,1.671653118194404,31.064502949427222,72.0,0.0065715498655986,0.0086915816161048,fault3
2.303,-0.2570093613574134,1.4489512713661958,31.96636892223685,72.0,0.0081302226154121,0.0055269541599232,fault3
1.603625,-0.1577674868264978,1.4684991489493466,31.581670429211385,72.0,0.0053148790008005,0.00995216853697,fault3
1.138375,-0.1491555285313269,1.3736236450161878,30.862843729342103,72.0,0.0097179963143498,0.007192306436482,fault3
2.02225,-0.1355001579202467,1.6289606858515933,30.26444375664052,72.0,0.0077835898313801,0.0067669272153471,fault3
1.178375,-0.0602302038343757,1.61290417512372,30.14087844212468,72.0,0.0057564416484387,0.0072719713841589,fault3
1.078875,-0.1933100981899386,1.403108350447044,30.63162246854312,72.0,0.0064245710507957,0.0090767138984895,fault3
1.5765,-0.1521196809891005,1.6189207789718931,30.56000040646119,72.0,0.009781946791413,0.0077182878133067,fault3
2.1145,-0.1637063410504979,1.6467364474399904,30.179531389438857,72.0,0.007990225402989,0.0079407101955074,fault3
1.132625,-0.0991275694715259,1.372667264672819,31.67154849195869,72.0,0.0069532188716512,0.006195680149552,fault3
2.254125,-0.1184417721599028,1.333482676490873,31.027398308951756,72.0,0.0054510533012459,0.0054327588601349,fault3
1.608375,0.0152608429280316,1.5172131526855015,31.25207745180559,72.0,0.006353633121752,0.0094389843318855,fault3
0.9345,-0.1647619719737914,1.78488097963605,31.177650293399477,72.0,0.0096611012726225,0.0064165367063574,fault3
2.019125,-0.1415442372770171,1.7402975207686744,31.402193651608517,71.0,0.0064126865733497,0.0061301999282417,fault3
1.942375,-0.1157595409733489,1.4030936847102269,31.50571505461448,72.0,0.0057968347401107,0.0070936037628459,fault3
1.292875,-0.0883046391203128,1.3934224879896018,30.477350935466877,72.0,0.0074338964168803,0.0058186203428301,fault3
1.51025,-0.1311352289863247,1.4581829240815094,30.271953374607744,72.0,0.0053234555572088,0.0082775894277774,fault3
1.465625,-0.1795442255824131,1.6248371949980291,31.44318112639677,72.0,0.0093796791625807,0.0057540633986328,fault3
2.10025,-0.1009667291563137,1.6669380924123196,30.17535169906396,72.0,0.0068113558113534,0.0071488032994754,fault3
1.4985,-0.127451508455165,1.695536417215147,30.606169141232705,71.0,0.0068158370452988,0.0058581857071178,fault3
2.2865,-0.1481129912442475,1.3136701826018056,30.50867139037988,72.0,0.0064330782597934,0.0055972090715415,fault3
1.555375,-0.1062608213414212,1.6882125883785888,31.240828082615263,72.0,0.0062742771459323,0.0056792187409752,fault3
1.318875,0.0377542173724767,1.6499185769468063,30.72347659031608,72.0,0.0062871772111085,0.0076834500164062,fault3
0.9715,-0.1447682757725711,1.454496140463342,31.266246809881302,72.0,0.0081945576067215,0.0061565321790706,fault3
2.291875,-0.1394899097387855,1.7328494788733226,31.730530228567247,72.0,0.0061793994107362,0.0062100734947616,fault3
0.9425,-0.1161483918584056,1.6740324377202165,30.76438993123734,72.0,0.0061666979622307,0.0051508907543898,fault3
2.3065,-0.1120302788132512,1.6707166240739746,31.56689498875355,71.0,0.0058356247383695,0.0051558856200125,fault3
1.561125,-0.1999778331624677,1.7585186037759943,30.86393162898932,72.0,0.0060686354861814,0.0089589271847961,fault3
1.074875,-0.1562871185940323,1.7339737939065754,30.980361416472807,72.0,0.0091172168958576,0.005732691373002,fault3
2.3040000000000003,-0.1309570112028712,1.5505847700641529,31.88383677759569,72.0,0.0067026922485239,0.0093085069145828,fault3
1.027375,-0.1138288219768878,1.3214108914111735,31.628415181723764,72.0,0.0097753374991742,0.0061008384523775,fault3
1.8095,-0.1199260499062219,1.5218432093053065,30.4916266125002,72.0,0.0061297626101468,0.0108964237985288,fault3
2.278875,-0.1353134456741926,1.6853068434444114,30.59337077689127,72.0,0.0093367991894216,0.0062026305070395,fault3
1.809125,-0.1047618557015897,1.4132248134909449,31.217168265134998,72.0,0.0056221267473569,0.0062925248207663,fault3
0.988625,-0.1498170629066521,1.743333380109283,30.38682226257469,72.0,0.0066195800634085,0.0088645395280171,fault3
1.688,-0.1339937797156532,1.6464892312108748,31.51919870640869,72.0,0.0082049249896753,0.0070965780818572,fault3
1.88475,-0.1482668461410163,1.6879001592225935,30.312221331882725,72.0,0.0072608200998357,0.0074848003157791,fault3
1.409375,-0.0775796275728748,1.364305469903142,30.327286208337803,72.0,0.0087281426259388,0.0069000172137908,fault3
0.9575,-0.1448538542887423,1.5158962996040928,31.940300358445253,72.0,0.0061929308737142,0.0096218544670143,fault3
1.92675,-0.1411364287399523,1.4909998464740382,30.918821458158227,71.0,0.0102159383204703,0.0092781510788633,fault3
1.546375,-0.1546834198387576,1.7023093906442273,31.44899210166717,71.0,0.0088193337142968,0.007057717762531,fault3
2.13725,-0.1427006900195074,1.7291771549335373,31.5344996776358,71.0,0.0076177304122735,0.0073742715700514,fault3
2.24625,-0.0686731082288988,1.765312562929758,31.60120910245909,72.0,0.0072379937501149,0.0086932458667399,fault3
1.651125,-0.0877570690645567,1.7067949116327272,30.791800135089304,72.0,0.010199790539192,0.0055138357505409,fault3
1.928375,-0.0578855196524764,1.6219931897249809,30.871039583936188,72.0,0.0056473092855491,0.0101894253714256,fault3
0.922625,0.0187376154775565,1.7845832686843996,30.19206534416068,72.0,0.0094600086415442,0.006743141441981,fault3
2.163375,-0.1171885861502089,1.6603113634919056,30.249975284872967,72.0,0.0067195230656092,0.005796863387315,fault3
0.912,-0.1292045014291118,1.6346452091975814,31.079638612299306,72.0,0.0065398384724321,0.0059321722723979,fault3
1.215625,-0.0985330014997483,1.6788288546924413,31.239465507078805,72.0,0.0070113250168092,0.0063521720652544,fault3
2.30325,-0.1396054259935602,1.455130431762234,32.36676932822208,72.0,0.0059183659522764,0.0085119422531975,fault3
1.38675,-0.1378105621779382,1.6889595526406076,31.38087682887079,72.0,0.0088507909418722,0.0066131997983948,fault3
1.17375,-0.0952882533074952,1.5168975346777764,32.42870664013837,72.0,0.0071174389247226,0.0096495901437104,fault3
2.2275,-0.0430130474789394,1.7982526818452111,30.775590629432717,69.0,0.0012336202757705,0.0138919110897093,fault3
2.12975,-0.1303206565344434,1.775483217955159,31.39796501997976,70.0,,0.0146480935639023,fault3
2.30925,-0.1396580249747398,1.740874985469944,30.110996873772137,70.0,0.0157222046446958,0.022759750124841,fault3
1.865125,-0.155749252081661,1.5897934109302845,32.82441610522288,71.0,0.0211449016197714,0.0123761902598402,fault3
0.9945,-0.1300124484976431,1.723690436412959,32.87640417110073,71.0,0.013255616107357,0.0185725811347333,fault3
2.02725,-0.0981240253209894,1.6157817782580015,31.88813387471841,71.0,0.017442680676944,0.0154378801707127,fault3
0.913875,-0.0876417620939257,1.653464558076992,31.651634813168755,71.0,0.0123602865692912,0.0189698502017468,fault3
1.0205,-0.1163954115384619,1.4853903667711204,32.60399599635651,71.0,0.0196486029740561,0.012563690078555,fault3
1.636125,0.0080630579689621,1.5194240052619867,32.94287444424948,71.0,0.0123075826120712,0.0170482459418352,fault3
0.912875,-0.1278703710977217,1.521585838232973,32.81200237822564,71.0,0.0180257874946682,0.0154441002881397,fault3
1.4825,-0.130046630286766,1.5177068756703598,31.48793114317432,71.0,0.0162505719313064,0.0176920281981077,fault3
2.1055,-0.1390016800067499,1.510550158339086,31.020628854805175,71.0,0.0176988967687476,0.0154989994773097,fault3
2.154375,-0.1460019555827821,1.3787556985333098,32.65030976291581,71.0,0.0160619441154231,0.0191889772455481,fault3
2.2065,-0.1959071069636777,1.3178296771824594,32.61847806901784,71.0,0.0202761827440932,0.0135619414671731,fault3
0.94775,-0.1631180186697945,1.3679400020210744,32.00841942170208,71.0,0.0151135628858885,0.017200981943624,fault3
1.811875,-0.1181299801257887,1.4993514659789051,32.10316195380769,71.0,0.016191680448344,0.0141967699270757,fault3
1.14925,-0.1236865799606756,1.5849731903912212,31.98074177390633,71.0,0.0128212458006391,0.0224295162994687,fault3
2.239375,-0.1434610380179761,1.741663988637281,32.59106135791953,71.0,0.0231242351694428,0.0143672019648764,fault3
2.22775,-0.157055385662916,1.540806207549609,31.2736602049089,71.0,0.012462587637945,0.0189938376834269,fault3
0.940125,-0.1474928730967616,1.3077057509273862,32.16860075882055,71.0,0.0178747376252996,0.0156995944841918,fault3
1.949375,-0.1677765390885836,1.3185191709557909,31.597164110832672,71.0,0.0151744316476344,0.0192204477169876,fault3
1.52575,-0.1270853345277696,1.412289909891479,31.69998196710283,71.0,0.0170307294481937,0.0157744351536713,fault3
1.238125,-0.1580389587362796,1.6596417702026902,31.331908634323757,71.0,0.0152963461731813,0.0162178052772857,fault3
2.2975,-0.1032242557668806,1.451302703916218,32.17272636674207,71.0,0.0172370872858229,0.0146620034979993,fault3
1.693625,-0.1464724797909734,1.7964403560768538,32.649963706261545,71.0,0.0170482788699767,0.01554028278844,fault3
2.292125,-0.1338714332960644,1.6034237373388571,32.269007932177146,71.0,0.0163455606764261,0.0148041433383234,fault3
0.9415,-0.1229628056924417,1.724811299919713,32.74909003412642,71.0,0.0141870622816956,0.0162296522096078,fault3
2.230625,-0.1465573456561874,1.5110558646933911,32.78146906744786,71.0,0.0173749946152128,0.0169498787266275,fault3
2.075875,-0.1578579016134749,1.6237358187085993,31.66833576844777,71.0,0.018270226014533,0.0148637045604225,fault3
1.10275,-0.1724496227009596,1.5607563089306693,32.053680949201336,71.0,0.0161347756758342,0.0146995190663997,fault3
0.910625,-0.1319145288623199,1.7482053741707988,31.708356091191487,71.0,0.0151261574860076,0.0139071548633614,fault3
2.1405,-0.2045296603031188,1.604556667168749,31.24739782797942,71.0,0.0142412571344163,0.0235108721293451,fault3
1.302,-0.1444162773711191,1.6444746834406756,31.432095029153007,70.0,0.022055850011225,0.0200021693821383,fault3
1.65975,-0.1427719854720856,1.3318287263090305,31.69543746306288,71.0,0.0164892985659847,0.0171504122156454,fault3
0.9265,-0.1445379719697365,1.5827205278147845,32.655456570735275,71.0,0.0169537826574857,0.0161366777912208,fault3
1.150625,-0.1055419727829381,1.3768917820381517,31.888976393057348,71.0,0.0146199569384973,0.0129151479589134,fault3
1.706,-0.1245978535612402,1.725452355226475,32.116988990474475,71.0,0.014361406156124,0.0133388471825143,fault3
2.234,-0.1301689391447116,1.36692354504503,32.67207878629934,71.0,0.0141286320418506,0.0205445352187953,fault3
1.67025,-0.1395209523403418,1.3585469037326667,31.322198360529065,71.0,0.018113949425695,0.0137243681019542,fault3
1.651625,0.049326405365637,1.434359514768329,31.335815971957192,71.0,0.0122752060536698,0.0151923131582442,fault3
2.229875,-0.1531584725303378,1.7401309391584807,31.907733144774227,71.0,0.0176695874971282,0.0151088178809419,fault3
1.7055,-0.1570049903567404,1.3540809096485362,31.18800101185546,71.0,0.0145395859492554,0.0243152925575393,fault3
0.94775,-0.1273079151246479,1.6233971118060628,32.00731990195298,71.0,0.0237088041655393,0.0155142121152415,fault3
1.64975,-0.142113924423173,1.5417568242640822,32.90145645018458,71.0,0.0147133631883972,0.0141926237958153,fault3
1.8485,-0.1583250270296912,1.5034378892590052,31.843117909902222,71.0,0.0132454259803919,0.0147074423106767,fault3
1.228375,-0.1184132624314875,1.4654901890966725,31.199192909383548,71.0,0.0162559178094733,0.0145680286191227,fault3
2.245875,0.0615812847516227,1.359283854866471,31.312181876870756,71.0,0.0143975584729097,0.0145969896887958,fault3
1.329375,-0.1548950694721881,1.31735616052229,32.93605541233292,71.0,0.0169676071994782,0.0145144875258846,fault3
1.11075,-0.14638054053019,1.4403861525073367,31.513573157749068,71.0,0.0152407762377975,0.0172376051171599,fault3
1.964875,-0.1370855889145232,1.4729822032687618,32.72717891619615,71.0,0.0174638119063705,0.013281537443042,fault3
0.967375,-0.0881801418219381,1.3336795372190693,31.359866847653457,71.0,0.0128329337957227,0.0177617460908143,fault3
2.180125,-0.1294769298097343,1.7450275085221318,32.135262987109975,70.0,0.0164738682915251,0.0191901418096568,fault3
0.922625,-0.1436477343218381,1.541204271128695,31.222466135852493,70.0,0.0207924074756603,0.0149131598996306,fault3
1.4805,-0.1388601606897578,1.6736913062181806,31.81184968748181,70.0,0.0167435557491039,0.0159234381617771,fault3
0.950375,-0.129167044693271,1.6664247913137566,31.28422624456362,71.0,0.0158202123767789,0.0152137035915392,fault3
1.268,-0.092145942893363,1.4652648439644729,32.30490887785683,71.0,0.0141870473996226,0.0159115531379615,fault3
0.917625,-0.1226456680248344,1.4331346066697206,31.909212283464743,71.0,0.0148245595520876,0.0160847602655045,fault3
1.968625,-0.0911269236150378,1.383263058811874,32.61191849853565,71.0,0.015531600254346,0.0124811267408282,fault3
1.28,-0.1260502861525322,1.7357302701829287,31.797104871221308,71.0,0.0137949932980397,0.0172257808289858,fault3
2.224875,-0.1489785014373322,1.515737119816801,32.941432025949474,70.0,0.0174520778303708,0.0156579659058957,fault3
1.2265,-0.1404432986561762,1.6412700089663312,31.60776110424176,70.0,0.013710438932982,0.0135862801531978,fault3
1.09275,-0.163834537591513,1.401714418112542,31.014425111281238,70.0,0.0145843042038735,0.0196037765182429,fault3
1.962375,-0.1366098701819803,1.3512651706812333,31.368291038864147,70.0,0.0219864510461447,0.016564722119796,fault3
2.3075,-0.1314094417807775,1.475724372076313,31.841003492136007,70.0,0.0152160238542736,0.0138969811292078,fault3
1.036875,-0.0192779340857083,1.7485801432238397,30.270221339622235,71.0,0.0003699056316491,0.0071124873151128,fault3
1.1955,-0.1042371215294623,1.6798512334444995,30.665151076424216,72.0,,0.0061859017072286,fault3
1.8865,-0.1070635424355014,1.4661428663034015,31.97501663851398,72.0,0.0055189393131366,0.0055764068162541,fault3
1.328875,-0.1384142586561144,1.4950713600644714,31.171323392981037,72.0,0.0058167800937281,0.0055119158055046,fault3
2.012375,-0.1276170689655614,1.3875286460188998,31.11308621490593,72.0,0.0053941663059194,0.0078120886589936,fault3
1.438375,-0.1262266557526039,1.7377316351936112,31.563834671449392,72.0,0.0075515946678023,0.0072776617053275,fault3
2.2395,-0.0769880042493858,1.3789190450580806,30.37953989633487,72.0,0.0074535534404854,0.0087495405595749,fault3
1.040875,-0.1232855925424862,1.507327208664258,30.042554041758603,72.0,0.0085753195083271,0.0089037295766517,fault3
2.032625,-0.1635152716681442,1.729012963812832,31.42182382154803,72.0,0.0074540784801681,0.0073075327454075,fault3
1.15425,-0.1000757608339698,1.55786247667982,31.2595615762576,72.0,0.0073048752436122,0.0085785716822071,fault3
2.299875,-0.123310929992681,1.544441067454335,31.464161466264663,72.0,0.0074909527031957,0.0086992290673163,fault3
0.931625,-0.123915409700095,1.6990770162481938,30.019541947924527,72.0,0.0098277493789889,0.0066428782858105,fault3
1.072625,-0.1675383930053146,1.3250437476292567,30.179769605717425,72.0,0.0064734223317128,0.0076972999576733,fault3
2.211,-0.1561475787051133,1.4286544492878788,30.48011789662253,72.0,0.0092922368901117,0.0083419577835201,fault3
2.2935,-0.1324931334687441,1.564208111448991,31.727551838011784,72.0,0.0076982268552677,0.0071942109405068,fault3
2.258625,-0.1202318186671651,1.461479136203966,31.248652409951426,72.0,0.0071645746968692,0.0078899918500759,fault3
1.483125,-0.0971641215638967,1.726822820084343,31.88833549489148,72.0,0.0075911086536313,0.0087490706854726,fault3
1.034125,-0.1022664416448943,1.6075657280145057,31.22712132691593,72.0,0.008208733815555,0.008430149770686,fault3
2.042625,-0.1678894736807181,1.5777644696327786,30.912339143182443,72.0,0.0084060357328203,0.007778575760283,fault3
1.453125,-0.2182052319882953,1.438040432488754,31.6317972602186,72.0,0.0078827302984687,0.0082603322339723,fault3
0.944625,-0.1456294841745337,1.6408927995930882,30.412468954641454,72.0,0.0092653815646349,0.0084997648667269,fault3
1.355375,-0.1459394848092846,1.6443784814958404,31.33060706394365,72.0,0.0097618096831806,0.007828062296928,fault3
2.018,-0.121297487773608,1.770263869340143,31.368592276862277,72.0,0.0077669194887893,0.0071245478362546,fault3
1.606875,-0.1163061249055743,1.45063114518303,31.8865665604029,72.0,0.0068351114343508,0.0083300611437063,fault3
0.921,-0.1187864532149164,1.5250626876442668,31.638862550203825,72.0,0.0072647985183909,0.0070636886894389,fault3
2.26225,-0.0846720787484454,1.3128174536679558,31.128562774779923,72.0,0.0064959478113839,0.0088314448692712,fault3
1.182,0.0045328787376086,1.7925479821857992,30.01488815680225,72.0,0.0081597248652257,0.0098259438935146,fault3
1.451875,-0.0996090769287161,1.5022510018688655,31.07110742577665,72.0,0.0090181313898964,0.0075475772782415,fault3
2.040375,-0.1302175891890095,1.3601942367536324,30.19247264867036,72.0,0.0076449274028638,0.0070879174916469,fault3
1.45525,-0.1198186620410596,1.383684925115523,31.69088527509704,72.0,0.0060955965639508,0.0064865778537985,fault3
1.466875,-0.1059104271382016,1.691123828682427,31.840603249989744,72.0,0.0064313713376853,0.0072898346713703,fault3
2.302625,-0.1504516891643598,1.796596011245719,30.508009467532773,72.0,0.00741283333744,0.007534777299282,fault3
1.202625,-0.1181057932006155,1.64138882161618,31.22091835698523,72.0,0.0074951737986011,0.0095197602456602,fault3
1.185625,0.0455471051760149,1.5636843962699605,30.638539281532665,72.0,0.0084374491378221,0.0081035678355673,fault3
2.307,-0.1851945087329402,1.3658642292759369,30.627579238549146,72.0,0.0086540434652544,0.0085295167222159,fault3
1.57025,-0.15686770305638,1.6376141564752438,30.63438859989843,72.0,0.0085695839578525,0.008420084952919,fault3
1.0655,-0.1118707585533239,1.7118215799001355,31.57050291015669,72.0,0.0072891303340751,0.007725833675633,fault3
2.0385,-0.0993417508616272,1.7318715955195811,31.551883108268427,72.0,0.0080361100142823,0.0083674010493411,fault3
1.600125,-0.0821771802623823,1.5724954343897275,31.17599002886602,72.0,0.0075932996203594,0.0075798340985466,fault3
2.161125,-0.1134696960134163,1.4172846238104968,30.2583370326008,72.0,0.0075711908382413,0.0086069707654745,fault3
1.078875,-0.1847517361184134,1.7583843925931244,32.22380506737668,72.0,0.0094301064848666,0.0070346318005697,fault3
0.922,-0.1079188785986196,1.4946762698819596,31.29888395921303,72.0,0.0076048617010226,0.0097002155749467,fault3
1.22525,-0.1524305385026769,1.7994345430994856,31.763753174781577,72.0,0.0080819143787174,0.0069275305171875,fault3
2.2022500000000003,-0.0907883770303857,1.4601767638452396,32.07622355812548,72.0,0.0083905112258757,0.0075358044698301,fault3
0.9215,-0.1143395622177896,1.6783822717993926,32.08886463775004,72.0,0.0075454854056331,0.0067004834045667,fault3
1.222625,-0.1132617428924511,1.5748579232125994,32.27283601984357,72.0,0.0068302197980197,0.0065801855843346,fault3
1.252,-0.1458435495299496,1.7642227092463654,32.64902205727861,72.0,0.0069293129551158,0.0110997372640021,fault3
1.7605,-0.1438472492401612,1.406386577497311,31.527458979136803,72.0,0.0115962296067375,0.0110087264879094,fault3
0.999875,-0.1414154921610168,1.761588998553509,32.79867032846114,72.0,0.009811404240767,0.0116291291214584,fault3
1.29,-0.1179104552704454,1.7465142512011824,32.92792933647136,71.0,0.0106918196667862,0.007355744745898,fault3
0.935,-0.1464532853620089,1.437785403579008,32.68651948057237,71.0,0.0074337695537926,0.008837827043209,fault3
2.003625,-0.1421377554053138,1.6709175930772917,31.65030938024444,71.0,0.0095798890918879,0.0057104598367952,fault3
1.137,-0.1542624157664997,1.6857820298119055,32.40847469969247,72.0,0.0064502166684792,0.0070017991762189,fault3
2.303,-0.1205075234376811,1.3935433702070352,32.20073052668127,72.0,0.0081527765715477,0.0073080319173582,fault3
0.93225,-0.0680903915792969,1.305891579681881,32.009793174035686,72.0,0.00796777560639,0.0109588830244284,fault3
1.62125,-0.1078829419259563,1.53499001435979,32.62967535688544,72.0,0.0101145615388936,0.0079286184646182,fault3
1.028125,-0.1139543321459077,1.4055283570336004,32.44755432482956,72.0,0.0068438601117781,0.011016472230085,fault3
1.815125,-0.2222985227799477,1.3377074198916128,32.90130656653031,72.0,0.0104281199701163,0.0096102447904055,fault3
1.977875,-0.1172085045505638,1.6757143519077315,32.436961788049246,72.0,0.0091862409540789,0.009051038588387,fault3
2.17425,-0.156110622323578,1.4838184144166071,32.0851708922785,72.0,0.0100605763491425,0.0096687224393464,fault3
1.453375,-0.1257085952661112,1.7345074575158217,31.20205562729104,72.0,0.0084400140909834,0.0071213016396774,fault3
2.153125,-0.1379634373353636,1.4216014980545386,31.56027610718088,72.0,0.0073875459660094,0.0088304289464161,fault3
2.269875,-0.1433518265234307,1.4243559658190053,31.532232414651435,72.0,0.0074836636632947,0.0080995501181858,fault3
1.308,-0.1345865395239344,1.6824663331034224,32.5122056500247,72.0,0.0084431627230325,0.0089763829864239,fault3
1.6260455868091452,0.0106068672688161,1.193068992890401,31.848130036074508,69.0,0.0008495221445039,0.008662698968525,fault4
1.5762411548050872,-0.1666563349600237,1.1848726356462618,31.444617191301838,70.0,,0.0066464468492169,fault4
1.6493516540363853,-0.2435426997905448,1.136422734090188,30.620271724393703,70.0,0.0072834238890461,0.0099418001058269,fault4
1.779968932952858,-0.2379342912725187,1.0524108640375374,30.186829447012997,70.0,0.0096200099550375,0.0067519154189691,fault4
1.4452584549318892,0.0010913822942241,1.148243148119955,31.738595728378904,71.0,0.0072548053427369,0.0171705603558151,fault4
1.8368610129579368,-0.1922817454433402,1.1499026459249175,31.178971987369497,71.0,0.0176043495527993,0.0066720038470584,fault4
2.083402676153775,-0.1823902927563492,1.0874350910848607,34.983826327164245,71.0,0.0067142861227259,0.0102659380850921,fault4
1.21648560652491,-0.2116169702083139,1.0647092327561882,34.31370244802127,70.0,0.0105190616600346,0.0129774018444545,fault4
1.8511531085693187,-0.1955949222643113,1.0790259690864863,33.117407522298684,70.0,0.0129030751844602,0.0100723263798766,fault4
0.8720218997652603,-0.2631467962155006,1.1045482055148663,34.2967122136456,71.0,0.0106861706145664,0.0130333691570707,fault4
1.6689066396330372,-0.1696947469306352,1.186606902682208,34.11357344357127,71.0,0.0127701199522529,0.0091866162039192,fault4
0.9164833573717864,-0.1801874319434131,1.096788963269423,31.10361532928133,71.0,0.0095421306678538,0.0111799464555585,fault4
1.905291905126052,-0.1614381815551819,1.128156478896393,32.29064905318259,70.0,0.0105961989036232,0.0114816646721262,fault4
0.8639112731940461,-0.1956595054915285,1.1075148048464762,34.89750198004096,70.0,0.0109276479914362,0.0121706086025985,fault4
2.2557299343141257,-0.2022393561365124,1.1640509784929658,34.716549854141896,70.0,0.0119825266371966,0.0114755554923859,fault4
1.91921773839093,-0.2730799842961767,1.1787369245138333,33.83513332179599,70.0,0.0114614705860568,0.0092630903777098,fault4
1.1087342719361242,-0.2234923567274125,1.1735053362715042,31.925613801820468,70.0,0.0092901837302856,0.011292916446528,fault4
0.9178526593682838,-0.1788166209043539,1.1727655893584492,31.106881931275037,70.0,0.0105885021355323,0.0099642535832912,fault4
1.6328001438602022,-0.2020175381106245,1.122777585359782,34.83697722594214,70.0,0.0098306210468913,0.0112337117231801,fault4
1.1271620696763611,-0.2303387215324129,1.061047133680281,31.92719904531305,70.0,0.0111492272239389,0.0107014531188226,fault4
2.1501188351067024,-0.0132277550014047,1.0748709392900295,34.467605820503195,70.0,0.0102009170634941,0.011462702316529,fault4
1.0869103360428505,-0.2347400653532109,1.061716267188127,33.45416345638766,70.0,0.0119814157290977,0.0104428240110157,fault4
2.088164855554198,-0.2823207172492472,1.1130313243044174,32.436699014305574,70.0,0.0110107690305113,0.0117447833927132,fault4
1.9941666109235328,-0.2212915725173223,1.1876586999145649,32.11601128216015,70.0,0.0112754535110647,0.0094335831774445,fault4
1.2724966279506058,-0.1870984033080396,1.1138243576479008,33.899537007781355,70.0,0.0099738616911624,0.0100810167840778,fault4
2.002602670019279,-0.2214833738998506,1.0795514951173104,31.545878840167664,69.0,0.0098419161615001,0.0100300417974417,fault4
2.0645645855834407,-0.2535451065566756,1.1278917744932755,32.11337315479153,70.0,0.0099684425677171,0.0102593759394818,fault4
1.4987922923350645,-0.1837962436909202,1.1056067509431555,31.3446686353178,70.0,0.0104866647548318,0.0091824314581241,fault4
2.1353735262831237,-0.1817862646987458,1.1414596245220128,32.30863455518073,70.0,0.0098326515742182,0.0085170159091188,fault4
0.9628230036610952,-0.0245689562163822,1.143471105270061,31.12456981702493,70.0,0.0087652712548096,0.0118047156106245,fault4
1.1489136591400158,0.0181367919072189,1.1908419824109018,32.85142223419936,70.0,0.0111891068660778,0.0116942698137542,fault4
0.8982781800003098,-0.2576742627190311,1.0775568575262848,32.890679724791376,70.0,0.0118708702996691,0.0110035629846873,fault4
1.9709645316197624,-0.0736135627483757,1.134487278780588,34.61548061364933,70.0,0.0107761953630427,0.010791639252232,fault4
1.4633054433447803,-0.1385837111260954,1.1056738172853209,33.981652078520675,69.0,0.010647747985314,0.0088370306189515,fault4
1.224766763040274,-0.1270324522374816,1.148683998151959,33.91769708678428,70.0,0.0094804714802433,0.0104875745397154,fault4
0.8865927044791218,-0.0445549952964316,1.089641117573087,33.76315015495082,69.0,0.0109395804110169,0.0104658729379562,fault4
1.970625619847295,-0.0581054935344758,1.1491809036813037,34.83278755534798,70.0,0.0100099782804816,0.0111578464126511,fault4
1.269563616984528,-0.1157764602023547,1.1329095740178488,31.03717644303192,69.0,0.0104245000501605,0.010898881855202,fault4
1.43529136207633,-0.1664422209709599,1.1112557172116493,33.75767062182192,70.0,0.0115402897444803,0.0116650865438456,fault4
1.092686508407145,-0.0463103965095036,1.0870469574860189,31.19200864492989,70.0,0.0110696558356029,0.0103215016675589,fault4
1.99083336314257,-0.0496632459039115,1.0940904666587683,34.629869489616944,70.0,0.0109803934043594,0.0117567691520402,fault4
1.0828484395309648,-0.1776108997644057,1.1246387939367537,34.07879867036164,69.0,0.011924783482703,0.0106769023335963,fault4
2.206316092074667,-0.0436068312355123,1.1840336782863383,33.244839745172214,69.0,0.0100147586696182,0.0095153979789728,fault4
1.670833812555785,-0.0446670889905036,1.1123393716983023,32.19126290084801,69.0,0.008994495233157,0.0096945630379028,fault4
2.068428781116564,-0.1024786995146392,1.0757930011641084,31.036386780456283,70.0,0.0101342960188261,0.009281858321003,fault4
2.136774394427729,-0.0605053257137086,1.066245096523364,30.302578727578357,69.0,0.0009922534141402,0.0128329196848937,fault4
2.017404366197715,-0.1677240060483721,1.0748748315754812,32.554813778460016,70.0,,0.0129528154178739,fault4
2.1768314351821187,-0.1844683320538416,1.1057760443178937,32.325901653503934,70.0,0.0127999889441891,0.0171082308218478,fault4
1.8048612424531565,-0.200301760971165,1.076049207050194,31.237710069073035,71.0,0.0169554127676683,0.0096863011546915,fault4
0.963058036631406,-0.1633363021854795,1.0842353844924018,32.48412071256317,71.0,0.0100672165037921,0.0146282444474781,fault4
1.848163390280817,-0.1421157771302364,1.1415735459071057,31.07612440334173,71.0,0.0135704069809977,0.0111182318916066,fault4
0.8606885588831622,-0.1242893226477812,1.1389610918187434,32.70342389924039,71.0,0.0108971871418449,0.0170152144281466,fault4
0.9475109669593428,-0.15637089694645,1.0891243567957631,31.904362908071267,71.0,0.0176698017610628,0.0107552722894308,fault4
1.4985642008782083,0.0102960730209533,1.1835314037281128,32.96627226053151,71.0,0.0102662592569987,0.0155475213675942,fault4
0.8549973640723069,-0.1592321082905905,1.1487643782208474,33.9452745747243,71.0,0.0150538543092219,0.013400619080903,fault4
1.401575954058228,-0.1655046024471233,1.1205529063937156,32.6865210939308,71.0,0.013975702111385,0.0138420043928085,fault4
1.9819964821780456,-0.2040309854402916,1.1841687450788905,33.32408280286944,71.0,0.0137567951850971,0.0126392716050593,fault4
2.010627720565493,-0.2031253928627496,1.133394456936362,32.11730318197904,71.0,0.0126749384702898,0.0161589032962608,fault4
2.0525434084169065,-0.2562856426145756,1.0956947078175074,33.09455876103988,71.0,0.0168511087185445,0.0112851701422169,fault4
0.9133645332622594,-0.2448657355843678,1.071369171689484,31.34750166027253,71.0,0.0113813169108387,0.0145051059004573,fault4
1.663455313152082,-0.174254414684286,1.1696250475328154,31.916826045077933,71.0,0.0136891423589275,0.0110609568491188,fault4
1.11355711893364,-0.1743921110820393,1.1012693783505088,34.118335417136144,71.0,0.0116591391914617,0.0170718117474434,fault4
2.046193608762039,-0.1822197083412685,1.181170655551704,32.63104726759993,71.0,0.0174771999759441,0.010443731254598,fault4
2.037231198890741,-0.1923533792757376,1.1365697377324848,31.307567016973536,71.0,0.0106676390294559,0.0152041753845928,fault4
0.9078385267793346,-0.2142977913084882,1.0835270835351187,32.650491515374014,71.0,0.01536644105355,0.0134255219647522,fault4
1.847160831113372,-0.1937976720521226,1.0890667651053496,34.408835380350354,71.0,0.0127607354449261,0.0154419648921076,fault4
1.4873445041827456,-0.1785984073432517,1.1533031508148588,31.822200406073406,71.0,0.0154508271557572,0.0114214218669415,fault4
1.1867462684244214,-0.2067115220656349,1.1496375108273094,33.68701889577164,71.0,0.0120956487351145,0.0146920528184547,fault4
2.158742629616233,-0.1362971568029835,1.142642478823498,31.376647679518857,71.0,0.0141868574894804,0.012741935739939,fault4
1.5909972181483838,-0.2168437971673272,1.0855937263618654,31.58923989740504,71.0,0.0122328648041859,0.0124461772061815,fault4
2.227406217323153,-0.1945060854495256,1.108226691009736,34.77011572214479,71.0,0.0127754754924791,0.0116364258477795,fault4
0.8984343313914536,-0.1492900312942677,1.0960603660255142,31.394127835527268,71.0,0.0115085571220299,0.0123679580226638,fault4
2.078124456764628,-0.2203931639232421,1.1069697388360005,34.06651615984122,71.0,0.0131516011221618,0.0128910513634505,fault4
1.9894544371443688,-0.2065461701441624,1.159388829467526,32.280768170799675,71.0,0.0140222159187119,0.0121648005084563,fault4
0.9966818712602292,-0.2050831909528259,1.1437726509225583,34.063194712457125,71.0,0.0116109369253003,0.0122300146574341,fault4
0.8211888996203952,-0.181579382264527,1.1844751038399075,31.826083719071505,71.0,0.011928575421048,0.0114429352577021,fault4
1.935933614034164,-0.3031660459558547,1.150777035970194,32.11602250750587,71.0,0.0107092928354045,0.0166585006078728,fault4
1.256284085424216,-0.1855802386283863,1.1598655104600684,31.95433050982884,70.0,0.0181966349081835,0.0151504290606755,fault4
1.5650215700905237,-0.1882871693464196,1.176766987776508,33.9815488499232,71.0,0.0151514651147186,0.0143581996659545,fault4
0.8994659679174728,-0.1823926217473671,1.1218220618053174,33.22789796397112,71.0,0.0143608350391457,0.0121335625421667,fault4
1.093907572282227,-0.1456353248609124,1.1628988729411245,32.457666537266334,71.0,0.0124548739555473,0.0114262552497455,fault4
1.5450692582883427,-0.1861065803923566,1.1083912584449638,32.22268975897213,71.0,0.0115288514425747,0.0111759987654746,fault4
2.11177261658455,-0.1952186123191915,1.1737463642597952,34.80082040723917,71.0,0.0113055841256837,0.0155099729911505,fault4
1.5366648605500366,-0.1824194046795609,1.1456549924293076,33.54884062504363,71.0,0.0148970869275604,0.0112762556066773,fault4
1.5518066723165749,0.0695309045183849,1.175300247808169,34.34408549962627,71.0,0.0109954818760849,0.0131796424585396,fault4
2.169190788216347,-0.2371850357995635,1.1555439606433375,31.548899259360763,71.0,0.0131438906814888,0.0122402525515875,fault4
1.5614840862793298,-0.20570872578496,1.1698173160088063,31.79157915013732,71.0,0.0119206880537468,0.0182691959767876,fault4
0.8688684005252578,-0.1862113852267644,1.1096066434630565,34.824392146731114,71.0,0.0173681644936993,0.0114448065288268,fault4
1.5304062292309772,-0.1684522444935503,1.124973532067674,33.831492016795295,71.0,0.012007236935494,0.0120066454403229,fault4
1.6881242106745842,-0.2128248352792645,1.095651871205484,31.092412435656524,71.0,0.0123326327397788,0.0114435760966562,fault4
1.1263879971933533,-0.1599621201390344,1.114312828957819,31.554358241906822,71.0,0.0122704132980825,0.0121886657836284,fault4
2.0925570277838514,0.0890628560026643,1.1466972863218825,31.18058648168526,71.0,0.0125994582547819,0.0123505771499013,fault4
1.2010311355285797,-0.1928483085425289,1.1721357203037313,32.187442401973875,71.0,0.0121176496628644,0.0113914702643182,fault4
1.0244095809705405,-0.2161640521055405,1.15662289274734,33.01838016376148,71.0,0.0119063882886597,0.0148723637211547,fault4
1.7891892212604648,-0.1826198337358852,1.0808100384851274,32.81937902288171,71.0,0.0135436898781422,0.0111900691552591,fault4
0.9089394903006034,-0.1230222737471435,1.1065222439941786,32.78080729540216,71.0,0.0111704937179583,0.0137444954461945,fault4
2.0088553375002545,-0.1590164082109714,1.1896588322227477,33.63583448029059,70.0,0.0140228995981211,0.0159446149387276,fault4
0.8511930270666559,-0.1733206259057135,1.19997176306932,33.58490991444755,70.0,0.0151889482187414,0.0125996791055227,fault4
1.3592135564945071,-0.199415246003798,1.1860654882703243,31.95732421595184,70.0,0.0124887770480161,0.011951898504469,fault4
0.8725022913175837,-0.1493533610678644,1.1078079622252122,33.77694911116244,71.0,0.0114714252061751,0.0118778914233318,fault4
1.1988824698918268,-0.1401117478657391,1.130079929280974,31.071018709588927,71.0,0.0123054665542918,0.012594926732135,fault4
0.8804125090210995,-0.1581689174295901,1.0716422605053864,31.413181356283324,71.0,0.0130578733510126,0.0130806969142595,fault4
1.841449936946029,-0.1132014989301424,1.1403217799701426,33.15934879007602,71.0,0.0135403381020808,0.0110072924376269,fault4
1.1642434679276128,-0.1783272398721625,1.1171994154143057,33.65580453432341,71.0,0.0109048029316147,0.0142791360274657,fault4
2.168600003361417,-0.2220738741208421,1.169075739639203,33.02416273606492,70.0,0.0149742940768228,0.0132730732010995,fault4
1.173161278248286,-0.1665546765179706,1.1762142935722426,33.4247081734855,70.0,0.012429389007637,0.0109195033037622,fault4
1.015090446962124,-0.2168393656355765,1.182281475245366,31.798305351662776,70.0,0.010599470694594,0.0174326655554911,fault4
1.9019043327174736,-0.184611323125769,1.0929950142714553,32.97536362657799,70.0,0.01604899866527,0.0125838577579311,fault4
2.259353546503515,-0.1775664830132803,1.1866802826344756,31.206129518401635,70.0,0.0126282725405652,0.0129694486768321,fault4
1.6588838889212818,-0.1065627339040608,1.1924714249488892,31.630368203387945,69.0,0.0017290114169021,0.0108276841151687,fault4
0.8483668467566692,-0.1855396727239502,1.1961244560222943,34.09882877803604,70.0,,0.0119811521865232,fault4
1.971045768207817,-0.192514542295887,1.0639852076899636,31.07695515270164,70.0,0.0117573005084545,0.0096121733584653,fault4
1.865793662375479,-0.1422423043104122,1.1715851550622387,33.117113276818,70.0,0.0093191713584721,0.0119321659418914,fault4
1.1830579172194844,-0.2869843853494057,1.0592147402102428,34.34292519167285,71.0,0.0120572181603794,0.010930884466114,fault4
2.1305265951907097,-0.1886571718975159,1.1241184477009074,31.694888308783742,71.0,0.0104787910490462,0.0161004006631663,fault4
1.6326522777282,-0.2353621684986008,1.0503909880449442,33.714286080301,71.0,0.0158785560553124,0.0086672479003775,fault4
2.088320111081766,-0.2302848978479591,1.083114835415781,33.33489088386596,71.0,0.0091638070071148,0.0116865667879422,fault4
2.0130777675051093,-0.2185915433156977,1.1573960964430452,33.22879793339604,71.0,0.0111483611139769,0.0108074748993523,fault4
0.912462016272766,-0.1998650118180419,1.1799675153799278,31.64225878256869,71.0,0.011515059496301,0.0115256241214303,fault4
2.177567634362378,-0.1620461334697732,1.1334412119830104,33.16121300137248,71.0,0.011585275938396,0.0100758704836172,fault4
1.8285746797024984,-0.2289241323049902,1.1448992940331,31.734454755936163,71.0,0.0109311472004347,0.008828140862012,fault4
1.4799899461034762,-0.2002058116723257,1.168441725319944,32.69366226660261,71.0,0.0092966538631497,0.0114909216044512,fault4
1.2281497191850663,-0.2375772784749797,1.0998801952864166,33.035597516778765,71.0,0.0119665982912111,0.0107196888020932,fault4
1.4887995327036732,-0.1864386501788001,1.152485306373045,32.80414352913789,70.0,0.009997579470249,0.0099191101677678,fault4
1.852476400254912,-0.1698247018177217,1.0931849118635892,33.09579214733892,71.0,0.0105323205303232,0.0099444249495544,fault4
2.1496907231196563,-0.2465071005023342,1.0659238099686663,33.500662075770784,71.0,0.0107573962260478,0.0112378726922725,fault4
0.8561959622505128,-0.2324808257335445,1.1087626016295284,31.607566604321345,71.0,0.0107525920615816,0.0087990613769063,fault4
2.07668471086729,-0.2211409637290521,1.0791992160350443,31.72468092730529,71.0,0.0087443929506352,0.0126718616162682,fault4
2.069996985119194,-0.1176833077092017,1.1754524235811663,32.20112125839408,71.0,0.0136182710284574,0.009536303573531,fault4
0.8617645543574166,-0.2016309999567373,1.1440820135897938,32.77413433841265,71.0,0.0094026193412027,0.0114846113525477,fault4
1.9585731500391743,-0.1521338721527162,1.1054135410181338,32.52062661023561,71.0,0.0125221280993625,0.0083707533525489,fault4
1.914122363486562,-0.126943016696815,1.1451305078324934,33.45628796463055,71.0,0.0093926719274537,0.0134333159626706,fault4
1.5580669468237804,-0.2506031140501504,1.0989844687903556,33.106168422109256,71.0,0.0136990612213088,0.0115835376420347,fault4
1.028466562118843,-0.2007326886946349,1.0878400192486395,33.38930218012295,71.0,0.0115037393154446,0.0100065199472792,fault4
1.8110342821007428,-0.1628429490369519,1.0616417844086192,34.23600188957363,71.0,0.0099334331195452,0.0093540014149754,fault4
1.122771221708896,-0.1752044103197643,1.0619288004953242,33.34447658211828,71.0,0.0099386615407728,0.0102752203762714,fault4
0.855331725362932,-0.1748491673802316,1.07735269326094,32.61073370430381,70.0,0.0105148279237098,0.0098937022803038,fault4
1.426069886110872,0.0169685997530166,1.198791246477387,34.34026672109762,71.0,0.0103458114591585,0.0124924389821261,fault4
1.2072862798450552,-0.2125974396322209,1.133906998084114,32.31790536764244,71.0,0.0124225538659251,0.0113706399453914,fault4
2.0016604227779684,0.0643904259100832,1.0572993833376598,34.05398550981009,71.0,0.0115382332194,0.0200800713599801,fault4
1.202300341212034,-0.203413498667831,1.0944430843176092,33.2299519842468,71.0,0.0187066764305504,0.0088439049438962,fault4
1.0107978295025288,-0.2375400233889619,1.0898170920322614,33.38718895111798,71.0,0.008770705979528,0.0088727571754363,fault4
1.92515286325865,-0.2257334780896605,1.1223152542151826,31.201775156627395,71.0,0.0090219734564168,0.0127558135056923,fault4
1.2116233660588065,-0.1971156180158428,1.176833844341858,31.75476601218312,71.0,0.0123174585194534,0.01166797341178,fault4
1.042799904431041,-0.2060466456772529,1.0974552598615228,34.59564203963659,71.0,0.0111726769017553,0.0106794541182028,fault4
1.9663892764866595,-0.2159304225862794,1.1448844350091711,33.078296940089984,71.0,0.0103304129774501,0.0094849964380249,fault4
1.7826695037961138,-0.1927444757746365,1.1725624636317986,34.02858754744471,71.0,0.0100278217514837,0.0109916619668898,fault4
1.0109483104410546,-0.222110582943397,1.051774235241414,31.985611012295497,71.0,0.0101320928711272,0.0118339396206314,fault4
1.9605118988177983,-0.2356615263199339,1.1739955764336738,32.15172995742344,71.0,0.0115435557963412,0.0094497672659324,fault4
1.284735642227906,-0.1925037473348887,1.1361315898802489,33.001572723821624,71.0,0.0090630821333841,0.0101255645855212,fault4
2.224469221158864,-0.2141228110644589,1.125962371425343,32.646803832396,71.0,0.0092741797566794,0.0100823879545477,fault4
1.4567086342224225,-0.2281233124411272,1.0583917818237247,32.70905179489622,71.0,0.0111345037422251,0.0164406557613706,fault4
0.8892522709434836,-0.1745333043854227,1.1824266835925064,31.659189134218995,71.0,0.0156467873467743,0.0095827881648288,fault4
2.0699741571572106,-0.2319291816650354,1.162250103367221,31.673775343805527,71.0,0.0092806767507658,0.0107477509469088,fault4
1.0928418267122275,-0.1467012622227688,1.162863568130455,33.7071066230756,71.0,0.0104906192550636,0.0120180545160552,fault4
1.0011522176538887,-0.1549665374695065,1.1654033341397725,34.6372590316026,71.0,0.0114941236013786,0.0107569273961875,fault4
1.962132773025626,-0.2078877047895279,1.1346614749146142,33.247552773814505,71.0,0.0111211359550561,0.0125343452714869,fault4
1.364812145538462,-0.2592775220966,1.1534617151704163,33.31822608843292,71.0,0.0119718558903935,0.0098070517978137,fault4
2.232960486684956,-0.1992051984947648,1.1411210683553534,33.27267465651546,71.0,0.0097406660648433,0.0112729948318129,fault4
2.103386216675116,-0.1828022270516457,1.1558316237543966,34.70082125786299,70.0,0.0121186218988349,0.0087876731060292,fault4
1.2085317763151724,-0.2165506755708088,1.1735306477105791,31.95425161491001,70.0,0.0095531224477005,0.0088528513540257,fault4
0.9997390811943448,-0.2367559286324399,1.1932016973318815,32.19948495164536,70.0,0.009104087935441,0.0092376749170053,fault4
0.9926196279123736,-0.2165639577377891,1.1917942117924305,33.5750631134195,70.0,0.010021257411986,0.0122290006333279,fault4
1.5292236504910752,-0.2100649252836643,1.058438631213357,31.51356548383208,70.0,0.012030602192968,0.0083198117508464,fault4
1.6751946230814376,-0.1789201889542005,1.1964787500730252,32.33217800482206,70.0,0.0091260785240371,0.0113801823082282,fault4
0.9610452852318908,-0.1870483132667341,1.0602055323536284,34.638486320626335,70.0,0.0114417329078719,0.0085554821943223,fault4
0.964736480990764,-0.2085740615864013,1.0764503095302274,34.12597720135743,70.0,0.0086985213315965,0.0092343256917576,fault4
1.3001191649390864,-0.1869357866407452,1.1870258821505413,32.901217201562325,70.0,0.0093145663782406,0.009017338741424,fault4
1.8486601261608224,0.0530040953404892,1.1537841991211677,31.436392839719357,70.0,0.0088337949366895,0.0132089581915511,fault4
2.218599948282815,-0.2262653450888321,1.1426194690443312,34.17096090454756,70.0,0.0128929948635597,0.0079375544449719,fault4
2.106453105890986,-0.2098963545369359,1.158115211363947,31.575065660055103,70.0,0.0079353459529014,0.0106373333298113,fault4
1.538251001262824,-0.215754205095931,1.1288419088608288,32.74837719483173,70.0,0.0116377779028451,0.0087385929893766,fault4
1.3354441047941743,-0.1823559752482399,1.113588849469398,32.532332510658094,69.0,0.0007997646439758,0.016061552869645,fault4
1.4555176573976285,-0.2359108873238616,1.1177112633773754,34.639742590073624,70.0,,0.0095568050045017,fault4
2.1540057768327925,-0.2363730101111762,1.1346193517379513,32.23320412811154,70.0,0.0094013545202209,0.013258308322255,fault4
1.9755090938467024,-0.2206979119287769,1.1756361269465052,33.36073241548679,70.0,0.0135051666051655,0.0099076453906736,fault4
0.9058662798532452,-0.1645491117876227,1.1543892243560074,33.590284154152485,71.0,0.0103440750774071,0.0153722061200215,fault4
1.5441910401419685,-0.2280649530069476,1.095347040846971,32.60367135942364,71.0,0.0156726141409294,0.0105154581207721,fault4
0.8306217952087341,-0.24555364457673,1.15570431745565,34.25515570238429,71.0,0.0112378047818841,0.011431615083126,fault4
1.1388325185118993,-0.2369664890915677,1.0594347975573135,31.622388761920064,71.0,0.0108496178886511,0.0129871616547255,fault4
2.1529539916128635,-0.2266427843734758,1.1482399052356476,31.235704252614127,71.0,0.0125681086196852,0.0132054421001521,fault4
1.6788254508557496,-0.2413794503207698,1.168726941389671,31.79452586667896,70.0,0.0131341929423336,0.0110748646799625,fault4
2.079158407648828,-0.1606792217573441,1.1308664740619043,31.539691392145844,71.0,0.0102924633921464,0.0154373104691679,fault4
1.6128761065054136,-0.0319055733313136,1.0924751484587567,34.127880895140905,71.0,0.0151355855021666,0.0101398813625344,fault4
0.9113369678524038,-0.2248490332316467,1.169638079167813,32.392321207017446,71.0,0.0094661957942511,0.0107537307729777,fault4
1.7367787839535036,-0.1885303790634825,1.133149628694316,33.95373063499006,71.0,0.0112632112252266,0.012363796568776,fault4
1.8770784978930837,-0.1465273324915036,1.1436546601053563,33.5954881903973,71.0,0.0122047597195293,0.011475590541764,fault4
1.617678824206591,-0.176183241675536,1.0937469543921534,34.61936484124258,71.0,0.011605860005489,0.0110803577497749,fault4
0.9508479111342172,-0.1847067399877566,1.0884498141774723,34.89918216346039,71.0,0.0109324894659214,0.0093023548024199,fault4
1.2971979101630835,-0.2335652898696887,1.1327174283938364,31.494715995291624,71.0,0.0091049463442561,0.0142235439130966,fault4
1.853527197891606,0.0472913006651119,1.1346031283941445,31.223559272925637,70.0,0.0136067253545932,0.011586127038883,fault4
1.2965097609768264,-0.1838210778145421,1.1578853864626728,32.71423983832159,70.0,0.0114439453295398,0.0116339776295926,fault4
2.151238140359574,-0.2209464514833308,1.172495844696186,32.1093095919708,70.0,0.0108793756530063,0.0117742839821296,fault4
2.068795936033367,-0.1524536303867744,1.095569519585909,32.27256569440871,70.0,0.0116652946568497,0.0142092737443758,fault4
1.4908379675846828,-0.1410150742397751,1.0816197422472096,33.89484448762498,71.0,0.0142256750956913,0.0099997150708769,fault4
1.211512133414458,-0.1657044146482684,1.096415053048532,33.40652097103194,71.0,0.0103500923394052,0.0106289752504106,fault4
2.129854794834781,-0.199562910463242,1.1220898006409108,32.18500813336004,71.0,0.011091338527912,0.0122910935885651,fault4
1.0543081552347888,-0.2501468595914928,1.1702350758386648,34.17173204308534,71.0,0.0126641181513464,0.0131485239090298,fault4
1.392660498311511,-0.1544448734341423,1.1936191021713751,33.642983556564865,71.0,0.0127786695684345,0.0111374497731858,fault4
1.5717887276107383,-0.2981037293325702,1.0970511164610066,34.48842622302028,71.0,0.0113758618198231,0.0101103505558386,fault4
1.3183339994514875,-0.2440234649602854,1.1422972106094658,34.85360580817825,71.0,0.0101225903638776,0.0142810678828759,fault4
0.9679825933517188,-0.1765582098981915,1.1429000759583965,34.58803940172828,71.0,0.0143035441649496,0.0129803399407589,fault4
1.3088235132057875,-0.1888266988504092,1.17245226030559,32.049413483172565,71.0,0.0122760251894601,0.0115400393451671,fault4
1.9966981004646085,-0.2021459008223785,1.174728249429925,32.98968140627575,71.0,0.0105791694371664,0.0109185826164613,fault4
1.0495277702592123,-0.2173741135241655,1.15070348555682,32.110411716805146,71.0,0.0114723145986785,0.0128896274684265,fault4
1.4169242386141925,-0.2120086784322933,1.1641527137807115,31.64354129567804,71.0,0.0119748046136622,0.0182118452984383,fault4
1.0153450801000032,-0.2312174537684011,1.063860492326741,32.59405504346097,71.0,0.0171580956353157,0.0098575707661121,fault4
2.1446583324045525,-0.1798657948606627,1.1085973237571178,31.80217474972608,71.0,0.0095379673624413,0.0124667390681244,fault4
1.7719571782095278,-0.2394118650049594,1.1636665962030104,34.30140598712507,71.0,0.0114765253680035,0.0110249664006376,fault4
1.437440646842116,-0.1880632848272253,1.0813780511347506,34.33236954909111,71.0,0.0107102625402467,0.0116617965487089,fault4
1.8337173983771176,-0.1576550013154995,1.1346218849645284,31.10253553607314,71.0,0.0111021128763731,0.0108156169178873,fault4
0.875693148379628,-0.1471990323485383,1.1576122548238872,32.86713536061636,71.0,0.0104043846607516,0.010448993424327,fault4
0.9240343507590544,-0.1737068602319851,1.1459825050726191,32.57390959363326,71.0,0.0106428933838869,0.014309351316857,fault4
2.107233223610433,-0.2174322620824328,1.0894081661875563,34.38087609649595,71.0,0.0146898647934593,0.0116702324267404,fault4
1.84196782687852,-0.2424150927295355,1.1404350785537434,34.10403148798201,71.0,0.0112857471781678,0.0132064362171125,fault4
0.9085854130444746,-0.1823750294095644,1.1281038154042575,33.92690402680651,71.0,0.0132686021627706,0.0093116410977658,fault4
2.1042343727304837,-0.1383211257255985,1.1939663553251336,33.059125482671554,71.0,0.0091909999953453,0.0154904268372516,fault4
1.0789711793909362,-0.161209966294632,1.1279682868156835,34.8930399009299,70.0,0.0152716159865412,0.0123873710748896,fault4
0.848083443030192,-0.0168116148640288,1.1832304800589355,34.22524787699065,70.0,0.011485613794765,0.011319995699653,fault4
2.0038091170046126,-0.2013181870386629,1.0677698548580374,34.59997269192126,70.0,0.0116979280114122,0.0116367863143473,fault4
2.14627539782886,-0.2377170721842725,1.129775069654942,34.03351607146983,70.0,0.0108570444909976,0.0152393691808228,fault4
0.931402195528316,-0.1669660826001368,1.0583530266934185,33.42678392423852,70.0,0.0152023983662356,0.009895078440505,fault4
1.224823026952099,-0.2130397998532614,1.1951038872284887,34.2969843244226,70.0,0.0097339040820762,0.0142120963056153,fault4
1.001565689865417,-0.1259049093842399,1.06428310720049,34.57063042535977,70.0,0.0133052950159858,0.0116467837630011,fault4
1.3006638924989598,-0.2358203847789655,1.1939813318506718,31.012729288955683,71.0,0.0116220180697539,0.0140626524340682,fault4
1.0416721668370563,-0.1783434303850661,1.0643859011212675,33.937573943450275,71.0,0.0139688736338853,0.0097483439816929,fault4
1.7797884230777186,-0.2210992114703725,1.1426407805184018,31.624025113207654,71.0,0.0101090729707786,0.0110377826582527,fault4
0.8525492083790327,-0.2167310137418157,1.1944133884453092,31.24157887756177,71.0,0.0111628739219312,0.0112997739886641,fault4
1.6975668210931083,-0.2291420264696452,1.1343500468687662,33.34434442648725,71.0,0.0118170521275706,0.0101455821734155,fault4
1.2179311057389255,-0.1917103875482162,1.090575836306624,31.228487505581192,71.0,0.009652488938354,0.0109842186277167,fault4
1.7745747996404255,-0.2219576326945552,1.0846586200220016,34.368961348241946,71.0,0.0110383745674076,0.0109129065576847,fault4
1.9511915088947775,-0.2490429189588603,1.0632086651584642,31.726304195549584,71.0,0.0106693293455357,0.016264600934508,fault4
0.8658774061924112,-0.1997610399148866,1.1148591735295843,32.92638273302923,71.0,0.016131401994609,0.0117635111303325,fault4
1.5581610589235155,-0.1399418447039263,1.1096816629361794,34.3378294045472,71.0,0.0119101219488281,0.0114577563791122,fault4
1.061998087401974,-0.2223250417302061,1.0670179726472564,32.70457486959844,69.0,0.0011446568494748,0.0132274263809568,fault4
1.56932078312657,-0.1132924954469013,1.0637458744486612,31.29882224458489,70.0,,0.0109957133687689,fault4
2.0764186595576897,-0.1172616336709491,1.0769971001768956,31.22099563009608,70.0,0.0106492581029434,0.0128798251641116,fault4
1.2110500409173988,-0.1440022510265598,1.0852599427004634,34.80648022599618,70.0,0.0124240520040298,0.0136517669717689,fault4
0.9815248447336086,-0.325243470322778,1.1695443294395975,32.37165322752908,70.0,0.0137601560567356,0.0122806308940298,fault4
1.765872230166286,-0.2119175268587183,1.103847363157748,31.96447084792768,71.0,0.0124295066655643,0.0114634413149553,fault4
1.1746351213433823,-0.1995465491627755,1.1764852642911945,33.10452843461799,71.0,0.0117670861809373,0.0124746658131176,fault4
1.054725236527398,-0.134484010067666,1.1325629648108897,32.758152640301525,71.0,0.0118594892584131,0.0163087569502822,fault4
1.9099617412560292,-0.1080238350059948,1.1698444293579413,34.05974369442443,71.0,0.0155478816705333,0.0107302793060223,fault4
2.1887497658344675,-0.1519702549411502,1.1030536183062802,34.7026291891703,71.0,0.0106552472671211,0.0134545822507445,fault4
0.8997647840005093,-0.1980110228693975,1.1675252713428048,32.62818355153835,71.0,0.0140236312676377,0.0127131243944617,fault4
1.4586382375777796,-0.2167454523050956,1.127344526341271,31.948011628984748,71.0,0.0124027547548512,0.0169549547638984,fault4
1.630512450753715,-0.1857761297387012,1.1424514055921349,32.74247881960193,70.0,0.0169875169997706,0.0137224031833867,fault4
0.877964272860195,-0.1348091442656144,1.0956248401149586,33.7664018054396,70.0,0.013538847268925,0.0102690840996361,fault4
0.8967266981328489,-0.1832424982061875,1.1703943787188524,33.258460203313945,70.0,0.0102595450793551,0.0156124027962948,fault4
2.0179934597401843,-0.1261717074067916,1.0777648905368693,31.080280712671552,70.0,0.0161737941114237,0.0118673366244466,fault4
1.9517004868859669,-0.2186442148262094,1.06300615307749,32.93375191988207,70.0,0.0115903640156541,0.0153311574162427,fault4
0.8280534279479833,-0.168560720543092,1.1366620224250077,33.01574595187342,71.0,0.0147655160847114,0.0103467445362723,fault4
1.121771686137743,-0.1971250248257296,1.0578120389139962,33.907418397957265,71.0,0.0103381258043964,0.0154601131507241,fault4
1.931807999915072,-0.1382494175385194,1.185534491959351,33.26773982011375,71.0,0.0148524652991547,0.0129779257551346,fault4
0.869585432587647,-0.1730109224982842,1.1828323895710864,33.104767145790525,71.0,0.0130685277092187,0.0142376652039488,fault4
1.154939034797356,-0.2455586134325456,1.1681413781047685,32.67405070235342,71.0,0.0136273443550133,0.0127208226676138,fault4
1.969683312653768,-0.1887229373942154,1.181492170599371,31.390026825200675,71.0,0.0128615803522622,0.0136722726581007,fault4
1.829936697283073,-0.1994449843669247,1.176909160917754,31.64707608644969,71.0,0.012418231301871,0.0141005183549787,fault4
1.1766716997187054,-0.1859394649938272,1.0988916573683816,32.011707979883155,70.0,0.0144178877926811,0.0118588862309988,fault4
2.143372246504454,-0.2138524754597869,1.0533384925300533,34.863980254264,70.0,0.0119901135137505,0.0120081404430238,fault4
1.5096931699538965,-0.1387621746933654,1.1713297619177616,33.32078561779686,70.0,0.0112071490955513,0.0123732872449247,fault4
1.1627942713081303,-0.1621438452800412,1.142209081190961,31.49986298585385,70.0,0.0121614407202792,0.0161630822890783,fault4
2.1099150986352946,-0.1817372902445831,1.1537605685498349,32.86971309863783,70.0,0.0156154969656666,0.0121121487566861,fault4
1.5350109865815245,-0.1929444321776343,1.197970961973949,34.32230530600859,70.0,0.0114411567574693,0.0135437077124988,fault4
1.232281397870316,-0.1692933627083068,1.0843781178466003,31.20692612561749,70.0,0.0139788245782888,0.0110998460586937,fault4
1.5639741337755395,-0.1683598287315879,1.1035619621092765,33.22701906523448,70.0,0.0115406313542157,0.0182079949411068,fault4
0.8457775969851759,-0.1933349749862255,1.1117990678079632,32.647526418593486,70.0,0.018184355105002,0.0111312938723517,fault4
1.0505444925946064,-0.2008742159780079,1.1669374122977685,31.367762595689054,70.0,0.0107678520572204,0.0143963181929356,fault4
2.1692467863589613,-0.2112592010544883,1.114940712586152,32.712380980221624,70.0,0.0140415200301099,0.0122459868946068,fault4
0.835569893554542,-0.1680687238291465,1.1892167790419126,32.75342642713438,70.0,0.0122589582171074,0.01670721310878,fault4
1.595610816186839,-0.1826820418296185,1.098847705666508,34.077712108305555,70.0,0.0153844632188026,0.0110774069444997,fault4
1.2536642244022933,-0.1845992625913882,1.062264215912356,34.65493899653567,70.0,0.0123458001750964,0.0121142067063764,fault4
1.9034066736784272,-0.1214657382708742,1.1703770961782505,31.745320696772374,70.0,0.0118893895037636,0.0138392417697655,fault4
1.3668650383943768,-0.21093499802055,1.061508280929836,33.1744639437378,70.0,0.0136318947835025,0.0142556143270461,fault4
1.0872499962521291,-0.0882096398741708,1.1938939877759118,32.988755860385616,70.0,0.0142089764386356,0.0109774621582371,fault4
1.9544316816808165,-0.1495267950935696,1.0940173073915698,31.901068551449345,70.0,0.0106748662565264,0.0105139443874115,fault4
1.951858965530464,0.0364707671467529,1.079516736998807,34.0294423451225,70.0,0.0105044158075442,0.0133022144318464,fault4
1.3506799944999128,-0.1816967878307049,1.05036717973573,33.80240173267487,70.0,0.0140554649319337,0.0120830829061663,fault4
0.8941210718462894,-0.155610990801544,1.0891429075508072,31.09279773289486,70.0,0.0119245865435285,0.0131393334483306,fault4
2.03290091188848,-0.1889008584909756,1.177599208857917,32.76239181726694,70.0,0.0137764554959449,0.0110473152368013,fault4
1.6843999490280366,-0.2037945261069083,1.1342784723740091,33.09286512208667,70.0,0.0108748503834158,0.0144000121775965,fault4
0.8617861867422477,-0.1851181695349056,1.058899563122076,32.53414615446965,70.0,0.0138407524587446,0.0134101968241669,fault4
2.1355868742063637,-0.2017534172446977,1.1740786475885934,34.14542776346708,70.0,0.0129760284160357,0.0122702927046987,fault4
1.7081338302580944,-0.2549804245663281,1.120582015918694,33.90482332103573,70.0,0.0122798515328029,0.0116007847059914,fault4
1.1100783914937844,-0.1792254904866438,1.1060294084130844,33.45315776352934,70.0,0.0114165949860422,0.0128954120860158,fault4
2.1474737734303924,-0.1891820104666368,1.1531548991253742,32.242837948995486,70.0,0.0125046698465026,0.0134834155469501,fault4
1.0587679212308514,-0.1826811980978353,1.1464920322964842,34.36827046525754,70.0,0.0132672361756687,0.0109528972950291,fault4
2.1449106122375747,-0.2015058490999465,1.0993873963415963,31.213592455068387,70.0,0.0104570490264207,0.0137172408548137,fault4
1.8757410758670297,-0.2255938560859894,1.0534669672609678,32.957218677608964,70.0,0.0136213893194031,0.0127606129719418,fault4
2.198036085543038,-0.1657353442017007,1.1874523189920214,34.94497406814967,70.0,0.0132329325832857,0.0111062905924559,fault4
1.1532720529635607,-0.1988310005718817,1.189229562855397,33.84379710211418,70.0,0.0112020580699885,0.0140013790393364,fault4
0.8869234857442079,-0.1233523516530474,1.0751270637836698,32.16578659186687,70.0,0.0130200955099072,0.013485160724437,fault4
1.5623487483037122,-0.1759620172018312,1.057077348211772,32.80474850637415,70.0,0.013378249359231,0.0110486506297223,fault4
1.1415311860684654,-0.1777181858701559,1.0968067121727834,32.5303930018585,70.0,0.011148537946592,0.0109196621599043,fault4
1.359404165375242,-0.1684155414437801,1.1513915048101826,33.34765030821528,70.0,0.0109773233454729,0.0123839940078448,fault4
1.85344071521176,0.0202540904709318,1.0955139491825472,33.66453784866019,69.0,0.0117882816323738,0.0112481597573777,fault4
1.8821437578004188,-0.1694350877851264,1.1009805606962306,31.548296868908924,70.0,0.0112543424828597,0.0152994408932089,fault4
1.2475648420131773,-0.0526515016087072,1.101022676166681,32.76243772273246,70.0,0.0005632863499884,0.005020590034445,fault4
1.4623347780638905,-0.2285228061524087,1.0550322153706977,30.50268717978451,71.0,,0.0046611727262247,fault4
0.966879580891384,-0.1872785038408079,1.0683506326297316,31.481842617573896,71.0,0.005015231788893,0.0052649115943634,fault4
1.259752481826476,-0.1830493486505806,1.1974575379533925,31.403801129495204,72.0,0.0053874927352725,0.0063838143544401,fault4
1.4495033398664352,-0.1688445847407646,1.052390087420379,31.577636476555387,72.0,0.0061748383943647,0.0059577576532652,fault4
1.4474775340718062,-0.2214769039810228,1.061419427997888,33.545965416446165,72.0,0.0061193601925684,0.0057908251392841,fault4
1.353366235982454,-0.1758016447131097,1.140025556132838,32.66014711601893,72.0,0.0056521543567173,0.0050007435444474,fault4
1.813723906528662,-0.0184857478125179,1.0890015598991956,30.845492365457,72.0,0.0049587044943601,0.0061819575266543,fault4
1.1449850820044056,-0.1670256072921265,1.156026764593935,32.3870814214223,72.0,0.0058852035010645,0.0057126647127657,fault4
1.7498631074551525,-0.1803091932822143,1.1821466643875478,32.89494379152808,72.0,0.0058237057683433,0.0058063244299574,fault4
2.043147948388929,-0.2536047215124802,1.15724248418934,30.0646322559585,72.0,0.0060094312706291,0.0047972715949054,fault4
0.8798297948701026,-0.1387488287384351,1.1237087107423294,32.181636183079206,72.0,0.0047751524507743,0.0051174174517229,fault4
1.7816969701624068,-0.1389674027068279,1.174227351132214,32.649794022354705,72.0,0.0050285684405869,0.0054944703808547,fault4
1.6623784438041171,0.1647924404429732,1.1055066714844577,32.844338027360365,72.0,0.0057886425256139,0.0055994354647886,fault4
1.1618858345774288,-0.202929561739471,1.075783018845034,30.807401204155184,72.0,0.0057873843800015,0.0050071356151004,fault4
0.8572174296665891,-0.1654919946236304,1.096235202108029,30.397678240216013,72.0,0.0051227103668608,0.0054436495510283,fault4
2.1121076521951907,-0.1884255956864782,1.0814162255119806,31.94324046211417,72.0,0.0056421859547201,0.0057110093673601,fault4
1.2188891560754296,-0.1725966800940983,1.1096536216503223,33.35227745670594,72.0,0.0055798230592426,0.0049302692257813,fault4
0.8603886196891418,-0.0838834038228985,1.1760959232744528,31.91187177735696,72.0,0.0050458474753336,0.0055368626691897,fault4
1.2852716848702692,-0.1963266201490998,1.0803060338335044,31.017409641189737,72.0,0.0051300328380561,0.0054703208851261,fault4
2.125496490637571,-0.2191500859748358,1.1512683842701856,32.249143808643296,72.0,0.0051270976808522,0.0069176457079307,fault4
1.359558789291301,-0.1895784727700211,1.1737082814451751,30.049484889892724,72.0,0.0070528810452601,0.0044774413634488,fault4
0.8625014030853715,-0.2263231852059121,1.144710933419017,32.08843578890074,71.0,0.0047761037110562,0.0047597529025021,fault4
0.8398585332168621,-0.1852326592575962,1.1483253431301994,33.138209930696505,72.0,0.0048477622602215,0.0064168457632603,fault4
1.1700769872693642,-0.2076900792551981,1.085811723244058,31.75786984340277,72.0,0.0071020070042904,0.0048858208778137,fault4
1.972233089402622,-0.2184567302490796,1.1617371449068694,32.912450421570554,72.0,0.0049309466897754,0.0071872606468514,fault4
1.6439375232078624,-0.1621586837874131,1.0771105846832392,33.6619547467751,72.0,0.0078410199521204,0.0050336936820702,fault4
1.1876242629775873,-0.1281003592007601,1.1276542771150064,31.30529891646317,72.0,0.0057188284838504,0.0075049930696153,fault4
1.437558128279889,-0.1103233102451339,1.0507109476265666,32.811116168273315,72.0,0.0080057749421524,0.0061829360258183,fault4
2.0760825103626783,-0.2469141933958042,1.0768535384746916,30.39689101021053,71.0,0.0064411606974186,0.0060719677381497,fault4
2.065526439909759,-0.1484315850954128,1.10451449006295,31.20549609206417,71.0,0.0060022191513743,0.0061095982600695,fault4
2.2409003942175207,-0.1272530030898943,1.1782504977930337,32.238416964897255,71.0,0.0063183582176088,0.0089509037489227,fault4
1.6989059018431172,-0.164464265780825,1.0566435077007283,33.41248471627276,71.0,0.0090965021982809,0.0098411090781138,fault4
2.188570368598029,-0.1935019915032363,1.0734671683752672,32.77238165380817,72.0,0.0101866990775724,0.0078253893869541,fault4
1.5915340824766029,-0.209429610598202,1.1083088253432036,33.248689185546155,72.0,0.0079429876864787,0.0095741084695497,fault4
0.8628906446652371,-0.1750493117684555,1.10704137125592,32.27146942151822,72.0,0.009111615049632,0.0072107147797398,fault4
1.8358418257914315,-0.1606784608818538,1.0861354200123436,31.70919997670806,71.0,0.0074134032691317,0.0106596504069768,fault4
1.8718169905666744,-0.2243886441749876,1.1854223937860875,33.71743684209692,71.0,0.011285724288595,0.0095851043455047,fault4
1.5322327096008408,-0.2506513090385828,1.0778334919312822,30.624064456087485,71.0,0.0087736556609508,0.0123984984886231,fault4
1.0698702700288347,-0.0134026745641838,1.1721569596529955,31.752292353799515,71.0,0.0128287057593414,0.0117423458328546,fault4
1.8540904626347432,-0.2099648853760814,1.1877194918075065,33.04010399221243,71.0,0.010544823297501,0.0108747332429173,fault4
0.9387982652624216,-0.194659119216069,1.068715220530336,33.99138315497727,71.0,0.0112664075609474,0.0096015282829633,fault4
0.9739079876480136,-0.1925265841019821,1.132774326557381,33.22370220846786,71.0,0.0094793337489006,0.0086363306432204,fault4
1.9239932227623124,-0.1487190079460027,1.0710659313364377,33.40327104318202,71.0,0.0084437377050861,0.0115149202946487,fault4
0.9087136949499643,-0.220418278121744,1.1291331058989411,31.25931000974787,71.0,0.0112143583242106,0.008152282965505,fault4
1.840209014393467,-0.1699203470927155,1.1009956539517636,32.18722790540958,71.0,0.0079919490750495,0.0099572818863247,fault4
0.9830981233225736,-0.2448053096833103,1.0875760022319454,34.752377481120334,71.0,0.0098894156405684,0.0088177252745932,fault4
1.3340548267105077,-0.107942406314257,1.0657418708863835,31.115453582372567,71.0,0.0086121576664303,0.0105407256153664,fault4
2.190007328502986,-0.1614303889916051,1.1918885421412286,31.30277580065517,71.0,0.0102602703931876,0.0087824694944048,fault4
2.0389199272710767,-0.1635532818850551,1.1750870586502964,34.64455004316708,71.0,0.0085729950992465,0.0082431120290703,fault4
2.0856397564439164,-0.162182662181851,1.1609207929099037,32.8878066346626,71.0,0.0084112113472724,0.0094406947261163,fault4
1.4390253956768642,-0.0864337112528932,1.083245599715751,32.85835410515149,71.0,0.0091210407116928,0.0094568673571474,fault4
1.9521649729183488,-0.2011640762044343,1.163821660750086,31.75118026387623,71.0,0.0092265961742535,0.0091299187602571,fault4
0.8440781353572459,-0.1887130199962088,1.0897930597903631,31.78736639519612,71.0,0.0089122272708794,0.0099736190386572,fault4
1.1170631329853198,-0.1406863415561511,1.129369263030238,34.86668255667053,71.0,0.0094686934125084,0.008087443229833,fault4
1.3659149996597952,-0.1265193112385569,1.1027066012489355,32.44124259653447,71.0,0.0080377573962731,0.0121107534095361,fault4
0.8536638567422878,-0.1875336673655679,1.1669431041313438,34.712686288442136,71.0,0.0124513626435088,0.0093645126367693,fault4
1.8668990539202657,-0.1232337724486333,1.1070369306646817,32.4121233001775,70.0,0.0091602516368451,0.0080611583411872,fault4
1.0612528585234544,-0.002934047772262,1.0756617222590956,30.328697390263397,68.0,0.0008734622298727,0.0113152805472395,fault4
2.2483840715342835,-0.1789680407627132,1.166988227949605,30.90045333747261,69.0,,0.0094473512502817,fault4
1.0487914313590738,-0.0563482794966719,1.1613854679191564,30.975009144302604,69.0,0.0093258539399502,0.0094516343863989,fault4
1.2602081016174216,-0.2180215931591811,1.0560428958294965,32.00965025294754,70.0,0.0095386572793843,0.0082557540510276,fault4
2.213744992464844,-0.1721995064453667,1.0882261126507515,30.22038184037244,70.0,0.0089324776805521,0.009413249310064,fault4
1.1460608972705213,-0.1262892548329836,1.1760299605291984,32.2100029441938,70.0,0.0092466649786468,0.0087697993698517,fault4
2.256101510839275,-0.1654497481873542,1.1721401566526384,33.81209290101967,70.0,0.0086923726267298,0.0092540245089426,fault4
1.0747376274575542,-0.1603611586231849,1.1060065003806356,33.179532199725166,70.0,0.009271788320767,0.0107563177840445,fault4
2.085045676500664,-0.2355110504942567,1.0533993056640345,32.967288800317775,70.0,0.0115315543947663,0.0087555500058108,fault4
1.767008227894913,-0.1487357922575666,1.1928150093443683,32.335509368966854,70.0,0.0091052525968447,0.0112745947098007,fault4
1.497549122912876,-0.1637691543561008,1.0643073849957423,34.31965381708,70.0,0.0117149116616815,0.0088071391628405,fault4
2.135608138656079,-0.1063432429018524,1.0716949476238746,31.512466478278014,70.0,0.0086562512135139,0.0117019868896746,fault4
1.022435192205897,-0.1484904294971042,1.1047732301453956,33.009780704761354,70.0,0.0117910751022655,0.0099628917120996,fault4
2.198782062762571,-0.1336806450860558,1.1259391926096125,33.77351824890898,70.0,0.00992169740481,0.0121640719956162,fault4
1.203485593707927,-0.2001247968819533,1.1927897051907737,34.65967653002558,70.0,0.0110801942995545,0.0110656931899322,fault4
1.3930035985453777,-0.2135573909086431,1.074636891287391,33.39597841432383,70.0,0.0112882701705764,0.0099243470203827,fault4
1.9653563361131825,-0.2140051095877145,1.1216880086168175,31.86665643189328,70.0,0.0100057110907362,0.0120434331654609,fault4
1.0822915244323732,-0.2038481494937933,1.085758219712889,32.6408539479036,70.0,0.0116746978306016,0.0080772502111245,fault4
2.1099279039188925,-0.1900766681894916,1.1492441173647072,34.147146964637486,70.0,0.0088519000754147,0.0104908280722036,fault4
1.563909767146183,-0.1971129862600971,1.1728494297604903,31.01239444448995,70.0,0.0105656824652064,0.0085494602577478,fault4
0.8562494024073161,-0.1937529486850513,1.1418838453227378,34.814041264387846,70.0,0.0087186971155343,0.0093345304203894,fault4
2.094292254738997,-0.1983438224475456,1.1085923067368175,31.10823754423897,70.0,0.0101151804983584,0.0088307384067164,fault4
1.295303310824125,-0.2737860650067357,1.0696081143102925,31.1092101709172,70.0,0.0091968430968196,0.0094703293273043,fault4
1.1956184889630703,-0.1702614676279964,1.1044547165395295,34.94046337233941,70.0,0.0094806011872498,0.0103416397081044,fault4
0.9892873852131778,-0.1754181414460856,1.0878378225258136,33.10838778606218,70.0,0.0103265946025667,0.0087525798351562,fault4
2.212991446250052,-0.1843294811011609,1.0775814455278787,34.20472527310288,69.0,0.0091491795494835,0.0086687263846058,fault4
2.115712599634617,-0.2249550451219342,1.151486265546893,33.307030378037695,69.0,0.0084751729595231,0.0087386256347017,fault4
1.3378572129747068,-0.3031127234059589,1.1100284854902662,33.36141337220272,69.0,0.00843665365504,0.008581234776944,fault4
1.774867512029637,-0.1967832857716686,1.1327819410502975,33.694417193004774,70.0,0.0082413894279639,0.0115766329209329,fault4
0.8534008985585756,-0.2215922820642336,1.1174047509220668,31.711487776576853,69.0,0.010782546364369,0.0083757311917494,fault4
1.8956060373853167,-0.1332663701092606,1.0689935856177446,32.603008195500365,69.0,0.0078829649741969,0.0115690857156235,fault4
1.618579957409097,-0.2163476835008455,1.0635291857479423,34.282479615007645,69.0,0.0108710560149717,0.0087492250680394,fault4
0.8877236465702112,-0.1574034877908523,1.0772822632836307,34.49922683611063,69.0,0.0080683206300847,0.0105557904332848,fault4
0.9645348847539048,-0.1350833079538515,1.085923685965554,34.09184826595851,69.0,0.0108267627229924,0.0085508897119642,fault4
2.079483315117349,0.0935550044324455,1.163992856406798,31.7159919990214,69.0,0.009204307707559,0.0108931581193929,fault4
1.542692278262302,-0.2202783497991952,1.0812693728399796,32.53911801387498,69.0,0.0102697829009164,0.0103231470451285,fault4
1.6738048944932191,-0.2038334313319785,1.125099136203939,33.44894300908463,69.0,0.0101644632712172,0.0102659139007832,fault4
1.836894121440167,-0.1951156544763378,1.1826979317657864,31.75008114727914,69.0,0.0104983368370377,0.0120476390517521,fault4
1.355246292907554,-0.1522739828621126,1.0932880172029715,31.19676055807,69.0,0.0118272291966703,0.0090952091708343,fault4
1.4510795096049247,-0.1803675404264953,1.071348709919365,32.7564370685984,69.0,0.0091899174078657,0.010122755194087,fault4
2.12115992190634,-0.1941474977746985,1.1249992693813573,31.05472196150958,69.0,0.0103472096231464,0.0100826537374026,fault4
0.9276273538325642,-0.1149215626136652,1.0642797285820846,32.31224061632834,69.0,0.0102096855130265,0.010037326948822,fault4
1.894502454385695,-0.2206936752003127,1.118792786890124,32.12073329238525,69.0,0.0098293631793441,0.0088823840534746,fault4
1.002333748367486,-0.2024245782760638,1.1791172211981311,32.17844550682458,69.0,0.0088286988922553,0.0091218161628118,fault4
2.1436314813544746,-0.1694540288625859,1.1938197413032337,33.12382203414425,69.0,0.0092136895928162,0.0084897183231951,fault4
1.436295477376248,-0.2047074631151758,1.1724755145103274,34.6149411654214,69.0,0.0082596043946399,0.0103917875735112,fault4
1.9185074408186336,-0.2627610440938389,1.16602576794426,34.77181515132654,69.0,0.0107074417868734,0.0100651625075787,fault4
2.146149010882019,-0.2001023983750142,1.1572662713767423,32.530823146725425,69.0,0.0103219241395008,0.009559990427485,fault4
0.9492928706863328,-0.215645731967264,1.0595501714133122,31.56653474937318,69.0,0.0097729156086708,0.0084263197734498,fault4
1.9350730638512157,-0.2098127948539465,1.172189031685305,33.59569191106774,69.0,0.0087355908210873,0.0095659275719036,fault4
2.134207445357811,-0.2286624865609525,1.1249946895539067,31.47078579031034,69.0,0.0097005931269233,0.0086582172408295,fault4
1.3244440520874572,-0.2509998257542762,1.134952361376777,31.01577086860933,69.0,0.0088084908676949,0.0099370024497248,fault4
2.0836072916108312,-0.2040401048544141,1.113446509421824,32.85482518536806,69.0,0.0101769048871144,0.0088303111700857,fault4
0.9932535205351622,-0.1642173038388399,1.0548927899936986,33.80084732110628,69.0,0.0084508183076642,0.0113996710314973,fault4
1.9561853885606773,-0.1580743038552619,1.0851763146559308,32.893487252070514,69.0,0.0112370516671351,0.0089946213544095,fault4
1.4753749593684902,-0.2060643007234862,1.1948682384239002,33.73158707057475,69.0,0.0088152446889246,0.0100680227110512,fault4
1.3738849878461252,-0.1883513659565008,1.1747547364192976,32.46878211483718,69.0,0.0096393907346888,0.0101881768096839,fault4
1.1986061443240934,-0.2477022827338325,1.1934399818147157,32.92454537092531,69.0,0.0097060799060691,0.0089334287874544,fault4
1.7285170125398734,-0.1847345897402565,1.1505045684107,32.45433136462988,69.0,0.0095728581396392,0.0113418603066994,fault4
2.166798518259889,-0.2131511878025707,1.1590381090427744,32.67211865745528,69.0,0.0114084603480112,0.0093621645305011,fault4
1.9400148898407037,-0.2229583814780538,1.1554485101966407,33.43566282269764,69.0,0.0091047551490163,0.0124325629988369,fault4
1.78579819987673,-0.2287969711608873,1.0801160376047183,33.87798866261449,69.0,0.0129858531117412,0.0106380468886014,fault4
1.0251451374173264,-0.2160601094984955,1.180145503937441,33.1687072985844,69.0,0.0102921053772667,0.0114963285318095,fault4
2.1453226438959456,-0.1735624229617132,1.1625915680988408,34.87573782164965,69.0,0.01195390788259,0.009460400799931,fault4
1.3267047443487006,-0.2162779045186561,1.1776934027477692,32.20717577038211,69.0,0.0096946323145668,0.009478231340705,fault4
1.3933867721243596,-0.1305221061291486,1.0727317095551685,32.867435176200715,69.0,0.0094577247574753,0.0092304135201694,fault4
0.8779091165968566,-0.1743060368352177,1.081744495750436,33.557032674757124,69.0,0.0093802154462927,0.0088234339838817,fault4
1.4698977028170566,-0.0466637336947531,1.0920606563807107,33.52580323632328,71.0,0.0006920808015712,0.0069249028973269,fault4
0.9047870265247888,-0.1903116642415121,1.1512709455437455,33.172749898560184,71.0,,0.0056804162442882,fault4
0.897879506520574,-0.1956808687941884,1.061730276106711,33.01595075054981,72.0,0.005532293499286,0.0064285795924719,fault4
1.6635606142635562,-0.0457076706700846,1.057601406048082,30.521684733269467,72.0,0.0065836009256586,0.0071521976117055,fault4
0.8851451784469793,-0.2148750921389348,1.1528642411878185,30.208150245477796,72.0,0.0074424178214272,0.0054009728472613,fault4
1.0116664999343277,-0.2131380718181037,1.061527158681476,30.887982314630644,71.0,0.0056092664357592,0.0062776143442266,fault4
1.7664403229151877,-0.2246979593182674,1.0989624790669268,31.722600024357885,72.0,0.0064191791152793,0.0064003634054087,fault4
2.066714635165721,-0.1959778434780895,1.1621130228302938,32.28147624494429,72.0,0.0067237885729813,0.0055062230657618,fault4
0.8568672011917399,-0.229315500035649,1.175361084241577,33.21010170545302,72.0,0.0058012746293264,0.007622416984022,fault4
2.1447629381499964,-0.2742899171213626,1.1575465905565676,33.25275452134186,72.0,0.0073679703671297,0.005446843792517,fault4
1.244056156556336,-0.1774142115618021,1.0782292041332309,33.726111145678594,72.0,0.0056913602411729,0.0060778658733853,fault4
1.9989815262324768,-0.1958792481423608,1.1733428052165302,32.505167636103536,72.0,0.005955245450573,0.0044510601261109,fault4
2.1062511992481987,-0.2087262553068746,1.1068654027738456,31.48028311166902,72.0,0.0051122811579758,0.0050661024446863,fault4
0.9154143434787526,-0.1286689373981331,1.1374334268918689,30.21263417143352,72.0,0.0052208205036563,0.0055252172940643,fault4
2.027278341017448,-0.1246124123424067,1.167928840191387,32.79505277452037,71.0,0.0058694670583584,0.0072296881832101,fault4
1.9678659948309805,-0.2422939390556091,1.17127539622246,30.935097099837964,72.0,0.0067835326079837,0.0057673553625222,fault4
1.2103672523786173,-0.170854161391318,1.1937503512288408,30.99332010581599,72.0,0.0058476051746086,0.0072044219076922,fault4
1.388723738192991,-0.1207405804697148,1.1021848078615708,32.17069086162351,72.0,0.0071767911787327,0.004794740482045,fault4
0.907859136006456,-0.1258917769348315,1.1458251474924783,30.925355748228483,72.0,0.0053431852923005,0.0055732419418517,fault4
2.0402471847419683,-0.0994709971278687,1.0911150379791663,31.67975702998993,71.0,0.0061903032907147,0.0070519316716802,fault4
0.8851394635469894,-0.2135628317287651,1.066172708694642,31.08222552065217,72.0,0.0068814661681271,0.0054860524472642,fault4
2.2564146092890343,-0.1872117346784355,1.1051648082272707,33.07312275400511,72.0,0.005535473441872,0.0065201475949189,fault4
0.9040354746874946,-0.1727473027212931,1.1723842128155906,32.77823739502725,72.0,0.0069305962806812,0.0059546632221185,fault4
1.6204008257985858,-0.042930721202869,1.0903550774107866,32.83323872947551,71.0,0.0058338698706971,0.0055734121877005,fault4
2.117718815962085,0.00277735567945,1.051977636320408,33.65157636215618,71.0,0.0058270640912652,0.0070056171083815,fault4
1.625471456037215,-0.1937511559295995,1.1409284214959152,30.513108653925496,71.0,0.0068958549333185,0.0051719666154877,fault4
0.8895169622468319,-0.1701859642704856,1.1013726809141564,30.56590554679372,71.0,0.005326925864724,0.0075016948260722,fault4
1.842990913698836,-0.2316310512802589,1.1058649294855591,32.62826761877466,71.0,0.0075161596665177,0.0048606850323452,fault4
1.6322633504174373,0.0466479622287325,1.1984546125045916,32.16939532841785,71.0,0.0051053834648686,0.0054305069110773,fault4
1.3655720330621337,-0.1806436439772429,1.0522183580267817,32.06931438015962,70.0,0.0051340706938558,0.0060984231765523,fault4
1.1253656628758766,-0.1096523726544312,1.0907078931666327,33.78606605956216,71.0,0.0059714491081737,0.0060085223211608,fault4
0.9169123576604952,-0.0620147829380341,1.1068894940959353,32.69075553707642,71.0,0.0061557906389621,0.0053678734862656,fault4
1.1499625837672025,-0.1877019667906697,1.192146512868054,31.01760617517314,71.0,0.0052591089284671,0.0043408103085068,fault4
1.1894192475797984,-0.2153699317768486,1.064338055873108,30.67513732525804,71.0,0.0045643515183279,0.0062384439651201,fault4
1.5608852024462097,-0.1295552367555383,1.1825161028160027,32.28080355366204,71.0,0.0057465920381042,0.0055735728500226,fault4
1.6052609928223769,-0.1875290267236936,1.1851163280074193,31.06620114036789,71.0,0.0057854134828183,0.0052759771769713,fault4
1.7385699175183034,0.0189152342156153,1.1785528292504674,31.416005057574186,71.0,0.0093717301196414,0.0093638784942771,fault4
1.9210240236646845,-0.1991350077228413,1.0712529881139992,33.993582231011814,71.0,0.0102638995297292,0.0064387842435056,fault4
0.9147930130547202,-0.1835178904297519,1.0686098945913185,32.6709939374317,72.0,0.006276371353865,0.0054483238265318,fault4
1.868122400922664,-0.1811702207611204,1.0535016004974445,30.905482680122866,72.0,0.0053272590297459,0.0058581643585035,fault4
0.9498789346796808,-0.1687783889339541,1.1900623675652997,31.797714953238952,72.0,0.0059076704601152,0.0053464519705508,fault4
0.9901636769330304,-0.0249161124707666,1.1363146375322395,31.651153223384117,71.0,0.0003096942756941,0.0056910386650518,fault4
1.1617821808452131,-0.1443812978926145,1.1159950477839122,32.97859638184932,72.0,,0.0045866068013706,fault4
1.8040207181064123,-0.1455692017858398,1.083187939398247,32.013805915113245,72.0,0.0045691367487332,0.0046604859463517,fault4
1.2567368398194383,-0.1986452581290957,1.0751822393489487,31.587504336075558,72.0,0.0048760899309086,0.0044296690692557,fault4
1.8361899706044067,-0.1862827813425003,1.0503764887043712,30.71318469670372,72.0,0.0044600964500885,0.0057252271345936,fault4
1.4038886333014735,-0.1589875162976765,1.1779100090894377,31.48511110022834,72.0,0.0058314512242721,0.0059729586559922,fault4
2.1460847982498907,-0.1087035806829666,1.1224466472404269,31.83547208898457,72.0,0.0056491491348191,0.0063589558985601,fault4
1.0096381372102046,-0.1652237273251769,1.1559832164494226,30.899730814224355,72.0,0.0066027251926386,0.0070406565391127,fault4
1.9088824977069887,-0.2548843325527646,1.1730450010566629,32.88827662494356,72.0,0.0065312103127319,0.0055763160412544,fault4
1.1092253322786312,-0.1163477814372608,1.1901129572863414,33.78289396910657,72.0,0.0056053710279469,0.0063925922149966,fault4
2.212459986030652,-0.1702436267902587,1.109862280253831,33.09521216823373,72.0,0.0066762527680647,0.0076876854625469,fault4
0.9101358488043948,-0.1603705683519235,1.1895891382061734,32.416277505520014,72.0,0.0074421333300574,0.0058652244593242,fault4
1.0504634298351396,-0.2043886677145646,1.1198780748566508,30.448945800817103,72.0,0.0059036475900533,0.006850319728105,fault4
2.011771313410353,-0.2476925348926978,1.0987661227194516,33.47007566492271,72.0,0.0069318271053951,0.0064032049915312,fault4
2.1966050434348623,-0.205665892634255,1.147146656142217,33.85788681803011,72.0,0.0062866329169973,0.0064961752156444,fault4
2.036805191290415,-0.1475297840311425,1.1172325133100314,32.83923661572981,72.0,0.0063968841224762,0.0058432744766375,fault4
1.3764373329479471,-0.1499415665189438,1.1785317824067123,33.644583470895675,72.0,0.0058896092455649,0.0073901180748783,fault4
0.933535998725746,-0.1536866056144479,1.0590430481921227,33.85607787980556,72.0,0.0069105882679628,0.0065208790055046,fault4
1.9363628485139588,-0.2253445736140302,1.0773392412812015,32.16119005333788,72.0,0.0064320310759091,0.0064503906382694,fault4
1.361239094429495,-0.299148647635712,1.115434582208975,33.042543878009575,72.0,0.0064903234305988,0.0074539675500014,fault4
0.8717328848302551,-0.1885727096817639,1.0635013689269277,33.487235955082056,72.0,0.007813324587791,0.0073084956839607,fault4
1.3270836572864684,-0.1772015672667814,1.1686429700283385,33.299700739600326,72.0,0.007354092120407,0.0064455549002643,fault4
1.931645403734584,-0.175535565024206,1.1789703033127232,31.88009486998133,72.0,0.0061069276950619,0.005697921299778,fault4
1.547430139278308,-0.1608320244605111,1.156415881179676,30.07029134483004,72.0,0.0056516764901581,0.006378191681337,fault4
0.8331307968305949,-0.1398018413787037,1.1437661364932552,32.25848901357135,72.0,0.0059261304577314,0.0057468598920143,fault4
2.1503979609395416,-0.1102066592502971,1.090367167643115,31.788725969507052,72.0,0.0051810186070736,0.0067188557504362,fault4
1.106464102888547,0.0057455634154453,1.116713172617389,30.56042326242962,72.0,0.0071304224014678,0.0078450341621303,fault4
1.4027157973425763,-0.1329164113543741,1.1042190487552666,31.42763013614356,72.0,0.0074026392296115,0.0061063696481263,fault4
1.9313415259803397,-0.1582424359144497,1.0988019670639542,33.48667136284225,72.0,0.0060403835958469,0.0053662334874355,fault4
1.3671822553450448,-0.1386057390771171,1.160117086093738,32.14271965318581,72.0,0.0054679104266952,0.0056743424195143,fault4
1.3242101376410995,-0.1458747187969204,1.1815087333622716,31.38093283818704,72.0,0.0057514977938943,0.0062177478513809,fault4
2.244849652443725,-0.198005510068957,1.1291893873409629,31.68372201600156,72.0,0.005921559334025,0.0053867154336244,fault4
1.148754543190074,-0.172517915704908,1.0709502213450914,30.130013926978854,72.0,0.0058123402779088,0.0068910627480373,fault4
1.1281145302913245,0.057653471706412,1.058634047276188,32.465474968265895,72.0,0.0073294735492662,0.0067551494353478,fault4
2.1145582416516318,-0.2578639114731453,1.1734974837168648,32.07072729430689,72.0,0.0067925363892928,0.0069517596746985,fault4
1.5103584294712356,-0.2215316017354616,1.0951546876437523,30.407414383507263,72.0,0.0072863454226784,0.0062623363831461,fault4
1.0241498230155976,-0.1347616290260797,1.0889603021063947,30.21836243808741,72.0,0.0062951299556425,0.0059312167675234,fault4
1.890707742855648,-0.1311747401579994,1.1513541144507575,30.25053142945116,72.0,0.0059514229352953,0.0062462566030295,fault4
1.5568625179046016,-0.1078760840230822,1.083170787904273,33.46959816514074,72.0,0.0058761606690215,0.005968362078616,fault4
2.114580856226309,-0.1468567077687277,1.126928505116119,31.6046792973748,72.0,0.0060466957113647,0.0080050246287427,fault4
1.0407272486118675,-0.2268179130643446,1.059595358950504,34.24799451031011,72.0,0.0074835929813915,0.0056882710026997,fault4
0.851955141642087,-0.1329322555831698,1.172282798596798,34.896369455082244,72.0,0.0061189766808442,0.0072256642820315,fault4
1.1103466728095692,-0.1890206941090544,1.1961575334604413,33.34203051348446,72.0,0.00746133808769,0.0065838401618708,fault4
2.063597002757388,-0.1109627261124576,1.163166922703189,31.08130335709086,72.0,0.0061294341852401,0.0066336295531683,fault4
0.8831262031426879,-0.1699443320578966,1.1206098415535055,33.269813214697464,72.0,0.0064469067725771,0.0056593560238053,fault4
1.1198398251936463,-0.1540304897923808,1.1995427288830922,31.36944132773929,72.0,0.0056853193664916,0.0060695849079984,fault4
1.2095201342496338,-0.1724099307722113,1.0905729001242177,32.41830749196855,72.0,0.0059348654957047,0.0091627896609076,fault4
1.6900884616518237,-0.1904187268636705,1.0747284863990905,33.54507341522478,72.0,0.0091582600059317,0.0091793008896491,fault4
0.9734135893541148,-0.1937118189779614,1.1324222464906275,32.76628225677084,72.0,0.0089200044902365,0.0088843474593043,fault4
1.2586263966917934,-0.172640278750551,1.0576802256478768,32.32948299561626,71.0,0.0089600944264665,0.006243135108069,fault4
0.8565690527175565,-0.2202268791463795,1.0984098201390822,32.708530446937026,71.0,0.0062173032786444,0.0072840456199877,fault4
1.9538791547430248,-0.2161968999568136,1.0577319862493717,32.91420529363211,71.0,0.007763322127213,0.0054216363989328,fault4
1.0700686045063683,-0.2169640675363942,1.0817392177455212,32.91184379663683,72.0,0.0054136314133382,0.0063608143366854,fault4
2.106434095301855,-0.1715231005610479,1.1210701003140005,33.621068154911136,72.0,0.0061218979103057,0.005709497333086,fault4
0.8509402840362112,-0.084890425494127,1.1398023514696458,31.034816640777414,72.0,0.0063044455740629,0.0078454329001661,fault4
1.527204710152074,-0.135762030560066,1.0529852364929282,34.74500815710289,72.0,0.0078791138066417,0.0058417958827785,fault4
0.9753645319561428,-0.1702102539749271,1.164373608681888,34.96406249506128,72.0,0.005954080710833,0.009565672676065,fault4
1.7683796250368702,-0.3099233835069747,1.1525045630621136,32.54890434982348,72.0,0.0091224136499365,0.0075125267703827,fault4
1.9067592062113363,-0.1569479575210393,1.116970453887117,34.23017811919164,72.0,0.00766960297912,0.0069644326240087,fault4
1.9617832584550023,-0.2379859363439442,1.0912256499057305,33.463142009107486,72.0,0.007645805680248,0.0076722222950919,fault4
1.3683199458966473,-0.1619382572777368,1.1320482629524216,32.757843786221166,72.0,0.0075979928500659,0.0062526368588023,fault4
2.072012348260795,-0.2064241689278184,1.172111358396989,34.82465925294805,72.0,0.0064144055280736,0.0069729744753151,fault4
2.07101129292326,-0.2095308039540747,1.153471158797795,32.7041049126996,72.0,0.0063970922538152,0.0069272247581613,fault4
1.2381300319994697,-0.1967370923710626,1.0922038119034203,32.01953769980438,72.0,0.00694375313797,0.0075886892886054,fault4
1.1522305585478343,0.0165655951669638,1.1907484464322964,32.681661749437566,69.0,0.0009889427531375,0.0129411928734975,fault4
2.1314394244315724,-0.1720193322232055,1.115592301750596,32.01323095102968,69.0,,0.0107577066277331,fault4
1.1300685806113724,-0.1999333067477694,1.116224239408798,33.457033956418655,70.0,0.0117062063146182,0.0182868769178912,fault4
1.1235054201635264,-0.2221173976019555,1.078740860792996,33.30822931586547,70.0,0.0175510204422208,0.0126880195850986,fault4
0.8534087430919266,-0.2256184219642155,1.1000317049611583,32.29992835045599,70.0,0.0129663498910203,0.0155423773345072,fault4
1.4449464402364094,-0.169013825429394,1.0989418710510286,31.384268638954502,70.0,0.0153235012577231,0.0118317315524302,fault4
2.000372563445433,-0.1860402356161953,1.0568565746710232,31.98521291123133,70.0,0.0126380024205467,0.0182063004667693,fault4
1.3227504209674774,-0.1761249111014155,1.0605987761629716,33.16976618273111,70.0,0.0163184108182138,0.0135692989306371,fault4
0.8598251317713366,-0.1956010025758127,1.149489117813091,31.210816755098552,71.0,0.0136621531934717,0.0146349977893763,fault4
1.9083916683681272,-0.1938499025344441,1.065308234692961,33.35916861384642,71.0,0.0141389440285247,0.0125323102710534,fault4
0.9263255252082032,-0.1634138034373564,1.1558051956065396,30.854764886964897,71.0,0.012866537209179,0.0173604420846022,fault4
1.9813331840949195,-0.2277122769326819,1.0561639066881696,32.02040847571007,71.0,0.0181542832410992,0.012373413687756,fault4
1.6350183633002104,-0.1660416401366797,1.16372346810702,32.68377707809835,71.0,0.012305480188112,0.0135497220728679,fault4
1.479474563905444,-0.1693238209266135,1.1513036747313896,32.664092411553575,71.0,0.0134268993064328,0.013222777087599,fault4
1.2995799685777658,-0.1683724145568625,1.189959321734699,33.37243317388821,71.0,0.0137919767457857,0.0171334033014042,fault4
0.8909958683899222,-0.1071388823170004,1.1837848245842446,31.214499083297643,70.0,0.0159169496090455,0.0149832424119186,fault4
1.0680774510404203,-0.2465774090952178,1.0638930992418836,30.14658372283134,70.0,0.014179636653705,0.0151716525540222,fault4
1.740090096306109,-0.201654497558917,1.1210411617622376,31.826958493033988,71.0,0.0156731247579427,0.0134309791721629,fault4
1.3877195081669833,-0.2633560123261481,1.06368951137969,31.41001336721254,71.0,0.0130867123517647,0.0128202967350371,fault4
0.9428313731125382,-0.207670605635275,1.150598338117501,34.64017195593155,71.0,0.0134518324734188,0.0133771475241672,fault4
2.079530296102408,-0.1717918598811959,1.1317878299400317,31.115549940568773,71.0,0.0134433383742395,0.013874628729547,fault4
1.7155014371302364,-0.2345752946374411,1.1533053161407614,32.93952519531632,71.0,0.0137960371541,0.0142587147487203,fault4
0.8773699379902351,-0.1047314225404611,1.1774067725371682,31.47988435610368,71.0,0.0131317985837648,0.0124197100920593,fault4
1.2132252378909807,-0.226787453045981,1.092023544552308,34.86039030858974,71.0,0.011916481621369,0.0163245952618567,fault4
1.772899612399349,-0.1624139563138778,1.1056323152878884,33.98208279699502,71.0,0.0155857917625295,0.0131386134961065,fault4
2.1526269194231458,-0.2258614605903398,1.153336614465323,31.811323375385168,71.0,0.0121938383124667,0.0138155837658908,fault4
0.8462636666720913,-0.1183389975857704,1.1547580197162195,31.6526330496426,71.0,0.0129235458893004,0.0138187202955459,fault4
2.1978187744217683,-0.1482989866445725,1.076879345982,31.57975210821649,71.0,0.0142117012057959,0.0155401349558474,fault4
2.165610874667132,-0.1546040119286384,1.1230155390124752,31.24707339442009,71.0,0.0153019612666639,0.0123154417519299,fault4
0.8397493318434193,-0.1858080189129209,1.147481498863122,31.144156203429556,71.0,0.0127874827611849,0.014845663822201,fault4
1.2933572532834834,-0.2667869936804766,1.081689525262122,31.940477831767996,71.0,0.0142282717737747,0.0140613314325445,fault4
2.1566910780614523,-0.2158274213608177,1.0820961975654086,31.974444187631597,71.0,0.013374993848621,0.0147781728226512,fault4
1.3133870778661467,-0.1620674229234099,1.07012973422137,32.49944033462314,71.0,0.014053663955275,0.0113330789657106,fault4
1.5395168634631395,-0.222116747005028,1.0739221778483463,31.472092848957985,71.0,0.0126128545635214,0.0136035904196308,fault4
0.9003705954335387,-0.1906476859526819,1.123174568914477,34.67950469971111,71.0,0.0132840035072105,0.0132699597343776,fault4
2.028831361570287,-0.1383076752689948,1.195816642268181,31.474701103685582,71.0,0.0144354499910608,0.0149399548695906,fault4
1.3585445270941974,-0.1665185589549932,1.1044165144257625,34.897871096899365,71.0,0.0153882833177946,0.0124637630800866,fault4
0.8569635089509174,-0.2588396725485781,1.1423886030035006,33.86956691528563,71.0,0.0133032340369233,0.0134522426136244,fault4
2.1241196880899893,-0.1988730300420591,1.1627936865731636,32.92649428908841,71.0,0.0137124759045045,0.0142768176714067,fault4
0.8504118329813848,-0.2244045318908981,1.0967076916371654,32.75737335809096,71.0,0.0148393508294422,0.0131003350606942,fault4
1.9545084535785104,-0.1970760407260447,1.1025698248339375,31.41856736298064,71.0,0.0124719940014887,0.0126547719908693,fault4
0.8870829542492623,-0.1388688094094559,1.1971517732538792,34.270543105119685,71.0,0.0123856212146978,0.0132344143729461,fault4
1.749770977558103,-0.1812269883380482,1.1369250296525657,32.474194531953614,70.0,0.0138199979047832,0.0120165730334028,fault4
0.8718410347826144,-0.1939260484973267,1.072873151467866,34.08248755320927,70.0,0.0119187521439723,0.0186752216426196,fault4
1.623373448204954,-0.1372897266651953,1.1639512153160374,33.85464649190256,70.0,0.0171870860394066,0.0149789081734145,fault4
2.105896240054536,-0.1615044014919375,1.0773546413690245,31.456846193390607,70.0,0.0158181969453126,0.0154353731901942,fault4
1.0703562237681143,-0.2385626415618235,1.1485089930382049,32.279588846443026,70.0,0.0155560516972555,0.0126526032734561,fault4
2.040969949765199,-0.1741719056418791,1.0808661899117826,31.693167108764005,71.0,0.012431576697466,0.0149742066331426,fault4
0.8813727052807104,-0.147463847183096,1.182806252018027,32.84386571212803,71.0,0.0149401159258929,0.0141561848594386,fault4
0.8359871750982447,-0.2810095983398382,1.147620689954142,31.07043264697233,71.0,0.0142155875051017,0.0128215146362635,fault4
1.9673647686972957,-0.1861270884813281,1.175343986951941,31.87718712315663,71.0,0.0131182272637152,0.0125948714713115,fault4
1.51311765959909,-0.1908263022550429,1.1489245361195923,32.27752583282715,71.0,0.0118961503121932,0.0161042654251486,fault4
2.164378438815945,-0.1685187124635142,1.1087686002951742,33.544641064430095,71.0,0.0158161194374377,0.0116189702771581,fault4
0.8290336565532666,-0.19466409886907,1.0878444073608209,33.31196437898609,71.0,0.0123813663664444,0.0144398200493979,fault4
1.7796047989806052,-0.1943116668986399,1.0518277236900329,34.12187992168028,71.0,0.0157382568651394,0.0148598403220315,fault4
0.8981919558935333,-0.1885965925339709,1.0654234867779775,32.676721939057614,71.0,0.0148127026521619,0.0191177903958117,fault4
1.8621343885575663,-0.2540129199032961,1.1163005387643072,33.22895709555139,71.0,0.0182290319065834,0.0122985935659334,fault4
2.0325799666180817,-0.2031118933953002,1.153510991141516,32.79587543405462,71.0,0.0127179280670282,0.0136299633297333,fault4
1.0711844305857323,-0.1872655063552798,1.1871092600766942,34.32261252826033,71.0,0.0138016247783157,0.0121942670293746,fault4
1.2707827792500346,-0.1409387135534774,1.1045186154249966,33.89784514626493,71.0,0.0115106284969945,0.0153618200632473,fault4
1.9098905132031032,-0.1203408641390821,1.133308630153332,31.920849028887503,71.0,0.0165127514699944,0.0118386866528877,fault4
0.8496095482095841,-0.1845688366153081,1.0954513939138315,33.94757383312953,71.0,0.0108207033451664,0.0131663644617894,fault4
1.7613403186587766,-0.17157754708981,1.061073639938232,32.110344438445146,71.0,0.0126275581276569,0.0131728266353645,fault4
2.150010807247542,-0.1934659459981177,1.142785632237323,33.14471872455076,70.0,0.0125495695825991,0.011099105621332,fault4
1.6363505463019778,-0.1063609132042128,1.0902323556462783,34.2687578218132,70.0,0.0111087410232105,0.0161769799147202,fault4
1.8907588681224172,0.0539433744117732,1.0640037094666024,32.03340718765893,68.0,0.0010418715364678,0.0162477931836782,fault4
2.0764241242941748,-0.1441939137024752,1.0575285912282546,31.224010900285133,69.0,,0.0117123075159075,fault4
0.8782147959520125,-0.1712401214062471,1.1298396815306848,31.961269773310114,69.0,0.012061233929956,0.017327094815258,fault4
1.5839244301149906,-0.1684800962780744,1.151236200544456,31.118237873618387,70.0,0.0155244935240115,0.0128605212084972,fault4
1.9168031279052105,-0.1117744099478372,1.0638160534472243,32.536891827653946,69.0,0.0123615227694759,0.0146465516234583,fault4
1.7389054258108312,-0.1871220010930867,1.1730619963374582,32.42758440438,70.0,0.0130541205719584,0.0125667473314443,fault4
1.863069099384323,-0.1967439773114198,1.1591905409909269,30.253876926291603,70.0,0.0121178603001171,0.0173619612601131,fault4
0.8951198999186462,-0.1473521344871921,1.1751139223026907,30.183142890599928,70.0,0.0172249315323963,0.0117117612464395,fault4
2.072110974426101,-0.1601586197421161,1.080925059252814,30.060034261332294,70.0,0.011308747084947,0.0150729269715703,fault4
2.0840740938975992,-0.1701932086653995,1.177390320432325,33.33738810515603,70.0,0.0147118392685491,0.0110374005799241,fault4
1.8763933049083628,-0.1264623238514503,1.1956325053145045,33.72278465533048,70.0,0.0117079532482553,0.0183218818961489,fault4
2.222276162773344,0.0311391849580334,1.19774018528654,31.05878977082886,70.0,0.0185209639483766,0.0116981300510997,fault4
1.338713284221155,-0.2060586257413875,1.0847958759328316,31.506817124068714,70.0,0.0115583812786354,0.015873739754406,fault4
2.1869828858385114,-0.1833383386836831,1.135456761933049,34.96779340976516,70.0,0.0163799005965962,0.0116228570592376,fault4
0.8676773892356512,-0.1402837513748543,1.0911882284967045,31.47945455869772,70.0,0.0114306987703719,0.015043328280997,fault4
1.7898603657489502,-0.2076735154418935,1.16112860108477,33.79464830350479,70.0,0.0142668195628229,0.0108145230304334,fault4
1.458835978679322,-0.1810669893224112,1.1535952234329527,33.34353151011915,70.0,0.0101526850557951,0.0166900734743106,fault4
0.9239289136963578,-0.1944218619306608,1.1569955455464598,34.31631745741951,70.0,0.0159402864392596,0.013858695605589,fault4
1.646803423213523,-0.1512231011260297,1.1871856627638908,32.426429128450245,70.0,0.0130891892260591,0.012299038194764,fault4
1.9232599293730728,-0.1901953997243193,1.173344708893375,32.88036967117176,70.0,0.0120846763179978,0.0106863026743793,fault4
0.930891798398949,-0.1677921902113802,1.0521291822776424,32.79869554958864,70.0,0.0103151282668895,0.0174299210681058,fault4
1.677820007851281,-0.1608221412678782,1.1528002760925078,31.81377658175173,70.0,0.0166539513767701,0.0120207890033396,fault4
1.26245466587919,-0.1856012173448998,1.139896229826585,31.97009101984319,70.0,0.011504378719336,0.0128534521672025,fault4
2.198154854147814,-0.1621291355716847,1.1318363998062928,32.054268604683415,70.0,0.0123530667761013,0.0104997872345757,fault4
1.3548340805920482,-0.3074600989000181,1.109117292243887,34.68385834867729,70.0,0.0101207873711453,0.0164595874291525,fault4
1.838506295496629,-0.2647414033561145,1.1231504210627097,33.18439200134345,70.0,0.0159738469969812,0.0111303808095938,fault4
2.0255688060268477,-0.2295670819462128,1.128039242618524,31.342116080257192,70.0,0.0115946660272378,0.0136833183492563,fault4
0.8928055070500224,-0.1654246006690179,1.161959688284544,31.114825108531026,70.0,0.013436184002936,0.0134512263403756,fault4
1.6793648200259226,-0.1987965132100564,1.0785870090871066,34.957171890318946,70.0,0.0131275379964121,0.0139489419379698,fault4
2.2092373022928387,-0.1882394209011432,1.113096879893685,33.949974007626835,70.0,0.0129685485235719,0.0171869979889263,fault4
0.9536026430387008,-0.1614219940972746,1.0562471798899429,32.140191958348574,70.0,0.0160636339900875,0.0111377304245002,fault4
2.141388531063068,-0.2050816918745381,1.1056182376389856,34.922352834407064,70.0,0.0109007751032205,0.017405618838237,fault4
1.5674008907615369,-0.2207112667996396,1.077034225436741,34.39587289748894,70.0,0.0175053353081968,0.0120273396779417,fault4
0.99401264960893,-0.1990257246634095,1.1134075592464765,34.619798152023215,70.0,0.0128130295659007,0.0162322462414604,fault4
2.1522833116303444,-0.1385703175662269,1.0680131415461267,31.544837397812657,70.0,0.016225767547671,0.0114437271400935,fault4
1.7674575982742544,-0.1104142834301638,1.0995503762261392,31.88069577810688,70.0,0.0113008436079248,0.0217494751027517,fault4
1.854343044033421,-0.195466265175997,1.0671206866694984,32.56606701112239,70.0,0.020773185892829,0.0131831312303086,fault4
1.8994915102516647,-0.1934240799918585,1.165984247992478,33.3676743106542,70.0,0.0128147923535911,0.0141680818327399,fault4
1.0864550683793626,-0.2217089734398569,1.1374446569700696,32.65601139108418,70.0,0.0137737052202758,0.0116536142805325,fault4
1.955615305797741,-0.1350554310238441,1.185665596397207,32.33325858442348,70.0,0.0115919042796317,0.0185293917045148,fault4
1.627752305368374,-0.1092169304444425,1.083419712463521,31.613552163389684,70.0,0.0185822211485159,0.0136602842135461,fault4
1.3992390355143276,-0.1956391224213967,1.0987628739832809,34.76638529215127,70.0,0.0133588795027524,0.0138132653755045,fault4
0.8717987115752623,-0.153266581905836,1.1142847639302025,31.17064050570371,70.0,0.0129636956478091,0.0118011172015077,fault4
2.001275648293142,-0.2249018487924838,1.138762518622661,33.19610055239369,70.0,0.011655310986175,0.0146011273634371,fault4
1.2054458140137494,-0.174607334593468,1.190363378435534,33.64362820973609,70.0,0.0141884149151852,0.0152763107818915,fault4
0.8528740955242384,-0.2350160693119089,1.0609115897465409,34.43771531440599,70.0,0.0159678086295188,0.0125946624370915,fault4
1.660787668960611,-0.1603800553790953,1.0862617213793162,34.360140021254466,70.0,0.011911461521014,0.0125303863678988,fault4
2.0825257125068326,-0.201528900161265,1.0626593268650957,31.726980994285757,70.0,0.0135813291724381,0.0135654087247319,fault4
1.0716199110942866,-0.153980082726882,1.1928708658985092,31.61173238223976,70.0,0.0134078511907294,0.015491732540125,fault4
2.0298906926149582,-0.177806450182877,1.1279027120050868,34.03531967142119,70.0,0.015088103145016,0.0119867001964418,fault4
1.0418972607635826,-0.1385718482141548,1.1676171619224598,34.31389204175544,70.0,0.0128153336319482,0.0130270571189071,fault4
1.9276629569624537,-0.1044025664150942,1.1170697838957024,34.738752267512666,70.0,0.0134496757626134,0.0142557063543475,fault4
1.521441127678373,-0.161094800288062,1.059074385022679,33.26034272629046,69.0,0.0134410287688966,0.0099046978894551,fault4
0.9066955184323064,-0.1267066709586241,1.1586306485072098,32.298782960224536,69.0,0.0099410742423124,0.0179481453446527,fault4
2.084219292952515,-0.0957496840882729,1.1188701583849767,34.0626000902184,70.0,0.0166739076381564,0.013284933024599,fault4
2.0985868995584087,-0.1504501008345928,1.1147462575002005,34.976925207962324,70.0,0.0123423939763428,0.0122310489609143,fault4
0.8643030019165171,-0.1377161623363345,1.1720917060889928,34.65718078463897,70.0,0.0125398638398249,0.0110081918203181,fault4
2.015042475819141,-0.1907401672819769,1.054522638846026,32.99172278727915,70.0,0.0110204778480223,0.0170032991202106,fault4
2.1409820076233177,-0.1933636612423082,1.1029936289347817,33.55806874173957,70.0,0.0168625719899776,0.0127399720863882,fault4
1.11600565865392,-0.2180278959002386,1.163636147536599,34.27569028458467,70.0,0.0129942194284717,0.0137600717085611,fault4
2.0290249037340424,-0.1968919876784065,1.1651673903543291,34.36669428162938,70.0,0.0142915257601817,0.010677508406689,fault4
1.4479372495448024,-0.1927955470872603,1.0961468495735018,32.51594774371749,70.0,0.0108828328320055,0.0168879582836191,fault4
0.8822611776668174,-0.1328992416638305,1.1151943913946052,34.66144952399639,70.0,0.0163451526680268,0.0125944784672509,fault4
1.885935152886985,-0.1318415396593999,1.1416581720329757,33.02307963005903,70.0,0.0127443604394041,0.0143908578708929,fault4
2.102990526483472,-0.2086680329319835,1.062728073295376,34.80098760131196,70.0,0.014247218265322,0.0128113700237032,fault4
0.8935107047089632,-0.221585661947694,1.1065498063567816,34.574491529339674,70.0,0.0133496158292141,0.014484328601829,fault4
2.133373243805135,-0.1648577236093236,1.1365029319214195,34.18254325842733,70.0,0.0139034819850884,0.0126640980942514,fault4
1.487460489336491,-0.1642742035513559,1.0796989139182531,32.234385756940405,71.0,0.0004378472491242,0.0051124555751379,fault4
1.7044979914190264,-0.2003897640021419,1.1618430581410704,31.26278548233271,71.0,,0.0056471166946738,fault4
0.937617887945968,0.0438819338991646,1.167855971748667,30.87061880827801,72.0,0.0050437098871098,0.0055947621517449,fault4
2.1612133348577083,-0.1643769701588861,1.1462506765584777,31.456235189322012,72.0,0.0054756876400711,0.0043871496930773,fault4
1.0293335545542206,-0.1197660488075728,1.1305818567235382,30.53815245784595,72.0,0.0043809954537856,0.0051021851253444,fault4
0.923743488284211,-0.1133560820639004,1.0836848008223303,31.352771598363613,72.0,0.0050063384197506,0.0047088002760853,fault4
1.9658808072172247,-0.1841807203053266,1.0829043179717934,30.948459291645385,72.0,0.0046058672533729,0.0053204318271155,fault4
2.030423730472125,-0.2100044806602562,1.1604516382866654,32.257269533495204,72.0,0.005271386051372,0.0050067025769081,fault4
1.190511651304642,-0.1395684294046336,1.0945177701911082,30.6797301146584,72.0,0.0049581738638725,0.0073735288211553,fault4
2.1320402549513315,-0.3773775706120362,1.135642223331499,31.43303659217122,72.0,0.0074017059041758,0.0043626847101707,fault4
1.4796733264463255,-0.2185420048249975,1.0675512067238206,30.062023496799657,72.0,0.0047722664235277,0.0076212924088417,fault4
1.0627875210117643,-0.2164406712211382,1.1485991078685978,33.419390158996684,72.0,0.0075464298855664,0.0059249741596575,fault4
1.8663069833589452,-0.1763054979120361,1.1097356033590535,31.68499487232004,72.0,0.0058389514243085,0.0053110093418995,fault4
1.087288770919434,-0.0742061510864403,1.1207228659957291,33.05177729428208,72.0,0.0050500529893831,0.0057666520552325,fault4
1.0448259338072254,-0.2557879433651429,1.1333456100823105,30.19467367413343,72.0,0.0056027829037793,0.0068256856852267,fault4
1.5053389593957711,-0.2101800257731468,1.1421720002953129,33.624002512831545,72.0,0.0075137002140979,0.0057679066967266,fault4
1.9789325760660628,-0.2366562260959228,1.0737831930146788,32.969620995673296,72.0,0.0061006142525757,0.0057662518059619,fault4
1.0979952081106426,-0.1261819019377875,1.0835374188868363,33.910103209870286,72.0,0.0061285627322534,0.0049101697215083,fault4
2.1820824930740907,-0.1753238010660556,1.0807465461360313,31.923649398880748,72.0,0.0048557416433275,0.0045604668326738,fault4
1.517993509850426,0.0217100612258253,1.1997498769474797,33.50532444250085,72.0,0.004782167238394,0.0070700435637986,fault4
0.8839729300508153,-0.2077502107412779,1.1390194953168218,31.00512410085715,72.0,0.0069365171932953,0.0051555497550373,fault4
1.938865650107766,-0.1909023529718151,1.1778574251742355,31.883591731511338,71.0,0.0051010112316725,0.0052887867178027,fault4
1.8240420653401883,-0.1805783764162531,1.0555412092736398,32.52227947166579,72.0,0.0051150480408061,0.0062043948288666,fault4
1.1755886944763951,-0.1081702200481816,1.070256199805376,33.70708507357217,72.0,0.0057206447731337,0.0043928533415032,fault4
1.3746872202462308,-0.168072318608368,1.0776030951536757,33.87484559159371,72.0,0.0045530647040343,0.0070447477894099,fault4
1.4172089895055964,-0.2514942043213498,1.1161090839446994,33.783453056957136,72.0,0.0069212037070565,0.004912322431169,fault4
1.9264784944168944,-0.1314334381740975,1.1367686116205649,32.523087328739166,72.0,0.0051749097445154,0.0061637935069874,fault4
1.3922736097406991,-0.1719689530369035,1.0500719767097235,30.860889335295035,71.0,0.0059755176985729,0.0046780601038287,fault4
2.231484021561162,-0.1781546368792217,1.163265468820032,31.98584991350593,72.0,0.0049559052685847,0.0050608498601788,fault4
1.4645960477663622,-0.1421124183612283,1.1647592748366495,30.88324335240757,72.0,0.0051037790753277,0.0043383554394354,fault4
1.214428810138923,0.0483007157438229,1.1577028718897922,33.42540662785774,72.0,0.0046146082006346,0.0063411967400369,fault4
0.925783525102415,-0.1835167570449763,1.1517945314624942,33.596133781925865,72.0,0.006416126462267,0.0049699332332316,fault4
2.2221541470295083,-0.1914137083343031,1.1556040561951737,30.623511891058644,72.0,0.0057499630097223,0.0055819255462203,fault4
0.8701825452512916,-0.145671950151556,1.1671706500848742,33.79138728232596,72.0,0.0055570250892981,0.0045547648285205,fault4
2.113075050504416,-0.1498439629459841,1.1139693264011228,31.970250865234952,71.0,0.0047199232665548,0.0043670806491391,fault4
1.4603773090948933,-0.2408102982681416,1.0591333589754726,32.00258208471676,72.0,0.004778036818698,0.0066867937447959,fault4
0.9877156547913524,-0.2103022881137448,1.0573069937345363,30.10403146105205,72.0,0.0069479794873264,0.0050356645929322,fault4
2.098137001839278,-0.1555905807858931,1.111819964514701,32.22589746330587,72.0,0.0052083460944857,0.0074786194740435,fault4
1.0020934054689947,-0.1722334819209163,1.1289719830703382,33.233997824541106,72.0,0.0074324119078209,0.0052052783255068,fault4
1.683175860032771,-0.1630218553187103,1.1191691426783954,32.69862593956554,72.0,0.0051104343257213,0.008111347516774,fault4
2.123313820740103,-0.1654094477873077,1.1559841714166328,32.224177786677444,72.0,0.0083225135234319,0.0052106952444999,fault4
1.7131515842996397,-0.1588482568752527,1.0556341527628768,33.41247793794069,72.0,0.0050808901144809,0.0053614873757433,fault4
0.8974828774361112,-0.1914396597314823,1.1876456638174404,32.032142224681934,72.0,0.0054128573485338,0.0065098405990244,fault4
1.5321196839427946,-0.1954044480550184,1.0991793842696482,31.100280873199644,72.0,0.0068603158023027,0.0055910943303933,fault4
1.7145120347841645,-0.1795946891933811,1.1996458624606594,30.057945555243485,72.0,0.0058159664850232,0.0065920913212186,fault4
1.2738016249664526,-0.1227171723529985,1.1655920653672711,33.51114201706805,72.0,0.006758131512136,0.0055999532276656,fault4
0.908171027094814,-0.1909560392093896,1.0740664200264949,30.148364459728008,72.0,0.0053256452460999,0.0075799672948403,fault4
1.7536312782176,-0.2182192489338858,1.179325638159049,30.613315402423694,71.0,0.0074497942893948,0.0077647187008002,fault4
1.412604113012643,-0.1967865988725419,1.1567800087707123,31.42568347617753,71.0,0.0077736707634067,0.0060376335693756,fault4
2.07222526260249,-0.1734127082545547,1.090429340784407,32.61792628751263,71.0,0.005873637981622,0.0055268686967453,fault4
2.0948029651417635,-0.0974628769177559,1.1746652499915795,31.47684168442766,72.0,0.0056390664495172,0.0074601701635037,fault4
1.5802366000683314,-0.1143519259931991,1.1342141966804564,31.221419856116587,72.0,0.0078473623183617,0.0049555215623559,fault4
1.8790269269000517,-0.0739874030435623,1.0649530003432912,31.11075631414868,72.0,0.0051874465183105,0.0079251840661151,fault4
0.894167341737335,0.0275338454364357,1.1546700519264077,31.669877032729243,72.0,0.0085419194652046,0.0052766694784434,fault4
2.079367229823601,-0.1446237369053096,1.110258868462769,32.28027056502888,72.0,0.0052275681374297,0.0051367025278773,fault4
0.8586717516768042,-0.1922917475580303,1.0562625905917689,31.415763067786607,72.0,0.0053981552374142,0.0051875857227142,fault4
1.1012936385038683,-0.1410802781075722,1.1820809997467974,30.009311460952656,72.0,0.0054954754534713,0.0053138297364822,fault4
2.2394837907111413,-0.1988643541822528,1.0864519704507554,32.99043404725421,72.0,0.0054316592527339,0.0072979767127332,fault4
1.3527440907544572,-0.1930807427759055,1.0730652162783243,31.28408507254984,72.0,0.0070428530672993,0.0059051729258021,fault4
1.1054643442788654,-0.1194241065023316,1.143237724867323,33.59361144737767,72.0,0.005951651903353,0.0078407938156973,fault4
1.4071119605386575,-0.0524384278124728,1.152793130589591,30.379543837700204,69.0,0.001082540270405,0.0091249795833483,fault4
1.8981966640945989,-0.230929133341305,1.060051392968811,30.321535929119023,69.0,,0.011063853359741,fault4
1.433691277533124,-0.193399220906887,1.1071261525725342,30.01521832502252,70.0,,0.0105851428147267,fault4
0.997634434736122,-0.1655697945821066,1.19200490115846,33.992374817425016,70.0,0.01037875835062,0.0113734038849371,fault4
2.2193332502078027,-0.2161427934253399,1.082556260199815,33.18359074674614,70.0,0.0107163993052202,0.0110067022778687,fault4
1.4936658500315598,-0.2319775906533676,1.1582748082940877,31.23032935857992,70.0,0.0104279712935694,0.0082818919007719,fault4
1.0887172981901243,-0.1695846520881306,1.19237167642505,31.29460051042018,70.0,0.00812983745672,0.0103358403849941,fault4
2.1916910427628986,-0.0542283717532553,1.173351556388687,32.19592896363,70.0,0.0102201248980971,0.0087393330897587,fault4
1.1479317980137207,-0.1206974283176113,1.0565987675590751,33.472474339369484,70.0,0.0089089508844216,0.0092380940196294,fault4
2.2404328978675707,-0.1984481593548097,1.0880743007766611,30.581024002514127,70.0,0.0094999304845987,0.0146827155691291,fault4
2.2557830194225343,-0.216424674476053,1.1900482263238688,31.84249573029496,70.0,0.0141187936634096,0.0102156254497634,fault4
1.112936514489166,-0.2369120166096676,1.1178806001813606,31.2110770604801,70.0,0.0099716069352902,0.010368191488176,fault4
2.14775941459216,-0.138924469470485,1.1864313428390374,33.02962491956089,70.0,0.0104909994218542,0.0083001979622745,fault4
0.858239667901323,-0.1490442652608326,1.1506004829626986,32.46420954359356,70.0,0.0083138214568966,0.0083424451616698,fault4
1.486719001410019,-0.1182531444440417,1.0877530010869,30.350690035802955,70.0,0.0087032498943193,0.0092203325536517,fault4
2.119347846529821,-0.1541060055102461,1.0562633284742593,33.45899395812013,70.0,0.0100015484366091,0.0078115799652534,fault4
1.03840060986095,0.0695481674108887,1.0536731923920766,32.58222900288407,70.0,0.0083696894407397,0.0121834375401249,fault4
1.877048934665405,-0.1934504007160506,1.1749860405745514,32.566430192598204,70.0,0.0117160434561041,0.0087590810908214,fault4
1.9388466740015655,-0.1822076836924925,1.09768780556933,31.438817740175026,70.0,0.0086595848088574,0.0089838166795813,fault4
0.9080983520564142,-0.1792252184936349,1.0645681422306073,32.5369407064794,70.0,0.0086448341291303,0.0089380047528965,fault4
1.378333268604107,-0.1600314619977466,1.17989178136077,30.1270467047289,70.0,0.0083957910529755,0.0086106197979216,fault4
2.0670231217630244,-0.1541203952546606,1.1923168327671048,32.7059104486286,70.0,0.0082438886540039,0.0103867564626015,fault4
0.970517655804413,-0.1516834856399498,1.1879042672649769,31.57917653517375,70.0,0.0097118822087999,0.0085988956149457,fault4
2.114808245510825,-0.1847728466268761,1.1465737538711405,30.51073305284247,70.0,0.0088912866978388,0.0094806882134493,fault4
1.0789408860025071,-0.1700797869770271,1.1259245885618254,33.62011389825844,70.0,0.0091941848393937,0.0104905095289578,fault4
0.9736829839026866,-0.1759116263869195,1.1283382289445898,33.78716583773597,70.0,0.0108545916600569,0.0089278237371027,fault4
2.0646598789127952,-0.1300278737889066,1.060268343909062,31.539479800821372,70.0,0.0090676111111567,0.011165256944453,fault4
0.8502065848152411,-0.1812332446349697,1.0723681703250578,30.516383333431307,70.0,0.0117395724535596,0.0084073322545815,fault4
1.9086496193468887,-0.1852840016465059,1.146402013867869,32.72177529929612,70.0,0.0092340138263847,0.0113639804235164,fault4
2.2044903642431484,-0.271647841663084,1.1725731203851202,30.98110043392202,70.0,0.011918000593757,0.009909194323929,fault4
1.013640637682131,-0.1990506762928159,1.1244614068277023,32.537748656624075,70.0,0.0102831247664323,0.0116065890389564,fault4
1.7804962231923456,-0.1910901192261486,1.1847256477885164,31.940932729416964,70.0,0.0116423283009745,0.0111706733072233,fault4
0.9543782709730704,-0.1613928692719222,1.0623855899283896,32.12132820582763,70.0,0.0107573296649108,0.0114740544952908,fault4
2.125266138066737,-0.1721351308362493,1.1897873076037475,32.12366332917593,70.0,0.0111257899771437,0.0103002917363937,fault4
2.0882537168163102,-0.1982504282733783,1.0535020229828076,31.235945849030703,70.0,0.0099102750432373,0.0102244929353373,fault4
0.9674858769667412,0.054017917137419,1.1300510732151174,31.51591547900037,70.0,0.0099682062823457,0.0105940693438,fault4
1.4136692779220117,-0.1461426547736931,1.1541590256973169,31.928483590676613,70.0,0.0105457411172083,0.0084269162063211,fault4
1.0324854220908868,-0.1675878980224937,1.1086596013390575,31.50516815078596,70.0,0.0087598075903376,0.009585524574662,fault4
1.8285393655902773,-0.1639508748218153,1.0991695647304616,30.277916672677826,70.0,0.0098164529938482,0.0081317448468657,fault4
2.0778385026662294,-0.162873621012258,1.0857485501533988,31.455731972077658,70.0,0.0082379606829928,0.0098866790087295,fault4
1.1843459703588313,-0.1359738629967721,1.1947742909087455,32.804966870472335,70.0,0.0104059814260248,0.0084440765353208,fault4
2.0674016010338114,-0.1233242695734933,1.0676327502758878,33.85703915489688,70.0,0.008880097874105,0.0096852376315324,fault4
1.132726706554115,-0.2397304572488115,1.1039206027653854,34.03045536435565,70.0,0.0100076110977226,0.0105245793887696,fault4
1.3761941243104527,-0.213396219527422,1.118085683081964,31.053435778994043,70.0,0.0103842396244158,0.0097578132723648,fault4
1.3329807812281635,-0.1840295759805078,1.1230933437698296,31.55645231636499,70.0,0.0095221963687553,0.0104157646615578,fault4
1.9968908504249423,-0.158414408718556,1.188590488958222,34.29150649955646,70.0,0.0097634463980433,0.0076472325810302,fault4
0.9007699767750752,-0.1423916965166665,1.1039846977544023,33.73279876981273,70.0,0.0083746941793466,0.0108671775890986,fault4
1.3210459017948957,-0.1746437642201311,1.1332792404218508,34.30743987393616,70.0,0.0107065281662879,0.0086636539271981,fault4
0.8424085158642288,-0.0021284232031445,1.0845193411995293,32.98098191247123,70.0,0.0088924650238996,0.0126155332872692,fault4
2.1068527210986807,-0.2219432808244865,1.061689527890335,33.72367317801716,70.0,0.0123739165226365,0.009776048054323,fault4
1.946296464385111,-0.231339253198162,1.1509849530367795,34.3804075254006,70.0,0.0100699088907122,0.0132463651932773,fault4
1.555442002076969,-0.1928367537894997,1.1282980762743238,32.51517354575169,70.0,0.0133627570767801,0.0094987766203616,fault4
1.2316494533014783,-0.1535086784171935,1.130464623772553,33.07623259779784,70.0,0.0094801556521158,0.0094388690483464,fault4
1.6845393840635874,-0.2424462399751865,1.0841751860862094,31.932799429442607,70.0,0.0095507374006064,0.0085427049809359,fault4
0.9716210611210414,-0.193385725126283,1.1091303667973045,32.35701077191458,70.0,0.0086933790461238,0.0079763465571317,fault4
2.1445106123665005,-0.227672477821712,1.161070194150151,31.870627891263076,70.0,0.0083469150125274,0.0101561870037668,fault4
0.8577126001766305,-0.1871279033705017,1.089228544964134,31.811555455548422,70.0,0.0105126992606337,0.0078352850856081,fault4
1.6087089090056994,-0.1122151622628509,1.154241144562326,31.216563944087945,70.0,0.007574667627605,0.0117877263927912,fault4
2.08876213804981,-0.1717138358363956,1.1370403272769165,31.992466475230756,70.0,0.0113897102689923,0.0080868554741539,fault4
1.7322311737857006,-0.1262826458745347,1.09605590966984,32.105513714402115,70.0,0.0082532669632447,0.0118018474069327,fault4
0.8671902621636361,-0.1374550912165293,1.097258862685136,31.292625492346986,70.0,0.0116539988685218,0.0084977092477412,fault4
1.976253401423292,-0.2591864204877845,1.0554786447927955,33.200817848554976,70.0,0.0088353794471198,0.0099770127467095,fault4
0.9357308196418874,-0.2650680107562935,1.1586601753058836,32.76089052061069,70.0,0.0104507611161511,0.0100680646090282,fault4
2.2292989468753714,-0.1988808152092062,1.0585197621247724,31.14757438975332,70.0,0.0103057068500581,0.0090444077316369,fault4
1.0885169560061088,-0.1889795142922359,1.137066644545936,33.01022726577631,70.0,0.0092531556493563,0.010999536327851,fault4
1.5397312898123323,-0.2520198434178361,1.1941580927029525,33.57182212971907,70.0,0.0106474793031884,0.0090132405125742,fault4
0.9449974963418863,-0.218256581512489,1.159723059813161,31.20955385207789,70.0,0.010077526176223,0.0116304032020521,fault4
0.847435096425468,-0.0863808946141772,1.1650402168894796,32.7049493847843,71.0,0.0008245901654141,0.0067311874256497,fault4
2.2378159458850297,-0.2220672964636427,1.1427598380809427,31.86867201885722,71.0,,0.0066221508119069,fault4
1.0398754198572069,-0.2200977225634516,1.0547203783479584,30.58809223017296,72.0,0.0063720262250256,0.0052918972917122,fault4
1.851541152581213,-0.1965796904590182,1.151165179737273,33.24017198815831,72.0,0.0055818302313798,0.006146345016291,fault4
1.0752468312949266,-0.1989603096442451,1.1499458528728166,31.21404429353705,72.0,0.0062912200779353,0.0049683695949851,fault4
0.9016309232142397,-0.1044011349356221,1.0987392543831231,32.88865658481201,72.0,0.0051892836203416,0.0055484604514987,fault4
0.908464926056134,-0.1339143330209518,1.1059769466375613,31.015171492684324,72.0,0.0052476667649945,0.0052703608931339,fault4
0.8700228342452793,-0.1305969866721665,1.0666724953517672,33.99646002209809,72.0,0.0051710873368876,0.0046379737327534,fault4
1.272993486064646,-0.2374417112427752,1.11972594321816,33.42804075820582,72.0,0.0051839054461807,0.0068641763002682,fault4
0.9302628836503172,-0.1674060165730572,1.1259637784538132,31.672904493667748,72.0,0.0071234314691503,0.0052818755447119,fault4
2.0150369728039155,-0.1856679685694203,1.147776313264788,30.000888326144786,72.0,0.0054577186754538,0.0056321466902997,fault4
1.410113650454311,-0.2000488811122625,1.1375689993175615,32.59906475498267,72.0,0.0058476611448761,0.0052529762503829,fault4
1.2829438187005338,-0.1360428960089268,1.1433211630001916,30.434124400816447,72.0,0.0050758889599929,0.0067991567215551,fault4
2.204767202327055,-0.2087270934480429,1.179413004809972,32.26141487827255,72.0,0.0068166907427978,0.0048071288732571,fault4
2.126823322068735,-0.1232300173819933,1.068069045800036,31.606686741116388,72.0,0.0050613715316958,0.0074266250385458,fault4
1.0064755094796105,0.0552839534631197,1.1440448653588409,31.171672002366652,72.0,0.0077855389757943,0.0056259387741886,fault4
2.0446057489788045,-0.1979518309113416,1.0938933242344886,32.26196562991532,72.0,0.0056521932021686,0.0067761778696968,fault4
0.9197129862309892,-0.2087990665005415,1.122181112993595,32.03280147749341,72.0,0.0067595311425842,0.0059299143156257,fault4
2.11799495217354,-0.1008365123044517,1.1467884897424148,32.737594533000724,72.0,0.0053574248294727,0.0058337781776247,fault4
0.947944587943304,-0.1188650094233703,1.1569350049773144,33.10687268327093,72.0,0.006162707175935,0.0054219953574071,fault4
2.04435832980485,-0.1126940312917383,1.152262733449556,33.70871451463057,72.0,0.0051095928055386,0.0054792396865778,fault4
1.3568534477377914,-0.1645177422731154,1.0604483815648258,30.160556669308125,72.0,0.0054296852241504,0.0055687188937003,fault4
0.8977130451096823,-0.2076049015440522,1.172354156240515,30.78107103447607,72.0,0.0054822129795233,0.0070234509166011,fault4
2.1003116394693286,-0.2009551408131203,1.062246351071218,30.29089412210794,72.0,0.0075411186823415,0.0069172382091581,fault4
1.3181833143737098,-0.2082876118910523,1.0648110274473566,31.550899732316765,72.0,0.0069253604459775,0.0067104001279122,fault4
2.0898079564395373,-0.191000699662889,1.1804531454683478,32.77837344360746,72.0,0.0067815613708148,0.0050795373292868,fault4
1.3941808071818689,-0.1664231974694493,1.0931287887438763,31.842155650429408,72.0,0.0051747249314122,0.006154505880315,fault4
1.7380917283520485,-0.1769700330660082,1.127028332189557,30.09956700556572,72.0,0.0062485118837681,0.0053762853086392,fault4
1.453025350595633,-0.0947617343393316,1.1404033381076035,30.12044224005956,72.0,0.0056625551882658,0.0087454821600146,fault4
2.106409325148805,-0.2095810222322172,1.1503000549610487,33.14601975303471,72.0,0.0086416678638701,0.0053527078513106,fault4
1.079633839760678,-0.2235477971863018,1.1106357083655225,33.43135468428645,72.0,0.0052393329934794,0.0072419608607366,fault4
1.300420989720963,-0.1811661521572975,1.1074343802871065,33.292430059935455,72.0,0.006992643790433,0.005009690733683,fault4
1.1938432780810606,-0.1386358870074589,1.1148317790233762,32.54333397136479,72.0,0.0049161695295853,0.0071987300137817,fault4
1.625939512242182,-0.1543158773941252,1.0819840790644868,31.98721940882582,72.0,0.0070248789982607,0.0064951773349367,fault4
1.2204720660677943,-0.1535893332707966,1.145570040675088,31.508353771184375,72.0,0.0061115472151421,0.0059110929686407,fault4
1.9144650327163788,-0.1658412084684248,1.1459084028495647,32.72819314925137,71.0,0.0060197116379216,0.0057251637187978,fault4
1.0850172513317764,-0.1978987479794855,1.0679871308741329,32.60823880649395,71.0,0.0057421115418882,0.0071204651959706,fault4
1.8511432144884656,-0.1433486501792784,1.1819879801015287,31.823265052592024,72.0,0.007262761538822,0.0051367086157814,fault4
1.820039195637604,-0.1158148507256264,1.164540898319015,30.121108446776223,72.0,0.0052454928619157,0.0080358973078941,fault4
1.2448894701153304,-0.0960952851761064,1.0672290784976493,30.56921375380665,72.0,0.0076977384653181,0.0054562203850557,fault4
1.5253700713881857,-0.1562600178246906,1.1371848250351804,32.22363757437418,72.0,0.005738335309233,0.0059817493409494,fault4
2.2370625151558445,0.000982079074752,1.0982388647645338,33.432670212353706,72.0,0.0064830969414447,0.0053632502042223,fault4
0.9723736081068948,-0.2042817340148879,1.0708833436850267,33.8458326741617,72.0,0.0058982076296338,0.0053907473423698,fault4
2.1539545850882726,-0.2172770414602854,1.1566087743795954,31.26337450349869,72.0,0.0054287300962832,0.0053735703277796,fault4
0.8732879072171907,-0.2007428002149079,1.135086590338142,31.663067173623787,72.0,0.0052706492692914,0.0049122903933111,fault4
1.4166943603207736,-0.1144043049091931,1.186567374530583,30.24353525039369,72.0,0.0048592311346669,0.0070793662499579,fault4
1.8575300381870783,-0.1752537006835024,1.1026257290642538,33.146335626974135,72.0,0.0068356370641387,0.0054987620997803,fault4
1.0299936588094571,-0.111464417218516,1.108384911962938,31.668547783302117,72.0,0.0054855787750026,0.006143269901652,fault4
2.1010092497972312,0.0415324813336573,1.157240425473017,33.26844994382373,72.0,0.0062456079630675,0.0063022937934685,fault4
1.353589064184098,-0.1985977194460527,1.1157125512731196,33.62983105073547,72.0,0.0065554780419027,0.0052680044587222,fault4
0.9060304028601476,-0.1706174864795227,1.0775048441934565,30.337276690376772,72.0,0.005150716549402,0.0061230292778914,fault4
0.9135722746884716,-0.1176794106845851,1.160936596074545,31.561616944565685,72.0,0.0058156638713274,0.0043915790308485,fault4
2.0777540045267573,-0.1529230070247705,1.1035075959539928,31.52307562244546,72.0,0.0045370372687026,0.0072586789885952,fault4
1.277842606357947,-0.1172941091430374,1.0709978997636551,32.48610074561688,72.0,0.0069098665463373,0.0051526274969062,fault4
1.161946132240833,-0.15333830622953,1.1819767306017022,30.421908633227083,72.0,0.0053955625479409,0.0066405429264826,fault4
1.8256599667344096,-0.2069261585932064,1.1276645173609874,31.011148280411675,72.0,0.0067477731018119,0.0060841582582817,fault4
2.012322869298812,-0.2458981956772279,1.1394608834268256,33.915566984457286,72.0,0.0055510830857293,0.0060325962404391,fault4
0.91073856926005,-0.1862207888778796,1.0534374606294266,33.59431154150862,71.0,0.0058597793415181,0.0053690246766082,fault4
1.416250783404439,-0.2506063305530713,1.0700836837214582,32.13523852219136,72.0,0.0054172157235864,0.0061343539151553,fault4
1.3602628389911973,-0.2292517344090013,1.0794188581927242,33.014553053528765,72.0,0.0064345102156804,0.0061719368042397,fault4
2.089151773676849,-0.2136762949751116,1.13102806451009,31.777345404475557,72.0,0.0061331870481137,0.007246544425657,fault4
1.607417193032807,-0.1919790856069795,1.0781135161660604,31.120741278005585,72.0,0.0065161175414887,0.0053694869973297,fault4
1.1100207489254663,-0.1683768127077967,1.09875234834638,32.60033370270067,71.0,0.0053102221141675,0.0053513830644531,fault4
1.8120442159037595,-0.1258441708263727,1.1666875800330332,32.33392723152147,71.0,0.0050842328076564,0.0066384870799855,fault4
2.1330330500808063,-0.1374126133887054,1.1377501979415114,33.8328785469171,72.0,0.0067722832936086,0.0052466890014858,fault4
1.295579715469556,-0.0909170841040107,1.176869887258957,32.83366664928141,68.0,0.0007583789472135,0.0109504810976956,fault4
2.087050159495335,-0.1805002581635882,1.170145597052736,31.25183590864353,68.0,,0.0107287403825155,fault4
0.8389140470810409,-0.1740077801377228,1.1335845089922918,32.01981993534781,69.0,0.0109408267429163,0.008772166638522,fault4
2.1093165738757067,0.1011639731003282,1.1696306913230643,31.1329207474925,69.0,0.0089255984032091,0.0126633439860967,fault4
0.9168145221712636,-0.2581673370441867,1.1724794075636993,32.52008109114449,69.0,0.0127214620342778,0.0087692867079477,fault4
1.379101469708884,-0.1639128276369251,1.0619998220368232,33.452184062794885,69.0,0.008437784627041,0.0128703759079231,fault4
1.7217323754073983,-0.1956659555920796,1.053938918166719,32.85663561986473,70.0,0.0126742183306086,0.0087883200928633,fault4
1.5737413580306194,-0.1744019126924453,1.0896296096527798,31.786475409148867,70.0,0.0090917094550096,0.0128928126139086,fault4
0.8596450051999557,-0.1922216933732722,1.0801297796583929,30.923235949037544,70.0,0.0136892339381169,0.0092063764704009,fault4
1.397634456809517,-0.1633765528690262,1.1307846667079011,33.97752562745417,70.0,0.0098034530890213,0.0140107937569889,fault4
1.4840110150820698,0.0145046811337325,1.1525616273095618,33.86528406365277,70.0,0.0143878145688606,0.0103747583266348,fault4
1.332938676400517,-0.2488426798508752,1.0758884376313158,30.33410379264604,70.0,0.0108043248720015,0.0148183198243779,fault4
2.020235102400667,-0.2292038775824466,1.0506939644726905,34.45367245476324,70.0,0.0140349386412459,0.0094699203880681,fault4
2.1674001653412205,-0.1691143366593407,1.0789847535921626,32.229245375891445,70.0,0.0097265622019278,0.011999867494532,fault4
1.173133273759284,-0.1275468779056591,1.061979332630881,31.05287991409705,70.0,0.0119572482676922,0.009713901500945,fault4
0.9335749259813404,-0.1389285966831146,1.0592171969213868,33.70403779396931,70.0,0.0092396555576007,0.0102107944730846,fault4
2.12456099218846,-0.166772097444421,1.1221276330772694,32.880047023582456,70.0,0.0104965756938374,0.0088277840836384,fault4
1.3980181420443674,-0.196875762277453,1.0568011876001904,34.29312410357737,70.0,0.0087807260524759,0.0112269875630124,fault4
1.562206663232955,-0.2091090379424582,1.0914026911197017,32.72818491921068,70.0,0.0108295969434548,0.0086429606560015,fault4
1.185057268177162,-0.1820475199225241,1.143969892497208,34.31045648407688,70.0,0.0084018041562161,0.0093193313330103,fault4
1.0263348452099352,-0.1587645732181945,1.185807844640661,32.10399675276934,70.0,0.0100051200987665,0.0082100940511121,fault4
1.4358351257451454,-0.2156877464736848,1.1692262750855924,31.7923706970905,70.0,0.0083179333070075,0.0108882699358224,fault4
1.297483279821583,-0.180279023926235,1.1847313524570142,33.13979744044543,70.0,0.0104885570247861,0.0085962037091591,fault4
2.18470548901304,-0.19439329379973,1.1551772961630449,33.46213562034759,69.0,0.0084494499679721,0.010442500736621,fault4
2.225805799273806,-0.2035187561669465,1.1849162746958852,31.56019533821311,69.0,0.0106295789445381,0.0100940980448044,fault4
1.0878211567808884,-0.1421502885517949,1.0953147423149752,33.84701620369432,70.0,0.0093449699228722,0.0092708964499207,fault4
1.2521783964618225,-0.1195383078525184,1.1314926198862802,33.530041983526594,70.0,0.0097604206660611,0.0094684019910313,fault4
1.6503368721594798,-0.1593395064465755,1.153508145763598,32.763108311632514,70.0,0.0091317948058676,0.010282969413399,fault4
1.1632313427430452,-0.2258282418948201,1.050841372160776,31.36678761564363,70.0,0.009478661914036,0.0089861096617975,fault4
2.1173038112811997,-0.1603439189156475,1.1051408315817253,34.86730398305281,70.0,0.0087700448266661,0.0101024212936217,fault4
1.3067033406596955,-0.200363075571195,1.063552885474884,31.25930247568231,70.0,0.0101915608708853,0.008266638652046,fault4
0.9046397805482916,-0.1920490310553944,1.1622671581604544,31.650357902836976,70.0,0.0084500299878905,0.0089585566111226,fault4
0.8241875080192905,-0.196112288714523,1.148504576643825,31.873249351658025,70.0,0.0083516950864273,0.0091930247471889,fault4
2.013021700736948,-0.1563055094558965,1.0933028997381016,33.82989588744215,69.0,0.0091611547918081,0.0100777307462239,fault4
1.68295776188087,-0.2021895753741261,1.1474914650000598,34.830693917505215,69.0,0.010338183066514,0.0131220697098446,fault4
0.878693850898037,-0.1638097456057771,1.1264081516378015,34.75438208350009,70.0,0.0133477160023587,0.0095586340809199,fault4
0.920657300359982,-0.2189953417412676,1.071398091110196,33.87333157034719,70.0,0.0099810133915639,0.0118761346992011,fault4
1.8182302014632328,-0.2099910144930014,1.1986310157942333,31.527717748810577,70.0,0.0118149641078947,0.0091553263835313,fault4
0.9945356066395696,-0.175274624866544,1.1225117729546668,34.04034222586989,70.0,0.0094686719234837,0.011058456543199,fault4
2.184423017505754,-0.1409366530662101,1.184726077604176,32.730085824244554,69.0,0.0111184058057917,0.0089099664920747,fault4
1.47406874281374,-0.0437093437455249,1.0853817455413928,34.56305713824623,69.0,0.0088685878944767,0.0121065304206696,fault4
2.1167661126410358,-0.2303251944125177,1.0762962055068748,33.52852888458396,69.0,0.0113417358248593,0.0090285016035876,fault4
0.9270463211566304,-0.1720630100959631,1.0803259219983905,33.16973964651821,69.0,0.0082891585266709,0.0131903193811821,fault4
2.168671356199129,-0.1539650904180176,1.1577705889332632,34.63188443835794,69.0,0.0123862239109239,0.0089283002376519,fault4
0.9185561205397912,-0.1422922890509238,1.154634795908159,31.331869497990915,69.0,0.0086919666672056,0.0127873008031734,fault4
1.6254165881253613,-0.1806027637324724,1.1769055194355051,33.63933827426512,69.0,0.0125092107193689,0.0088978817424303,fault4
2.197067699598149,-0.2005071071780685,1.1317793489238683,31.247971852438603,69.0,0.0091824731845221,0.0149904451227018,fault4
0.8799507692406864,-0.2247993067576593,1.1418082771338849,31.51720626413221,69.0,0.0139784385210955,0.0097872629466405,fault4
2.147077711696778,-0.1664049402594775,1.0732917363531616,31.68135651493536,69.0,0.010315791629826,0.0135792539573481,fault4
1.058060330494495,-0.2220552716657153,1.1835583226347064,34.84434692239937,69.0,0.0135477649488137,0.0095113043712071,fault4
1.6715188879270186,-0.2046978926790018,1.18996661735417,31.14096889505808,69.0,0.0102703592680729,0.012205626630865,fault4
1.805275680061899,-0.2301180984673748,1.1049520756909512,33.778113847845034,69.0,0.0118260148228057,0.0088212057713994,fault4
0.8545303573132089,-0.2137363677134071,1.0890807340877326,33.95278798120022,69.0,0.009117086122498,0.0112328612145401,fault4
1.922537941140048,-0.2648401157938956,1.1048948514895929,34.582882852798974,69.0,0.0114301731254925,0.0082868361725474,fault4
1.339682897660092,-0.2226631401749364,1.114477206837522,33.656020295724296,69.0,0.0081772208649277,0.0106895182245061,fault4
0.9364049841414832,-0.2514897179339578,1.1892504469972325,33.20524230467127,69.0,0.0105998886364637,0.0081863284506395,fault4
1.644674827493071,-0.0905871275762782,1.0940863722648675,31.46396016386197,69.0,0.0077597901911658,0.0095165487993354,fault4
0.8746396098805468,-0.1372449672844924,1.1340531211446516,32.508711932287575,69.0,0.0103194763439374,0.0078320098006627,fault4
1.452222605086034,-0.1531361341212657,1.1580623430132846,34.448084134428065,69.0,0.0083007706926696,0.0101334878524849,fault4
1.8681683559281743,-0.21853846614766,1.099765845535881,31.98749018925836,69.0,0.0098326174859956,0.0085591343115779,fault4
0.965941469393285,0.0339094745473011,1.1124455540554006,32.159894397265134,69.0,0.0089024094232181,0.0107386045047328,fault4
1.939113581269379,-0.2138764688306099,1.1630938691478443,32.36674130032253,69.0,0.0107052151449652,0.0083109286105435,fault4
1.191826906951157,-0.2008963107872664,1.1706507800561017,31.920871620606064,69.0,0.0083066463622111,0.010243370735381,fault4
1.793125177233818,-0.2013262511719361,1.085116445963915,33.31518615251596,69.0,0.0109778672815345,0.0085668783945645,fault4
1.4817332627623994,-0.1384778618630395,1.1412082806644166,32.820551430313,69.0,0.0086047960176187,0.0118152172900607,fault4
1.1444634349042253,-0.0448504717768935,1.190266158724445,30.87316605509469,69.0,0.0009708144907961,0.0147218938158098,fault4
1.2364093715872293,-0.2072989625004609,1.170572434684194,31.019801438386107,70.0,,0.0123818650319652,fault4
1.4926030412460467,-0.2213885543784711,1.107305248809798,31.044560968988478,70.0,0.0112710935714656,0.0170832608584053,fault4
1.9446978218306192,-0.1063403304989295,1.0681891984401752,32.178868559860526,71.0,0.0174562380368714,0.0115249172846513,fault4
1.7878037028764815,-0.1547835115017918,1.146823626106655,30.53670508982266,71.0,0.0118160582179237,0.015450460256503,fault4
0.8968583238020654,-0.1002649541314188,1.1496626781418366,32.81553984219261,71.0,0.0158486352834836,0.0133371121772683,fault4
1.8779809170242152,-0.1378823487006318,1.0887345321123492,33.22122279341187,71.0,0.0130334898242081,0.0150007716851633,fault4
1.6896654916110183,-0.1170015406734181,1.148861780713862,33.18355556653513,71.0,0.0136960968635351,0.0113422578654871,fault4
1.126170442697748,-0.2214968890627912,1.056665606252644,31.95233975342068,71.0,0.0112152320789514,0.0157286634690007,fault4
0.8540860773922755,-0.163809743829855,1.065429537441286,32.403917046559584,71.0,0.0152990988528982,0.0147172446201834,fault4
2.030759960203705,-0.2147026759540457,1.1935227474591332,34.999557362995006,71.0,0.0141067107479913,0.0129337843326643,fault4
1.1023366225950872,-0.1598357837985966,1.116681486829632,34.66196084323346,71.0,0.0130079316015142,0.0116081888377987,fault4
1.1317208299343602,-0.1869838654145629,1.059782903426243,33.99937929135324,71.0,0.0114765693417746,0.013199183846861,fault4
2.100446033612075,-0.1598910288954668,1.1711567860714789,34.94982238528101,71.0,0.012670461986767,0.0150847800913078,fault4
0.9468911974335226,-0.1280833304128764,1.0589390147295703,31.087783769551358,71.0,0.0138791953695478,0.0155242568887892,fault4
1.1180443629362935,-0.1895583165066228,1.0957337492945012,31.446618753842312,71.0,0.0143380019146519,0.0128082896371295,fault4
1.7754453613428482,-0.1657539034972512,1.183193794442488,31.98745297108476,71.0,0.0117315104654217,0.0143198885448927,fault4
2.0556708652394304,-0.1501829884742377,1.072633888187646,34.71696302015506,71.0,0.0141287154428572,0.0102561498220066,fault4
1.803247754664712,-0.1220927443174224,1.161931086826787,32.27146360835751,71.0,0.010230812830343,0.0156596583285725,fault4
1.0438251834501326,-0.1557266362273576,1.1074866338083549,33.1881658268827,71.0,0.0167301667484089,0.0127548237495026,fault4
2.174639889797674,-0.1226643902073373,1.1659654572494518,33.23299851579792,71.0,0.0127908841019967,0.0146217791601864,fault4
1.2385861796328612,-0.22173879680473,1.0941236412593287,31.170360663991616,71.0,0.0140773510495321,0.0106186001038265,fault4
0.975185231490748,-0.178156408054834,1.1692350861896974,31.7741052541537,71.0,0.0111766176871616,0.0158160758635117,fault4
2.103241145548561,-0.1833980025619306,1.1564471365016618,33.738589421260585,71.0,0.0157271097544448,0.0138960209907707,fault4
1.0183355001915664,-0.1656983857553533,1.0717254710662731,34.18182961718189,71.0,0.0132381302840953,0.0142177920900284,fault4
0.8936769391977607,-0.1414471217523631,1.0930583430243368,34.433182585453366,70.0,0.013881389290955,0.0123927568576821,fault4
0.975306153001641,-0.1608198154866919,1.0783734773217046,31.43947236976825,71.0,0.0119056778904612,0.0142499647983088,fault4
1.1371183476794169,-0.1752875279425509,1.199700513615892,31.092918727597983,71.0,0.0134716217942334,0.0159591900910169,fault4
2.121304215489363,-0.1530125075210498,1.1329019900918895,31.80237866651227,71.0,0.0144888282525997,0.0111804390697904,fault4
1.9053300399778488,-0.1692114065964526,1.0865356497709575,31.25653962736554,71.0,0.0109174698507896,0.0149487010084708,fault4
2.124795107372745,-0.1499422878094262,1.0694615322178818,32.24349753781197,71.0,0.0144465712951042,0.0122783749609114,fault4
0.8465018997035986,0.067423701503744,1.056213918561502,34.104940553030765,71.0,0.0114952912797682,0.0121209829032465,fault4
1.0603942661785286,-0.1738735497742261,1.0814353532186658,32.45422286545446,71.0,0.0115182533380512,0.015300918824462,fault4
2.0531029670112235,-0.1454984659789571,1.0644942248116724,34.13643577837988,71.0,0.0141545173562485,0.0144445814801578,fault4
1.7754508686288928,-0.161264955278385,1.068149008539687,31.32387420149613,70.0,0.0141910050374968,0.0139775977149238,fault4
1.6409963534982752,-0.0101201975151172,1.1248459001116102,33.38241350430426,71.0,0.0132038811543027,0.0143812751789892,fault4
1.7242104330794632,-0.1795279424008489,1.1782868879151809,32.24524707902491,71.0,0.0139976299436287,0.0136308858062207,fault4
2.076896126070056,-0.1821993552485886,1.1069187593519665,33.76524005723018,71.0,0.0131604851625335,0.0112987521894099,fault4
1.1304291988861166,-0.1741791785904576,1.1694867471551147,33.402317494634204,71.0,0.0108605331064182,0.0146341059754953,fault4
2.1873926464605447,-0.1798598385538785,1.1255596308624105,34.75113073964826,70.0,0.0143216266949495,0.0142519143135943,fault4
2.1051514686358885,-0.1369605817657739,1.1533188090096256,34.31213981326434,71.0,0.0128360251615966,0.0117575523926201,fault4
1.0024056057689326,-0.1806179125239943,1.096301847462821,33.55015731634538,71.0,0.0118763262614466,0.0186724063905306,fault4
2.0649461845996275,-0.1682462582119801,1.1209257561524963,31.561088111887702,71.0,0.0182415009589914,0.0102132305212652,fault4
1.654775363940418,-0.1786976844927088,1.0958848191455797,31.913078861638493,71.0,0.0103484822282826,0.0143289888167455,fault4
0.8658113207049907,-0.1830971847436658,1.172999390797536,31.561282383792424,71.0,0.0141900594632593,0.011087684929062,fault4
1.7622331537922844,-0.1135738676985921,1.074187915868521,34.159628104563495,71.0,0.0116538777556811,0.0171536881968346,fault4
1.8337906071729435,-0.1443547778911889,1.1641840633855915,32.109472797642006,71.0,0.0170895506377656,0.0108567870126101,fault4
0.8680748722903312,-0.202410107404481,1.1710380232508053,34.685474449417086,71.0,0.0109102769213204,0.0153375901367706,fault4
1.943226084057565,-0.1739924736234917,1.121792429766297,33.76791061770211,71.0,0.01567770903375,0.0130318437419908,fault4
1.269769466204921,-0.1696382089333374,1.1437397138058347,34.40936094131062,71.0,0.0132386364563397,0.0145728255206395,fault4
1.5280082133209285,-0.1254883524619065,1.1526268459702422,34.0416769740248,70.0,0.014549654315124,0.0115447611316623,fault4
2.13546429752744,-0.1898168186584882,1.153539764268827,32.00956311477444,71.0,0.0117156059283456,0.0141948466689755,fault4
0.8648458866117938,-0.2080115114908295,1.1584758865086884,34.7169922304939,71.0,0.0139273786546785,0.0124008970119994,fault4
0.9735190943082156,-0.2147524746305359,1.1331640639520515,32.39130424184672,71.0,0.0116218977762768,0.0138707036259305,fault4
1.415160532294924,-0.1592642171963807,1.0944631092432522,32.36220201601407,71.0,0.0133720194881831,0.0109957404100405,fault4
2.092034101690836,-0.1666460753087554,1.108146695440429,32.08126088325974,70.0,0.0103429422868075,0.0106522220576237,fault4
2.185992778467335,-0.1820525269091092,1.0924604193088727,33.84829228137403,71.0,0.0109210327721145,0.0170235638699665,fault4
1.0048926452686229,-0.1785712002313599,1.105904695804799,32.359829684264035,71.0,0.0147802748709517,0.0126329994638502,fault4
0.9467590966927444,-0.0355975908379317,1.1127474401399975,32.16245195526237,69.0,0.0011317243255518,0.0209070120870408,fault4
2.0839276798516355,-0.1001179360044168,1.065696935609207,33.61904780324154,69.0,,0.0114812416683522,fault4
1.3926436227190382,-0.0474963253399457,1.1631688802474545,30.20229741263359,70.0,0.0122399661143514,0.0168267862801306,fault4
0.8829752970395096,-0.1808309824617925,1.1224522703258193,30.688338602358314,70.0,0.0156984179025281,0.012395874577623,fault4
1.6605475139062589,-0.2341960407895337,1.098703891950178,33.392102971047066,70.0,0.0129284628959499,0.0158970435660587,fault4
2.033442717218509,-0.1878222367460824,1.101277253170187,30.247350387004367,70.0,0.0150450770701154,0.0116095543520254,fault4
2.055051536949037,-0.2132401134654817,1.0780018938658975,30.02919989513348,70.0,0.0116376854407015,0.0159697906459269,fault4
0.854029247204607,-0.1467629346373882,1.1898063499264675,33.20758428034778,70.0,0.0149034372651777,0.013278804528868,fault4
2.204894309263345,-0.1418118911910184,1.0589929811856402,32.293637476267115,70.0,0.0130485727239256,0.0140635103120941,fault4
1.5381543961430004,-0.1857519240587462,1.1916663374899177,31.09841165439376,70.0,0.0136453991493422,0.0120527933333116,fault4
1.144166165259728,-0.1775505928476157,1.141590963878629,31.282931438216902,70.0,0.0121443656378285,0.0160845534837087,fault4
1.5248038368618015,-0.1433471345921605,1.1767697894753293,30.08085529595787,70.0,0.0150000904060304,0.0140631841473634,fault4
2.115215401845326,-0.0870720254188591,1.075700264537666,30.529860303799445,70.0,0.0140162605963996,0.0125706861343275,fault4
0.9275148907022868,-0.1813160025248348,1.1659855663648506,32.38589925092574,70.0,0.0130013303216569,0.0123575013259245,fault4
1.6668016645825976,-0.2306329219958206,1.096047743735284,32.86077565122189,70.0,0.0119781707107454,0.0152852730381369,fault4
1.1540404306976062,0.1047309959984321,1.1926056812992796,33.33166159807821,70.0,0.0153090083712171,0.0148272153809917,fault4
2.217305509592979,-0.1918199640496915,1.14094339857363,33.55213843213139,70.0,0.0148932954962044,0.0144300044172651,fault4
0.9088847922983404,-0.1908155398982133,1.171586354945874,30.283450000791987,70.0,0.0137955328750532,0.0129325313479112,fault4
1.4881030585228594,-0.2063030441641893,1.0694932822233516,31.72099094823118,70.0,0.0124956660675698,0.0184999568405497,fault4
0.8648918029242194,-0.1117861672507586,1.0959478580974489,31.96058985055525,70.0,0.0181865873984083,0.01158948765905,fault4
1.7918826832165191,-0.1937104355678901,1.080514860825731,33.525623905953815,70.0,0.0123425181521188,0.0132447593364648,fault4
0.8694252475544181,-0.1091459375997795,1.1874335238838016,31.2693971277203,70.0,0.0135967974512983,0.0130257483761238,fault4
1.8787917020774323,-0.1561669478674799,1.1094838868629624,33.93364929587127,70.0,0.0124712374828045,0.0114931670906197,fault4
0.855179648081679,-0.1720011369914871,1.1136042341015429,33.00295552898378,70.0,0.0117217390538495,0.0137469834274641,fault4
1.9567654681357336,-0.092557992134403,1.0700019697424883,31.69690002581882,70.0,0.014065725854134,0.016442345533919,fault4
1.4525873227650994,-0.1219341894907214,1.1991043531076278,32.063657062751524,70.0,0.0167085939803611,0.0142937943322936,fault4
0.8463516604363477,-0.1452056881163811,1.114825102200698,34.2768565097362,70.0,0.0137816770563942,0.0121444096328203,fault4
1.7329753398597671,-0.2267029089734953,1.1239773214401916,33.04736842609417,70.0,0.0127710890841965,0.0149715272104776,fault4
1.2408879101632797,-0.1774479746282347,1.1394031147175046,34.49925688155864,70.0,0.0139250779087803,0.0148267035353793,fault4
0.8891961614133714,-0.1909665455196549,1.138123556340236,32.215984659926924,70.0,0.0148727849449763,0.0144878528642042,fault4
1.2467066816550525,-0.1665403679274237,1.151284634901414,31.870963205868826,70.0,0.0142051356529605,0.0127072612458611,fault4
2.082720992248948,-0.1863696164052911,1.1417378581067863,33.743066008625,70.0,0.0144490709672096,0.015609637870665,fault4
1.1418641001343397,-0.125850832993141,1.0678222109022386,31.90890094762573,70.0,0.0156521442105541,0.013841807015437,fault4
2.142431137873585,-0.1117036097965442,1.1534153299551395,33.7259249386922,70.0,0.0129908777881704,0.0130858634505512,fault4
0.8806227697298655,-0.1896001916234518,1.1788626607200514,31.230332887400404,70.0,0.0133334901944011,0.0139449480084407,fault4
2.2475384554551314,-0.1724772577102518,1.07151763257292,31.057545913721743,70.0,0.0141066575639912,0.0173858638198665,fault4
1.0005439878190343,-0.1516859872825977,1.1710819798644694,33.35047523374139,70.0,0.0160247840347805,0.0136185829215658,fault4
0.8972197686434612,-0.1414166447917672,1.1129881127837693,34.14086595515443,70.0,0.0140375345701617,0.0133469127899338,fault4
1.4794774238453237,-0.1464881193323384,1.1733725532091055,31.483595796547256,70.0,0.0124609212011165,0.014106013634953,fault4
0.8977816676637111,-0.1859129686568869,1.166490799875071,32.97852278244398,70.0,0.0139470050531228,0.0174113646055267,fault4
1.4137213923886358,-0.0810235633104517,1.1556049164781357,32.39718849728643,70.0,0.0159695699690006,0.0174310055024187,fault4
0.9152107834441888,-0.1991401162089472,1.1334078276718609,33.06709621218414,70.0,0.0184795563020644,0.0180564020970566,fault4
1.3947174961108595,-0.1384980257710488,1.130898158578875,32.60476134391066,69.0,0.0163785503404918,0.0161453465616947,fault4
1.8628595518286943,-0.1641120470151291,1.19970288784875,34.28390425749145,70.0,0.0149602369977699,0.0135524319165683,fault4
2.171293049360603,-0.1596316336233791,1.1364525628421889,33.584076048992394,70.0,0.0132572309782357,0.01313203974195,fault4
1.228111842595488,-0.1808943076122896,1.055966032513381,33.880834720485,70.0,0.0127986991258193,0.014592349855702,fault4
1.2510839973467414,-0.2330202552845046,1.1040954369167113,33.799923100733395,70.0,0.0151114699721926,0.0131402687308451,fault4
2.068930584307977,-0.1976810339383053,1.188043154242866,32.97530148503282,70.0,0.0136874330445568,0.0133984308305972,fault4
0.8621632673497849,-0.1588203753472295,1.1209978665504008,34.5518580554022,70.0,0.0127931124535926,0.0136105088010546,fault4
1.0057875200269963,-0.1386102570546548,1.1429090237599708,32.42945120347212,70.0,0.0132400722178391,0.0141432924364167,fault4
2.073570805553178,-0.1835936816747436,1.1529640567477637,31.24750618364049,70.0,0.0139908543216269,0.0129388368158422,fault4
1.6346873941276931,-0.1655924234164842,1.098536472958614,34.81527328818428,70.0,0.0120506579154416,0.0153435896342745,fault4
1.0262931423146775,-0.201631769560831,1.1375092752157727,32.960820299512434,70.0,0.0155997018467501,0.0142114569666404,fault4
2.0649331798647586,-0.2607066623454923,1.1805471281971844,31.771030840320535,70.0,0.0142973823454149,0.0163508250854564,fault4
0.8854764158181053,-0.1472135464753218,1.081430814485004,34.801922539086576,70.0,0.0173092859987244,0.0246954431517356,fault4
2.114763216066071,-0.2162186811123344,1.064065851536868,34.25272458225119,70.0,0.0222909785645587,0.0149635320392195,fault4
0.9434337764172182,-0.1998155948904965,1.1183737400862428,32.00834345142332,70.0,0.0150124767278193,0.013553083058226,fault4
0.875759911952583,-0.171100203655875,1.135650812939126,34.03690230107025,70.0,0.0142346635037864,0.0155284420450752,fault4
1.2985522335228594,-0.2395330186341977,1.1426404572225226,34.42217383782732,70.0,0.0150358662728482,0.0121692369723312,fault4
0.9450589661559828,-0.1866040291067668,1.0525319181648416,32.93907450851217,70.0,0.0118029603948052,0.0167367348450136,fault4
1.458849322318288,0.0222578019555275,1.105642153588575,31.72747547649461,70.0,0.0156724981456893,0.0135567923496982,fault4
1.9618871418025483,-0.1622171608492407,1.121493616407321,33.602125860029,70.0,0.012680629066938,0.0134492107105044,fault4
1.0860822345513403,-0.1902395585259952,1.0922960093573273,31.68454634460622,70.0,0.0126087759453277,0.0116700579929672,fault4
0.8940463493453465,-0.2095820359003711,1.141911725959333,34.685330777631506,70.0,0.0109525135419405,0.0167927918787422,fault4
1.269963148919112,-0.1760287995651785,1.1086942871720886,31.89166817451333,70.0,0.0163885863313574,0.0121185889931793,fault4
2.1431185468103062,-0.1495937858671183,1.169695029844282,34.617076141391266,70.0,0.0119385985160573,0.0143480123219493,fault4
1.602342112776658,-0.1515170038053578,1.0568277498180212,33.475952699968865,70.0,0.0139461114324072,0.0134689214547025,fault4
1.823304488288779,-0.2585770672289285,1.103743152726724,31.451887250387067,69.0,0.000789787662636,0.0144619255638838,fault4
1.139600902001198,-0.1793394454439855,1.0532144811213724,33.4043917877325,70.0,,0.0105162317572996,fault4
2.1537481822627043,-0.1752737872804104,1.0528649777278434,31.15429912318491,70.0,0.0105368516163712,0.0108234620722533,fault4
0.8726147733266592,-0.1766300598662356,1.1646715509963896,31.14978221941693,70.0,0.0111623890463788,0.0137317583735196,fault4
2.189694041796639,-0.1372397464998041,1.1811006651759028,34.729565656565455,70.0,0.0136126843466348,0.0122537186214099,fault4
0.8900683856541589,-0.1572885816418278,1.198342869453579,34.019300244602576,71.0,0.0120277783945446,0.0105842522103327,fault4
1.9204647696027932,-0.1755118813741961,1.1305426074978877,31.63210368318548,71.0,0.0109686066230628,0.0107663003333989,fault4
1.8810245579964608,-0.3062185220651379,1.198534385061418,33.87530372580171,71.0,0.0110285177970577,0.0162826803816106,fault4
1.3699411463978763,-0.1711664325140164,1.1827349460637866,31.752096819434534,71.0,0.0161084383317725,0.0110191253234809,fault4
2.119216626810978,-0.1990412658365468,1.1382175978182472,33.52905983645801,71.0,0.0112385338583027,0.0119528328451755,fault4
0.8754815952107953,-0.2664696676778152,1.1607862418512958,32.05168398411482,71.0,0.0116498773557986,0.0116902166161316,fault4
0.8631221246960881,-0.1719439433743393,1.1192980585871528,31.69874412476849,71.0,0.0119997657066927,0.0111391743458243,fault4
2.204751725396888,-0.1510294985911933,1.1076335821627137,34.584191324095315,71.0,0.0117347051811941,0.0132737926926772,fault4
0.8802826980161172,-0.1552993941849638,1.153763258589964,33.46666863282616,71.0,0.0124008860806285,0.0106122095615113,fault4
1.4077454609103954,-0.2850618116389672,1.067316080914879,33.49878946969399,71.0,0.0107460258713261,0.0131330208956067,fault4
0.9374834252114366,-0.209720489440216,1.1957555249993983,32.79401644377927,71.0,0.0128317608571283,0.0115829908119602,fault4
1.8261513136240344,-0.166162568419077,1.1328693973024424,31.90095665511263,71.0,0.010861733532283,0.0153658092607097,fault4
0.9227212346708108,-0.1644162237309495,1.1341398364077726,33.47072041850582,70.0,0.0140590028057103,0.0143743928029631,fault4
0.8915261126773881,-0.1922902411594473,1.0605204059136666,33.61528244226843,71.0,0.0138888399168992,0.0114761610487232,fault4
1.741402157746393,-0.201562676356493,1.1987782226751973,31.552606750242617,71.0,0.0117183453146646,0.0120209538028467,fault4
2.072854529902673,0.0,1.1068096349320184,31.25516580721616,71.0,0.0121286769532031,0.011115429030035,fault4
0.9113286417158266,-0.1866508873556238,1.180077541023928,34.577221637082594,71.0,0.0117906594403482,0.0119277847572874,fault4
1.0650179458192004,-0.1832600651339171,1.1190246733145126,32.65346518531427,71.0,0.0113562369716841,0.0148981999252529,fault4
2.0367458747002347,-0.1785406863191377,1.051976533450898,33.27171692247711,71.0,0.0155200714592789,0.0112213044300726,fault4
1.7875799019434402,-0.1633163288738678,1.1584993568899216,32.97501103368177,71.0,0.0108663480920465,0.0130162563185334,fault4
0.9517625744522212,-0.1510161481464285,1.0597468817085107,32.60609610168876,71.0,0.0123585514491694,0.0111603834677392,fault4
1.0865423825939489,-0.1903423408923496,1.0908752629055058,34.42946656661249,71.0,0.0112548769952719,0.0169967363384044,fault4
0.8702745748744225,-0.2019338061847121,1.0705619408792617,33.609014935509244,71.0,0.0174513122170016,0.0107623846624961,fault4
0.9186577340879314,-0.1853469085648891,1.1415338338734604,31.596414024960826,71.0,0.0106790364363918,0.0145818252100889,fault4
2.0172228925512825,-0.1274489653804983,1.1161641376992644,33.19238661408899,71.0,0.0133062550569869,0.0114907223360447,fault4
1.2591058579997654,-0.1463117119194213,1.0567656986625098,32.55490987620424,71.0,0.011822082984754,0.0136337990269841,fault4
2.180995007063322,-0.141985526192936,1.1695925685848574,34.046618376193805,71.0,0.0138794901148568,0.0108504939222615,fault4
1.1107530814361477,-0.1790446572522437,1.0600897036160128,31.06272551491958,71.0,0.0109754838875128,0.0121923381493166,fault4
1.8013624169131897,0.0091447647959984,1.092762973747977,31.168524631426877,71.0,0.0120182590269342,0.01348272467615,fault4
0.9823803553977752,-0.2218152908627514,1.1920203598799546,31.405598855826305,71.0,0.013125271903202,0.0120060269283195,fault4
1.1910724459230204,-0.2324500907555309,1.1276532683811522,32.02321809273338,71.0,0.0114955101434709,0.0116914406060937,fault4
1.0481262217938865,-0.1489649134956258,1.1773846286575915,34.655361754931874,70.0,0.0117727574317472,0.0113355223289449,fault4
1.3771949623300974,0.0029252215697732,1.0817711968148789,33.7785471665636,70.0,0.0118329595063404,0.0125551527505788,fault4
0.9101302525886392,-0.1739583290713733,1.1969677121638562,32.53188926200153,71.0,0.0122613284194478,0.0142469006283167,fault4
1.7295197893013632,-0.2097598140116997,1.1741203211622826,34.11195547696119,71.0,0.0143640485388825,0.0103012757319163,fault4
2.108962472431818,-0.1711061588269154,1.0909383249667917,34.17663135960381,71.0,0.0096849840229935,0.0119853088984918,fault4
0.8919130520934172,-0.2285824441917834,1.0919496934068007,31.270755516800875,71.0,0.0116383387077742,0.0116341623524164,fault4
1.7162771234243626,-0.20072794939534,1.1757203701273249,33.70705321571977,71.0,0.0112817883863501,0.0176568724411542,fault4
1.9206273809817016,-0.2177129835729482,1.1350515716425644,34.110320341972084,71.0,0.0175933178034093,0.0101760836574776,fault4
1.1135226986095788,-0.23822295433307,1.111368064091922,33.1859373985108,71.0,0.0102069621792173,0.0127552257662539,fault4
2.184724832861114,-0.2336480594506569,1.0507162996522643,32.65679646593499,71.0,0.0127202234929294,0.0115574598500792,fault4
2.0394401707757805,-0.2355689254376851,1.1816890567374805,34.61321050657233,71.0,0.0117535679854948,0.0149159231666664,fault4
1.0566195901418522,-0.1676605351066833,1.1006517718386175,32.21271623716248,71.0,0.0145758511373024,0.010708076869523,fault4
2.177398910796438,-0.1742133076018649,1.0524250662673371,32.157673546423105,71.0,0.0105475572507369,0.0111816600366778,fault4
0.888573155476455,-0.2147514421253195,1.1539864643579998,33.27323271933277,71.0,0.0117243573088695,0.0126223708976404,fault4
2.1110168408112866,-0.2309867788685062,1.0646907067947589,34.64597993041179,71.0,0.0129810926192016,0.0142202435958374,fault4
1.918308561282606,-0.2842877994294066,1.069647091531147,32.708101419306544,71.0,0.0145370632916356,0.0106512257816617,fault4
1.638112154004956,-0.2364090191114427,1.067384913656169,33.732702797419606,71.0,0.0106756968911387,0.009796991324333,fault4
0.8937037828014883,-0.1219643050645331,1.1859535411004036,33.22860310083856,71.0,0.0097297225607112,0.0145292848257023,fault4
2.05362378256198,-0.1681784645112808,1.1733156003269851,31.397644306374247,71.0,0.0135259651074293,0.0117194466255277,fault4
0.9431019139208546,-0.1309652589605794,1.1647447081121074,33.72384582651274,71.0,0.0117637182907467,0.012171066654804,fault4
1.3135413085016645,-0.1821479128366444,1.098834779409127,31.810102800678923,71.0,0.0121078116269315,0.0110463037188389,fault4
1.033838895258134,-0.2484663378682669,1.1631642228071712,34.15364251101361,71.0,0.0106222722875505,0.01294113704942,fault4
2.016286616459953,-0.214288769360576,1.115226926713919,31.96804935948123,71.0,0.0129256386080312,0.0140815729833595,fault4
1.2524285523737235,-0.1862719624814353,1.142824150114493,32.354520648200634,70.0,0.0136631684524865,0.0146867743982817,fault4
1.7610067550900246,-0.186731697375712,1.1727906868622135,34.12862815054544,70.0,0.0155977703256937,0.0111976232343104,fault4
1.936683703034678,-0.1389640206844369,1.1765372982111435,32.672775948220654,70.0,0.0116746054851147,0.0122172073606563,fault4
0.8579580822988225,-0.0045335477872161,1.0950893201380207,30.90158668976316,70.0,0.0009535377680335,0.0126163217482132,fault4
1.1937937118905186,-0.2145149997731305,1.1088653153334354,31.628073532090028,70.0,,0.0122193438008821,fault4
2.004010900447901,-0.1801197710670684,1.1987700697931771,32.344319071769,70.0,,0.0124223018623609,fault4
1.2978631078766512,-0.2029342602060727,1.1636975058889605,31.93055407919559,71.0,0.0118076473569704,0.0115525193352013,fault4
1.366442954931815,-0.1849006202135507,1.1084107303970172,30.926489800106644,71.0,0.0116278007281292,0.0144698977123357,fault4
1.558421889190832,-0.1695012955023075,1.1814776775624618,31.48392070247241,71.0,0.0146913074413212,0.0119891224742363,fault4
0.8801462289764268,-0.0728391385386825,1.1525865612531545,33.662553754076725,71.0,0.0115993809273567,0.0145194601697779,fault4
1.3046574273610576,-0.1908137548067693,1.0814867533957724,33.52020988695506,71.0,0.014394488268198,0.0131832446625634,fault4
1.802878649647576,-0.1434158261033868,1.149523283735696,33.75927772250042,71.0,0.0140604197227151,0.0159894514864525,fault4
1.3229011101997352,-0.1760292003450738,1.154237982149679,32.62766229733421,71.0,0.0157403578018604,0.0115278243318137,fault4
1.0546278460231313,-0.1476696019706042,1.0638771354025496,33.03041563018552,71.0,0.011955396650822,0.0130205435287944,fault4
1.856210009255142,-0.2067455984391868,1.145128762757138,33.0653862818872,71.0,0.0123051130510531,0.0114979339542184,fault4
0.9378993817609534,-0.2103165276781036,1.1424128215752265,33.081287242068086,71.0,0.0121165560825726,0.0144546254780955,fault4
0.8913080544663934,-0.1038865176932778,1.104794640289856,34.822625464504426,71.0,0.0149871380005662,0.0147908129522756,fault4
2.182198625834357,-0.2192799653032125,1.0846062235689182,31.85062377338789,71.0,0.0144322878690327,0.013016485908347,fault4
1.7910943872837988,-0.1514040542702004,1.0899616409307316,33.09692899746086,71.0,0.0133582301343951,0.0129827154241941,fault4
0.945357931299931,-0.2784946591819517,1.1057143441708142,33.7724057538985,71.0,0.0129529202034528,0.010526439233913,fault4
1.806482381288263,-0.1501941582703289,1.1611405007479545,33.83107855362965,71.0,0.0104599818462448,0.0166549437771377,fault4
0.8515102563075616,-0.1965633270293394,1.0734699918238253,34.52598691468703,71.0,0.0158085835834899,0.0136566322505734,fault4
1.6943774700618648,-0.1728062478043137,1.165937633780473,34.94898781411526,71.0,0.0136828750706804,0.0145268283589057,fault4
1.2214764819954498,-0.1926546591640871,1.0859007940046552,33.9296914720713,71.0,0.0137984973629698,0.0110322078078915,fault4
0.8426719541613247,-0.1584926395527711,1.139415917261849,32.361286158314584,71.0,0.0107898939536105,0.0188610189589819,fault4
1.618992676169993,-0.1722681320499475,1.0785610275688573,33.83779619539016,71.0,0.0177418826980821,0.0111921826779034,fault4
1.4903706876664815,-0.2102937680330088,1.054039954328409,34.79847091911566,71.0,0.0104860271676725,0.0146432161456462,fault4
2.0252008665470496,-0.24028915950565,1.1215470842589652,33.342340905156775,71.0,0.0136511999648267,0.0117371556192696,fault4
1.2842106579845722,-0.0261535367102982,1.181451155881076,33.26216829092825,71.0,0.0111372641171069,0.0185072059704293,fault4
1.3505948019558809,-0.1952370491525744,1.1741099953876264,31.6295322669922,71.0,0.0186687015250553,0.0117752195229598,fault4
1.170132578689865,-0.2395886210371117,1.1738412786104866,33.289082852523435,71.0,0.0121857492052513,0.0161130756843964,fault4
1.977871456215012,-0.1803299728830353,1.1442550038123187,31.934721270335963,71.0,0.0162976694909558,0.0113283363774592,fault4
2.191170454103444,-0.1891055053690113,1.155344011537511,32.27727536315501,70.0,0.0113976389029674,0.0124203199183952,fault4
2.075237241064676,-0.2137347285650597,1.1038216897646682,32.84285299680909,71.0,0.0122583450495715,0.0156973057827082,fault4
0.8322926808306377,-0.1392524131930241,1.0947128339230183,31.182377464737957,71.0,0.0148667846256834,0.0140373711371449,fault4
2.102479572072358,-0.1966890826229544,1.133472366802324,32.4556613610474,71.0,0.0144378131805011,0.0118909133383317,fault4
1.8564930859318505,-0.1138611917374079,1.0891327001641435,33.97660151107329,71.0,0.0116173370703082,0.0125767137421531,fault4
1.0340589357946657,-0.1309647681531204,1.135155707630979,31.856261310305104,71.0,0.0126795958573073,0.012945941815989,fault4
1.759941918470507,-0.126367492722133,1.081167154585555,31.92947788893805,71.0,0.0130975558020703,0.0139553875158188,fault4
1.0748962844710936,-0.1439037562426325,1.1021523517787748,33.63752993410789,70.0,0.0140392426979575,0.0137540698422,fault4
0.9380138827984196,-0.2417388575963339,1.1375845288354864,33.27346177687832,71.0,0.01312457282767,0.012633521095733,fault4
1.4260025053251617,-0.2031355690997383,1.1658217535518736,34.68151109371771,71.0,0.0120483528109789,0.0120391772837927,fault4
1.0256634826692703,-0.206300943623731,1.0892091081003596,33.39693795909659,71.0,0.0128093471296236,0.0119773699450223,fault4
1.9519906165774028,-0.09336832247606,1.1419202192112468,31.257267282061864,71.0,0.0110343677648997,0.0163146625241176,fault4
1.5758773246455793,-0.155873192388283,1.111309927217424,34.068223781017295,71.0,0.0156083643612641,0.0121734407554017,fault4
1.326786751923147,-0.1688470612240633,1.095230932164083,34.25463719468443,71.0,0.0126846703749708,0.0131428621502987,fault4
2.0358628632507094,-0.1685099046369179,1.1439960773913231,32.13845591229778,71.0,0.0133704307560697,0.0114913003052485,fault4
1.993777466905413,-0.1871049751100761,1.06448996650719,31.22876484896501,71.0,0.0117346126601227,0.0172669612348155,fault4
1.2514608419289222,-0.2318335795715774,1.11405846796248,33.87337309833812,71.0,0.0178182172494446,0.0107529767642273,fault4
2.157719355062077,-0.1731942119401166,1.110537675568371,32.648926159228026,71.0,0.0104059813042624,0.0150997693461361,fault4
1.4156845732457646,-0.197908727272359,1.0815270895362772,32.49465825010916,71.0,0.0146221992550174,0.0113843288258254,fault4
1.9476558828085992,-0.174605756932824,1.177905548319442,32.93633411529653,71.0,0.0108892216211369,0.0191208796533886,fault4
1.236696250620123,-0.1832284169301773,1.14772195304118,31.756095788504823,71.0,0.0179992504518407,0.0112179175404245,fault4
0.9093537269082314,-0.1708054983022214,1.131861574453445,32.25141325388474,71.0,0.0108939426639147,0.0148104405184405,fault4
2.1059448246871275,-0.1931823324787145,1.0699326373188487,33.05835873579516,71.0,0.0150353042340828,0.0110763234990667,fault4
1.733026744702842,-0.1908664588536564,1.051264491360809,33.16530086768628,71.0,0.0116420489385382,0.0188606503792795,fault4
1.0664576609734062,-0.0987335475296719,1.0531721259383702,33.39689233762885,71.0,0.0171692681788047,0.0108440699266015,fault4
2.0972693156252964,-0.195402102436224,1.1422869578549115,34.78653448445823,71.0,0.0107647424282252,0.0151775113404882,fault4
1.071922775957416,-0.1796046904678335,1.177906497818614,34.73291267151567,71.0,0.0156535011514925,0.0135871812133821,fault4
1.0476781857844544,-0.1007150329464807,1.086399978440656,34.106486256914,71.0,0.013779824479437,0.0144173635739381,fault4
1.6821972789877802,-0.1823493893213491,1.051024976947898,33.55542847171065,71.0,0.0136856795022273,0.0111940377851764,fault4
2.205197285364144,-0.1496629253414505,1.0707234015394316,31.57839224001636,71.0,0.011793732619895,0.0135374190567157,fault4
2.1301580430584903,-0.1878910553242564,1.114725252083727,33.952813864626386,71.0,0.0132987840020853,0.0148666479349185,fault4
0.8730751558286778,-0.1896109136434451,1.1321117201688422,31.57793019171673,71.0,0.0146104549618704,0.0128965876291873,fault4
2.1828098096377104,-0.1917555043245521,1.1360311135744443,33.836095293750724,71.0,0.0131810530663109,0.0129738718398659,fault4
0.9467834586235516,-0.2347070774458297,1.1348853046795049,31.357785012723788,71.0,0.0130482494641089,0.0128398100172627,fault4
2.026228824806928,0.014056202362226,1.1234566202944691,34.86943705733034,71.0,0.0130254922346452,0.0158842867655951,fault4
1.1014292289909398,-0.1232913723296678,1.1697171702740734,30.705733126389838,72.0,0.0004676642987763,0.0066656424548574,fault4
1.3611420507897087,-0.2378635239589904,1.1727132428017684,33.66141015388463,72.0,,0.006788162148172,fault4
1.7996372734436654,-0.2077118336637676,1.15877542933834,33.52520928672168,72.0,0.0069352919867578,0.0060024705597607,fault4
1.070012428060573,-0.1552877138593443,1.134974164755086,30.670865117885963,72.0,0.0062070003369209,0.0067254799596881,fault4
1.679730700956767,-0.1812186266998601,1.1954056055905051,33.145315238602905,72.0,0.0060214692459791,0.0059805545950597,fault4
1.0339388708649753,-0.1685613769733884,1.1716431402939624,32.49391734789708,73.0,0.0055386775380148,0.008275491543614,fault4
2.1283468554581804,-0.15702376413708,1.1441406922915918,31.3921878299002,73.0,0.0083285352076191,0.006492117445199,fault4
1.7345681356361082,-0.2244211618586489,1.195845295954482,31.97929349439712,73.0,0.0069046421136353,0.0094460794955768,fault4
2.0809887629695534,-0.1768419993859716,1.1535705040825075,31.222968924333472,73.0,0.0091696578831538,0.0065469737653456,fault4
1.7740771134297737,-0.1985316639226368,1.194771483381905,30.824738491569818,72.0,0.0068499152608469,0.0070099036790864,fault4
2.178520510006301,-0.2212375725919287,1.0982413033906495,32.54830021804787,72.0,0.0066422808387193,0.0119306227804421,fault4
1.8765694756011004,-0.1237117634267814,1.1466474831967213,30.11681532035361,72.0,0.0117979649469995,0.00714217421559,fault4
1.4595798484449949,-0.2999889436239182,1.1055613325044833,31.28385468956061,73.0,0.0068624784195086,0.0064919996920047,fault4
2.122945330806182,-0.1767709299256352,1.099816757377757,30.977154001695176,73.0,0.0063343876522334,0.0062891915146885,fault4
1.1159268313191693,-0.1769568901279448,1.1653246395518229,31.19805208424081,72.0,0.0062593085830777,0.0055360449880243,fault4
0.892658378324543,-0.1576739086717282,1.1921142195083532,31.321399775560604,72.0,0.0054920436145283,0.0048368234623761,fault4
1.4415871481681737,-0.1022655152033791,1.075949990343676,33.09104015120028,68.0,0.0009611158900902,0.0128776175976923,fault4
1.7090823037014349,-0.1990100070315634,1.0758481979736891,33.04084438225119,68.0,,0.0086361592603827,fault4
1.2245709922385088,-0.214115976418509,1.1255858129677456,30.21766146775978,68.0,0.0087410121799344,0.0108546247795145,fault4
1.9825813570689863,-0.2434090902198417,1.078765074455231,30.86680809118617,69.0,0.0108302415267066,0.0082712165492377,fault4
1.4652708302556596,-0.2236424955421826,1.193369854798112,30.276320686177076,69.0,0.0083515938975892,0.0085657475407257,fault4
1.1340088758114664,-0.2207604988327773,1.0756857936096025,33.82895911153127,69.0,0.0090452104642931,0.0084521305399482,fault4
2.134857182560612,-0.2739155226299234,1.0663554174235514,34.401119792609244,69.0,0.0091143457671414,0.0085765149050916,fault4
1.1397468875621175,-0.0723947271659226,1.1505268464902427,33.962022626575866,69.0,0.0088767692753595,0.010586487884349,fault4
2.2344522604923056,-0.2039954472748068,1.122413529917392,34.18254510224375,69.0,0.010011625970573,0.0080171025165168,fault4
1.3493571156806572,-0.1507563140821539,1.108593090404172,34.38562203976412,69.0,0.0089447746099966,0.0132253251585782,fault4
1.834194961088784,-0.163080563832219,1.0873903023326084,34.782981036516986,69.0,0.0124259794266929,0.0081874212263128,fault4
1.1088020728129533,-0.1188355866456922,1.054245367163016,31.284834016007395,69.0,0.0082852117806549,0.0119578110211399,fault4
2.020966418525233,-0.1773773870711392,1.1428848111063343,32.184600070914136,69.0,0.0115739751776007,0.009167842238576,fault4
1.8154076924914389,-0.1177052749143895,1.1229087841027718,32.33654393603873,69.0,0.0094162293012956,0.0107328881749408,fault4
0.8956550836429811,0.0542871363654049,1.1687420050344075,32.478477604178025,69.0,0.0106665972598436,0.010141349854997,fault4
1.7358754401434873,-0.2228272695541056,1.1726327931335014,32.555476090103255,69.0,0.0099763595290506,0.0107730840438753,fault4
1.1359709519568717,-0.2143283500698909,1.1705974965871475,32.7054259600783,69.0,0.0106728221737673,0.0105871889233675,fault4
1.9626052896209296,-0.1587746268604987,1.0788172107772585,34.412675089376066,69.0,0.0109978390377958,0.0094554334411417,fault4
1.7706995453404824,-0.1894165260119187,1.125943503181033,32.24725506304921,69.0,0.0095649623783424,0.0108996843265651,fault4
0.89172166903988,-0.1912837906701284,1.1489101671197457,32.63886777044173,69.0,0.0106896436982252,0.0080596974576681,fault4
2.184081827366864,-0.1249178816035286,1.0592380082182302,31.521332451009098,69.0,0.0087518912604598,0.0097848514883918,fault4
0.968525965875942,-0.2723826019861324,1.1548406581637511,32.79048648445851,69.0,0.0093843665040134,0.0086048190637901,fault4
2.1622873061158963,-0.2023180593439129,1.1374624095317414,31.05581409666663,69.0,0.0089472513108003,0.009629786244365,fault4
2.1489325255091023,-0.2213444865562084,1.1684601777259822,34.13314122692901,69.0,0.0096904978717729,0.0115831602526957,fault4
1.1882987044116915,-0.2484800923164074,1.1891078687218537,33.6881712631495,69.0,0.01219860515675,0.0102750640562126,fault4
1.0104694784116586,-0.2352414545160001,1.1962011814094775,32.0086633392946,69.0,0.0105403090613414,0.0151725408872815,fault4
1.115150018003333,-0.2166968544744299,1.1804412658115693,34.803260997781955,69.0,0.0138919615519821,0.0099694060190176,fault4
0.9189088355890208,-0.21300544651851,1.0863149138193224,31.766312232938144,69.0,0.0101882331829456,0.0118440206086823,fault4
1.7786440131160566,-0.1784034303226777,1.1890811503737355,34.18372179197116,69.0,0.0114596088254547,0.0122977934477345,fault4
1.9458990504056684,-0.2401736135666269,1.1549301535270529,31.253203043641584,69.0,0.0118382868972278,0.0119257555039289,fault4
1.267801888388944,-0.2156590968988841,1.11911792005045,32.54496074546546,69.0,0.01210969076999,0.0146955037521121,fault4
1.5532449165339464,-0.1755146169982431,1.092670952327382,31.116900307347105,69.0,0.0135153817841687,0.0098890410168278,fault4
1.4616294004353203,-0.1979913139160615,1.0840554391823432,32.85698327092494,69.0,0.0097665919387051,0.0117240120414338,fault4
1.5571483290983852,-0.1919837372600981,1.087058557231222,34.805083410920496,69.0,0.0109068284363915,0.0113874491620002,fault4
1.8585664828165325,-0.2062031229631867,1.1442490148357638,32.404855810957926,69.0,0.0107904029353422,0.0110017332148076,fault4
1.3009203188210947,-0.1881930495209685,1.088979080222501,32.56869060535848,69.0,0.0100419170689071,0.0115420567051526,fault4
1.964251376548008,-0.2146824215811942,1.0695493648077596,31.47736949874223,69.0,0.0114394173023036,0.0093360207759638,fault4
1.074079314458666,-0.211770199293194,1.0821291557378594,34.03211935634048,69.0,0.0091155652648434,0.013243711169824,fault4
1.0875859770275849,-0.2206840030527655,1.153547837477187,33.53165847317336,69.0,0.012789088047497,0.008729308997992,fault4
1.1999442934226054,-0.245338143831375,1.1809999188875766,31.863548104300115,69.0,0.0089814461878571,0.0113694142213599,fault4
1.3381017767489596,0.0841697045517137,1.1416589307005804,31.94290809242541,69.0,0.0112951539212436,0.0089021994196558,fault4
2.0979015689413583,-0.1759284593619789,1.0581871661195938,34.000812274760406,68.0,0.0087349956713993,0.0115313952343317,fault4
1.1197790242437524,-0.2519707874617534,1.198520063433775,33.04566762848779,69.0,0.0117704656284346,0.0100834849033996,fault4
1.103575305681736,-0.1882998516322149,1.1066540375666702,34.341663303570144,69.0,0.0106006500403651,0.0113018693807238,fault4
2.0587684097902006,-0.2626248505079521,1.0796945952850503,34.54097531738451,69.0,0.0110341149144396,0.0089008180729858,fault4
1.3980420558096192,-0.2797697273035496,1.0696493577746689,31.10281723183742,69.0,0.0094255680447148,0.0125482642898,fault4
1.959994522182417,-0.208204309813586,1.0934856863914366,33.376805115721695,69.0,0.012445047779841,0.0094988691286929,fault4
0.9811812372820712,-0.2215055377964206,1.0854237563507323,31.926252457809145,69.0,0.0093464591519342,0.0123011134987573,fault4
0.877735460089991,-0.1905210043191852,1.0852839048582723,32.559678619906585,69.0,0.0126391267736879,0.0104238724382159,fault4
1.698642582659005,-0.1658693728174221,1.199170959968353,31.6238020751219,69.0,0.0111423433527621,0.0111781793159066,fault4
1.2111672932701048,-0.210719783187515,1.1768065385306854,33.326998537931416,69.0,0.0109977996315114,0.0108154393386642,fault4
2.0690111378073643,-0.1885375205722077,1.0752657988210417,32.420523062552256,69.0,0.0108054174094021,0.0095575061887708,fault4
0.9042094698244278,-0.0205507301265328,1.0576794240209673,31.775243724818427,69.0,0.0093398524172036,0.0111697565388919,fault4
2.183427609557463,-0.2070794607944857,1.1478568580620363,33.009799054753266,69.0,0.0107336550608517,0.0096372266947766,fault4
1.3242811329777675,-0.1340212604375352,1.0937201935986287,33.01575621434218,69.0,0.0089863787290422,0.0104368144533318,fault4
1.7659009569469786,-0.1396687786170411,1.0926787894763657,31.752550297401196,69.0,0.0098804912490337,0.0097757897655509,fault4
1.9728600665156624,-0.1517009996039298,1.185221210036354,31.653582496190907,69.0,0.0094639584058469,0.0095522929605705,fault4
1.500118432859174,-0.1755743917211921,1.0723587378224002,32.37422483572649,69.0,0.0098899934524274,0.0094183782270432,fault4
2.16456326632413,-0.1577394695225445,1.1784020388145773,34.03967372922088,69.0,0.0094022127858397,0.0101395111724302,fault4
1.0031250254831243,-0.2201810642434891,1.1234674239108835,33.38753901000443,69.0,0.0102393955008653,0.0082638298872236,fault4
2.133435511571196,-0.1741801773454147,1.1234336931367332,31.01273144451079,69.0,0.0082423536323041,0.0105476367076048,fault4
1.96412546046799,-0.2045186725876574,1.093208835092431,33.02968424177429,69.0,0.009904564161189,0.0083505949471075,fault4
0.905876000766405,-0.1999154738508757,1.134476157992049,33.52512790747612,68.0,0.008672148389847,0.008861515118041,fault4
1.1485870963399554,-0.1325272448028249,1.1907603768438757,34.851354726049905,69.0,0.0092924537474247,0.013220832475596,fault4
